OpenTDB Trivia Questions — 5248 verified,,,,,,,,
,,,,,,,,
#,Category,Difficulty,Type,Question,Correct Answer,Incorrect 1,Incorrect 2,Incorrect 3
1,Science & Nature,Medium,Multiple Choice,"Along with Oxygen, which element is primarily responsible for the sky appearing blue?",Nitrogen,Helium,Carbon,Hydrogen
2,Geography,Medium,Multiple Choice,How many provinces are in the Netherlands?,12,14,10,13
3,Geography,Hard,Multiple Choice,Santorini is an island belonging to what European Country?,Greece,Italy,Spain,
4,Entertainment: Video Games,Medium,True / False,"The scrapped Sonic the Hedgehog 2 level ""Hidden Palace Zone"" was later reused in the iOS port of the game. ",True,False,,
5,Entertainment: Video Games,Medium,Multiple Choice,Which genre is the Touhou Project associated with?,Shoot 'em up (bullet-hell) & Fighting,Turn-Based Strategy,MMORPG,Building 
6,Entertainment: Music,Easy,Multiple Choice,Which of these is the name of a song by Tears for Fears?,Shout,Scream,Yell,Shriek
7,Art,Hard,True / False,Ancient Greek and Roman sculptors often colored their statues.,True,False,,
8,Sports,Medium,Multiple Choice,Which football manager won more trophies than any other during his tenure at English football club Manchester United?,Sir Alex Ferguson,David Moyes,Louis van Gaal,José Mourinho
9,Geography,Medium,Multiple Choice,"Colchester Overpass, otherwise known as ""Bunny Man Bridge"", is located where?","Fairfax County, Virginia","Medford, Oregon","Braxton County, Virgina","Lemon Grove, California"
10,Science: Computers,Easy,Multiple Choice,What amount of bits commonly equals one byte?,8,1,2,64
11,Science & Nature,Hard,Multiple Choice,How many types of quarks are there in the standard model of physics?,6,2,3,4
12,Geography,Easy,Multiple Choice,"Which of these African countries list ""Spanish"" as an official language?",Equatorial Guinea,Guinea,Cameroon,Angola
13,Entertainment: Board Games,Hard,Multiple Choice,"In Magic: The Gathering, what was a tribute card to Jamie Wakefield's late wife Marilyn, who loved horses?",Timbermare,Loyal Pegasus,Vryn Wingmare,Sungrace Pegasus
14,History,Medium,True / False,Augustus was the cousin of Julius Caesar. ,False,True,,
15,Entertainment: Video Games,Medium,Multiple Choice,"In the ""S.T.A.L.K.E.R."" series, which of these items can't be used to lower the player's accumulated radiation?",Radioprotectant,Anti-rad,Medkit,Vodka
16,Entertainment: Music,Medium,True / False,EDM label Monstercat signs tracks instead of artists.,True,False,,
17,Science & Nature,Medium,Multiple Choice,The human right lung has how many lobes?,3,4,2,1
18,Entertainment: Music,Medium,True / False,"Scottish producer Calvin Harris is from the town of Dumfries, Scotland.",True,False,,
19,Entertainment: Video Games,Easy,Multiple Choice,"What is the Alien Race in the game ""Lego Racers 2"" known as?",Ramas,Slizers,Roboriders,Turagas
20,History,Medium,Multiple Choice,How many years did the Hundred Years' War last?,116,100,90,101
21,General Knowledge,Easy,Multiple Choice,"If you are traveling at a speed of 80 mph, how long will it take you to drive 80 miles?",60 minutes,90 minutes,30 minutes,50 minutes
22,Entertainment: Books,Medium,Multiple Choice,What is the name of the author of book series 'Percy Jackson'?,Rick Riordan,J.K. Rowling,Sandra Bullock ,Roald Dahl
23,Entertainment: Film,Hard,Multiple Choice,Which was the first of Alfred Hitchcock's movies to be filmed in colour?,Rope,Psycho,Vertigo,Rebecca
24,General Knowledge,Medium,Multiple Choice,"The lesser-known continuation of the saying ""Curiosity killed the cat..."" is:","""...but satisfaction brought it back.""","""...and the silent mouse remained thereat.""","""...which taught it not to do that.""","""...but death by the truth is better than ignorance."""
25,Entertainment: Video Games,Hard,Multiple Choice,"In the book & video game Metro 2033, which Moscow Metro station is the main character Artyom's home station?",VDNKh,Prospekt Mira,Kitay-Gorod,Botanichesky Sad
26,Entertainment: Film,Medium,Multiple Choice,"What is the name of the character Nicolas Cage plays in the movie ""National Treasure?""",Benjamin Franklin Gates,Thomas Jefferson Walker,George Washington Swanson,John Quincy Beckett
27,Entertainment: Video Games,Easy,Multiple Choice,Which of 2 Valve Games are set in the same universe?,Half-life and Portal,Portal and Left 4 Dead,Half-life and Left 4 Dead,Half-life and Counter Strike
28,Politics,Hard,Multiple Choice,Which major bank's collapse was notable as one of the causes of the Financal Crisis of 2008?,Lehman Brothers,HSBC,Barclays,Lloyds
29,Science & Nature,Hard,Multiple Choice,"""The Big Bang Theory"" was first theorized by a priest of what religious ideology?",Catholic,Christian,Jewish,Islamic
30,Entertainment: Video Games,Easy,Multiple Choice,What color is the iconic arcade character Q*Bert?,Orange,Blue,Green,Brown
31,Entertainment: Video Games,Medium,Multiple Choice,"In ""Warhammer: End Times - Vermintide"", what is the name of the rat faction you fight in the game?",Skaven,Ratmen,The Horde,Chaos
32,Mythology,Easy,Multiple Choice,What mytological creatures have women's faces and vultures' bodies?,Harpies,Mermaids,Nymph,Lilith
33,Science & Nature,Medium,Multiple Choice,What is radiation measured in?,Gray ,Watt,Decibel,Kelvin
34,General Knowledge,Easy,Multiple Choice,What is the first book of the Old Testament?,Genesis,Exodus,Leviticus,Numbers
35,Entertainment: Japanese Anime & Manga,Easy,Multiple Choice,What is Gatomon's name in the original Japanese version of Digimon Adventure?,Tailmon,Pawmon,Catmon,Nekomon
36,Science & Nature,Easy,Multiple Choice,How many planets are in our Solar System?,Eight,Nine,Seven,Ten
37,Geography,Medium,True / False,You could walk from Norway to North Korea while only passing through Russia.,True,False,,
38,Vehicles,Medium,True / False,The Chevrolet Corvette has always been made exclusively with V8 engines only.,False,True,,
39,Entertainment: Video Games,Medium,Multiple Choice,"In Minecraft, which of these ingredients is needed to brew a Potion of Water Breathing?",Pufferfish,Ink sac,Pumpkin,Fishing rod
40,Entertainment: Video Games,Medium,True / False,"In ""Call Of Duty: Zombies"", you can upgrade the ""Apothicon Servant"" in the ""Shadows Of Evil"" map.",False,True,,
41,Entertainment: Video Games,Medium,Multiple Choice,"In ""Overwatch"", how much health does Roadhog's ""Take a Breather"" ability recover?",300,100,200,400
42,Entertainment: Musicals & Theatres,Medium,Multiple Choice,"The Andrew Lloyd Webber musical ""Cats"" is based off a book of poems written by which author?",T.S. Elliot,Andrew Lloyd Webber,Emily Dickenson,Robert Frost
43,Entertainment: Video Games,Medium,Multiple Choice,"Which of these features was added in the 1994 game ""Heretic"" that the original ""DOOM"" could not add due to limitations?",Looking up and down,Increased room sizes,Unlimited weapons,Highly-detailed textures
44,Science: Mathematics,Easy,Multiple Choice,What prime number comes next after 19?,23,25,21,27
45,Entertainment: Video Games,Medium,Multiple Choice,"In the video game ""Pizza Tower"", what is the protagonist's name?",Peppino,Pastachio,Pepper,Spinachio
46,Science: Computers,Medium,Multiple Choice,What is the name of the default theme that is installed with Windows XP?,Luna,Neptune,Whistler,Bliss
47,Entertainment: Video Games,Easy,True / False,Rebecca Chambers does not appear in any Resident Evil except for the original Resident Evil and the Gamecube remake.,False,True,,
48,Mythology,Medium,True / False,"According to Norse mythology, Loki is a mother.",True,False,,
49,Entertainment: Video Games,Medium,Multiple Choice,Which franchise had a special event hosted in the popular MMORPG Final Fantasy XIV: A Realm Reborn?,Yo-kai Watch,Pokémon,Yu-gi-oh,Buddyfight
50,Entertainment: Books,Easy,Multiple Choice,"What was the name of Captain Nemo's submarine in ""20,000 Leagues Under the Sea""?",The Nautilus,The Neptune,The Poseidon  ,The Atlantis
51,Entertainment: Music,Hard,Multiple Choice,Which member of the Wu-Tang Clan had only one verse in their debut album Enter the Wu-Tang (36 Chambers)?,Masta Killa,Method Man,Inspectah Deck,GZA
52,Science & Nature,Hard,Multiple Choice,Which moon is the only satellite in our solar system to possess a dense atmosphere?,Titan,Europa,Miranda,Callisto
53,Entertainment: Board Games,Easy,Multiple Choice,"When was the board game Twister, released to the public?",April 1966,September 1965,January 1969,February 1966
54,Entertainment: Video Games,Easy,Multiple Choice,"In the game Half-Life, which enemy is showcased as the final boss?",The Nihilanth,Dr. Wallace Breen,G-Man,The Gonarch
55,Entertainment: Video Games,Hard,Multiple Choice,"What is the default name of the Vampire character in ""Shining Soul 2"".",Bloodstar,Sachs,Dracuul,Alucard
56,History,Hard,Multiple Choice,The assassination of which royal led to the start of World War I?,Archduke Franz Ferdinand,Louis Mountbatten,King Charles I,Nicholas II
57,Entertainment: Video Games,Medium,Multiple Choice,"In Fallout: New Vegas, upon starting each one of the four campaign DLCs, which one of them does not have a warning screen/recommended level? ",Honest Hearts ,Old World Blues,Lonesome Road,Dead Money
58,Entertainment: Music,Medium,Multiple Choice,Which one of these rappers is NOT a member of the rap group Wu-Tang Clan?,Dr.Dre,Ol' Dirty Bastard,GZA,Method Man
59,Sports,Medium,Multiple Choice,Which Formula One driver was nicknamed 'The Professor'?,Alain Prost,Ayrton Senna,Niki Lauda,Emerson Fittipaldi
60,History,Hard,True / False,The Emus won the Great Emu War of 1932.,True,False,,
61,Entertainment: Television,Easy,Multiple Choice,"In AMC's TV Series ""The Walking Dead"" what are ""Zombies"" referred to as?",Walkers,Creepers,Maggots,Hell Pigs
62,Geography,Medium,Multiple Choice,What is the capital of Laos?,Vientiane,Tarawa,Vaduz,Tegucigalpa
63,General Knowledge,Easy,Multiple Choice,"In ""Shrek"", what comedic actor voices Donkey?",Eddie Murphy,Chris Rock,Richard Pryor,Bernie Mac
64,Science & Nature,Hard,Multiple Choice,What is the molecular formula of Ozone?,O3,C6H2O6,N2O,SO4
65,Science: Computers,Medium,True / False,"FLAC stands for ""Free Lossless Audio Condenser""'",False,True,,
66,Science & Nature,Medium,True / False,"Scientists accidentally killed the once known world's oldest living creature, a mollusc, known to be aged as 507 years old.",True,False,,
67,History,Medium,Multiple Choice,In what year was the famous 45 foot tall Hollywood sign first erected?,1923,1903,1913,1933
68,Vehicles,Medium,Multiple Choice,Which of the following countries has officially banned the civilian use of dash cams in cars?,Austria,United States,Czechia,South Korea
69,Art,Easy,Multiple Choice,Which Van Gogh painting depicts the view from his asylum in Saint-Rémy-de-Provence in southern France?,The Starry Night,Wheatfields with Crows,The Sower with Setting Sun,The Church at Auvers
70,Entertainment: Japanese Anime & Manga,Medium,Multiple Choice,Which JoJo's Bizarre Adventure character possesses the Stand named Silver Chariot?,Jean Pierre Polnareff,Noriaki Kakyoin,Hol Horse,Hermes Costello
71,Politics,Medium,Multiple Choice,Who was the 40th President of the USA?,Ronald Reagan,Jimmy Carter,Bill Clinton,Richard Nixon
72,Science: Mathematics,Medium,Multiple Choice,What is the derivative of sin(x),cos(x),csc(x),-cos(x),-sin(x)
73,Entertainment: Music,Easy,Multiple Choice,What is the best selling album of all time from 1976 to 2018?,Thriller,Back in Black,Abbey Road,The Dark Side of the Moon
74,Geography,Easy,True / False,Nova Scotia is on the east coast of Canada.,True,False,,
75,Science & Nature,Medium,Multiple Choice,Which chemical element was originally known as Alabamine?,Astatine,Selenium,Antimony,Molybdenum
76,Entertainment: Music,Medium,Multiple Choice,"What year was Red Hot Chill Pepper's album ""Californication"" released?",1999,1997,2000,1992
77,General Knowledge,Easy,Multiple Choice," Which chemical element, number 11 in the Periodic table, has the symbol Na?",Sodium,Carbon,Lead,Nitrogen
78,Entertainment: Books,Hard,Multiple Choice,"Who wrote the novel ""Moby-Dick""?",Herman Melville,William Golding,William Shakespeare,J. R. R. Tolkien
79,History,Easy,Multiple Choice,What year did the Titanic sink?,1912,1930,1917,1941
80,Entertainment: Board Games,Easy,Multiple Choice,Which one of these is not a real game in the Dungeons & Dragons series?,Extreme Dungeons & Dragons,Advanced Dungeons & Dragons,Dungeons & Dragons 3.5th edition,Advanced Dungeons & Dragons 2nd edition
81,Entertainment: Video Games,Hard,True / False,"The first ""Metal Gear"" game was released for the PlayStation 1.",False,True,,
82,Entertainment: Music,Medium,Multiple Choice,Who was walking like an Egyptian in 1981?,The Bangles,R.E.M.,The Ocean Blue,The Connells
83,Entertainment: Film,Medium,Multiple Choice,"In the 2002 film ""Kung Pow! Enter the Fist"", Master Pain changes his name to what?",Betty,Sally,Amy,Kitty
84,Entertainment: Video Games,Medium,Multiple Choice,Who is the English voice actor for Sora from the Kingdom Hearts series?,Haley Joel Osment,Kōki Uchiyama,Jesse McCartney,Miyu Irino
85,Entertainment: Japanese Anime & Manga,Hard,Multiple Choice,"Which animation studio animated ""Psycho Pass""?",Production I.G,Kyoto Animation,Shaft,Trigger
86,History,Easy,Multiple Choice,In which year was Nelson Mandela released from prison,1990,1994,1992,1980
87,Entertainment: Board Games,Medium,True / False,Wooden molding scraps were used to make the original Monopoly houses and hotels.,True,False,,
88,Art,Hard,Multiple Choice,"When was Salvador Dali's painting, ""The Persistence of Memory,"" completed?",1931,1932,1929,1934
89,Geography,Easy,True / False,"There is an island in Japan called Ōkunoshima, A.K.A. ""Rabbit Island"", so named because of it's huge population of rabbits.",True,False,,
90,Celebrities,Easy,Multiple Choice,What was James Coburn's last film role before his death?,American Gun,Monsters Inc,Texas Rangers,Snow Dogs
91,Science: Computers,Hard,Multiple Choice,What was the name of the security vulnerability found in Bash in 2014?,Shellshock,Heartbleed,Bashbug,Stagefright
92,Entertainment: Film,Easy,Multiple Choice,"In the Super Mario Bros. Movie (2023), who plays Toad?",Keegan-Michael Key,Seth Rogan,Charlie Day,Jack Black
93,Entertainment: Television,Medium,Multiple Choice,Cesar Romero played which iconic Batman villain from the 1960's TV show?,The Joker,The Penguin,The Riddler,Mr. Freeze
94,Mythology,Easy,True / False,"According to Greek Mythology, Zeus can control lightning.",True,False,,
95,Entertainment: Video Games,Easy,True / False,"In the Monster Hunter Series, it is possible to capture Elder Dragons.",False,True,,
96,Entertainment: Video Games,Hard,Multiple Choice,When was Minecraft 1.0 released?,"November 18, 2011","May 17, 2009","December 10, 2014","September 13, 2012"
97,Entertainment: Video Games,Medium,Multiple Choice,Which survivor in Left 4 Dead sacrificed themself to save the other survivors?,Bill,Louis,Francis,Zoey
98,Science: Computers,Hard,Multiple Choice,Which of these Cherry MX mechanical keyboard switches is both tactile and clicky?,Cherry MX Blue,Cherry MX Black,Cherry MX Red,Cherry MX Brown
99,Science & Nature,Medium,Multiple Choice,Au on the Periodic Table refers to which element?,Gold,Silver,Oxygen,Nickel
100,Entertainment: Musicals & Theatres,Easy,Multiple Choice,"Who wrote the award winning musical ""In The Heights""?",Lin-Manuel Miranda,Steven Sondheim,Francis Scott Key,John Phillips Sousa
101,Science & Nature,Hard,Multiple Choice,What genetic disease is caused by having an extra Y chromosome (XYY)?,Jacob's Syndrome,Klinefelter's Syndrome,Turner's Syndrome,Down Syndrome
102,Entertainment: Video Games,Easy,Multiple Choice,Which company is the one responsible for creating the strategy videogame Stellaris?,Paradox Development Studio,Overkill Software,Tripwire Interactive LLC,Ensemble Studios
103,Entertainment: Video Games,Medium,True / False,"The first PlayStation console was released in the USA on December 3rd, 1994.",False,True,,
104,Entertainment: Music,Medium,Multiple Choice,Which of the following music bands is not from Finland?,Sabaton,Apocalyptica,Waltari,Lordi
105,Entertainment: Books,Easy,True / False,"Shub-Niggurath is a creature that was created by J. R. R. Tolkien in his novel ""The Lord of The Rings"".",False,True,,
106,History,Easy,Multiple Choice,What year did World War II end?,1945,1943,1947,1950
107,Entertainment: Video Games,Medium,Multiple Choice,What was the #1 selling game on Steam by revenue in 2016?,Sid Meier's Civilization VI,Grand Theft Auto V,Counter Strike: Global Offensive,Dark Souls III
108,Entertainment: Video Games,Medium,Multiple Choice,What was the first PlayStation game to require the use of the DualShock controller?,Ape Escape,Metal Gear,Tekken ,Tomba 2!
109,Entertainment: Comics,Easy,Multiple Choice,Which superhero is known for his super speed?,Flash,Superman,Batman,Spiderman
110,General Knowledge,Medium,Multiple Choice,"Out of these four buildings, which one is the tallest, with a height of 1,483 ft (451.9 m)?","Petronas Twin Towers, Malaysia","Zifeng Tower, China","Trump Intl. Hotel & Tower, United States","Al Hamra Tower, Kuwait"
111,General Knowledge,Medium,True / False,An eggplant is a vegetable.,False,True,,
112,Entertainment: Film,Medium,Multiple Choice,"What city did the monster attack in the film, ""Cloverfield""?","New York, New York","Las Vegas, Nevada","Chicago, Illinois","Orlando, Florida"
113,Celebrities,Easy,Multiple Choice,By which name is Ramon Estevez better known as?,Martin Sheen,Charlie Sheen,Ramon Sheen,Emilio Estevez
114,Science & Nature,Hard,True / False,It was once believed that injecting shark cartilage into people would prevent them from contracting cancer.,True,False,,
115,Entertainment: Video Games,Easy,Multiple Choice,"What is the name of the world that the MMO ""RuneScape"" takes place in?",Gielinor,Glindor,Azeroth,Zaros
116,History,Easy,True / False,The Cold War ended with Joseph Stalin's death.,False,True,,
117,Geography,Medium,Multiple Choice, What is the only nation that borders both Uruguay and Venezuela?,Brazil,Mexico,Chile,Panama
118,Entertainment: Cartoon & Animations,Medium,True / False,Nickelodeon rejected the pilot to Adventure Time.,True,False,,
119,Entertainment: Television,Easy,True / False,"In ""Star Trek"", Klingons are aliens.",True,False,,
120,Entertainment: Music,Medium,Multiple Choice,Who was the lead singer and frontman of rock band R.E.M?,Michael Stipe,Chris Martin,Thom Yorke,George Michael
121,Entertainment: Film,Easy,Multiple Choice,"What movie starring Bruce Willis contains the line ""I see dead people""? ",The Sixth Sense,The Fifth Element,Die Hard,Armageddon
122,Geography,Easy,True / False,Alaska and Hawaii are the only US states that have their own timezones.,True,False,,
123,History,Medium,Multiple Choice,When was the People's Republic of China founded?,"October 1, 1949","April 3, 1947","May 7, 1945","December 6, 1950"
124,Entertainment: Comics,Easy,Multiple Choice,Which planet did Superman come from?,Krypton,Avalon,Xolnar,Starhaven
125,Entertainment: Japanese Anime & Manga,Hard,Multiple Choice,"Who was the Director of the 1988 Anime film ""Grave of the Fireflies""?",Isao Takahata,Hayao Miyazaki,Satoshi Kon,Sunao Katabuchi
126,History,Hard,True / False,"During the Winter War, the amount of Soviet Union soliders that died or went missing was five times more than Finland's.",True,False,,
127,Entertainment: Video Games,Medium,Multiple Choice,"Which musical artist was NOT featured as playable avatars in the game ""DJ Hero""?",Dr. Dre,DJ Shadow,Daft Punk,Grandmaster Flash
128,Art,Hard,Multiple Choice,What nationality was the famous artist Pablo Picasso?,Spanish,French,Italian,German
129,Entertainment: Film,Easy,Multiple Choice,"In the movie ""V for Vendetta,"" what is the date that masked vigilante ""V"" urges people to remember?",November 5th,November 6th,November 4th,September 5th
130,Entertainment: Film,Medium,Multiple Choice, In what movie does Eddie Murphy swap identities with Dan Aykroyd?,Trading Places,Ghostbusters,Coming to America,The Blues Brothers
131,Science: Computers,Hard,Multiple Choice,What major programming language does Unreal Engine 4 use?,C++,Assembly,C#,ECMAScript
132,Science: Computers,Easy,Multiple Choice,HTML is what type of language?,Markup Language,Macro Language,Programming Language,Scripting Language
133,Entertainment: Music,Easy,Multiple Choice,Who is the lead singer of Green Day?,Billie Joe Armstrong,Mike Dirnt,Sean Hughes,Tré Cool
134,Entertainment: Video Games,Medium,Multiple Choice,"In Call Of Duty: Black Ops II, who is the main antagonist?",Raul Menéndez ,Vladimir Makarov ,Frank Woods,DeFalco
135,Entertainment: Video Games,Easy,Multiple Choice,"What are Sans and Papyrus named after in ""Undertale""?",Fonts,Plants,Companies,Ancient writing paper
136,Entertainment: Video Games,Easy,Multiple Choice,In what city in the dystopia alternate future of Half-Life 2 do you first start in?,City 17,City 18,City 6,City 45
137,Entertainment: Video Games,Medium,Multiple Choice,"In Call of Duty: United Offensive, what two soldiers share a name of a video game character?",Gordon & Freeman,Sam & Fisher,Nathan & Drake,Dig & Dug
138,Science & Nature,Hard,Multiple Choice,Which of the following liquids is least viscous? Assume temperature is 25°C.,Acetone,Water,Mercury,Benzene
139,Entertainment: Comics,Hard,Multiple Choice,In what Homestuck Update was [S] Game Over released?,"October 25th, 2014","April 13th, 2009","April 8th, 2012","August 28th, 2003"
140,Entertainment: Television,Medium,Multiple Choice,"Which of the following was not an actor/actress on the American television show ""Saturday Night Live"" in Season 42?",Tina Fey,Mikey Day,Kate McKinnon,Sasheer Zamata
141,Science & Nature,Hard,Multiple Choice,Which of the following elements is typically used in the doping of the semiconductor silicon?,Boron,Oxygen,Carbon,Iron
142,General Knowledge,Easy,Multiple Choice,"What is Cuba's official, most widely spoken language?",Spanish,Portuguese,French,Italian
143,Geography,Easy,Multiple Choice,Harvard University is located in which city?,Cambridge,Providence,New York,Washington D.C.
144,Entertainment: Books,Medium,Multiple Choice,"What is the make and model of the tour vehicles in ""Jurassic Park"" (1990)?",1989 Toyota Land Cruiser,1989 Jeep Wrangler YJ Sahar,1989 Ford Explorer XLT,Mercedes M-Class
145,Geography,Medium,Multiple Choice,In which English county is Stonehenge?,Wiltshire,Somerset,Cumbria,Herefordshire
146,Entertainment: Video Games,Easy,Multiple Choice,When was the game 'Portal 2' released?,2011,2014,2009,2007
147,Art,Medium,Multiple Choice,Which of these paintings did Johannes Vermeer not paint?,Bacchus,Girl with a Pearl Earring,The Milkmaid,The Lacemaker
148,General Knowledge,Easy,Multiple Choice,What is the name of the antagonist group in Danganronpa Another Episode: Ultra Despair Girls?,Warriors of Hope,The Monokubs,Warriors of Despair,The Ultimate Despair
149,Entertainment: Music,Easy,Multiple Choice,Which country does the band Rammstein hail from?,Germany,Austria,Armenia,Belgium
150,Entertainment: Video Games,Easy,Multiple Choice,"In the game Nuclear Throne, what character is only usable in a play through with Melting?",Skeleton,Frog,Horror,Plant
151,Entertainment: Musicals & Theatres,Medium,Multiple Choice,What was George Bizet's last opera?,Carmen,Don Rodrigue,Grisélidis,Les pêcheurs de perles
152,Science: Gadgets,Easy,Multiple Choice,When was the Tamagotchi digital pet released?,1996,1989,1992,1990
153,Entertainment: Board Games,Easy,True / False,"When setting up a chess board, the king is placed on a square of his own color.",False,True,,
154,Entertainment: Video Games,Medium,Multiple Choice,This weapon in Counter-Strike: Global Offensive does not exist in real life.,M4A4,AWP,M4A1,MP9
155,Entertainment: Video Games,Easy,Multiple Choice,When was Left 4 Dead 2 released?,"November 17, 2009","May 3, 2008","November 30, 2009","June 30, 2010"
156,Entertainment: Film,Medium,Multiple Choice,"In the 2002 film ""Kung Pow! Enter the Fist"", why was Wimp Lo purposely trained wrong?",As a joke,For cheating,Revenge,To test him
157,Sports,Medium,Multiple Choice,Which team was the 2015-2016 NBA Champions?,Cleveland Cavaliers,Golden State Warriors,Toronto Raptors,Oklahoma City Thunders
158,Science & Nature,Medium,Multiple Choice,What are human nails made of?,Keratin,Bone,Chitin,Calcium
159,General Knowledge,Medium,True / False,Fast food restaurant chains Carl's Jr. and Hardee's are owned by the same company.,True,False,,
160,Science: Computers,Medium,True / False,AMD created the first consumer 64-bit processor.,True,False,,
161,Geography,Medium,Multiple Choice,How many countries are inside the United Kingdom?,Four,Two,Three,One
162,General Knowledge,Hard,Multiple Choice,Which one of these Swedish companies was founded in 1943?,IKEA,H & M,Lindex,Clas Ohlson
163,Entertainment: Video Games,Medium,Multiple Choice,Which of the following is not a real Pokémon?,Luminid,Dragalge,Mandibuzz,Araquanid
164,History,Hard,Multiple Choice,Who was the first man to travel into outer space?,Yuri Gagarin,"Virgil Ivan ""Gus"" Grissom",Neil Armstrong,Buzz Aldrin
165,Entertainment: Video Games,Easy,Multiple Choice,"In ""Civilization 5"", which civilization can only settle one city?",Venice,India,Liechtenstein,Portugal
166,Science: Computers,Easy,Multiple Choice,"In any programming language, what is the most common way to iterate through an array?",'For' loops,'If' Statements,'Do-while' loops,'While' loops
167,Sports,Easy,Multiple Choice,"Which city did the former NHL team ""The Nordiques"" originiate from?",Quebec City,Houston,Montreal,New York
168,Science & Nature,Hard,Multiple Choice,What is the scientific name of the knee cap?,Patella,Femur,Foramen Magnum,Scapula
169,Entertainment: Japanese Anime & Manga,Easy,True / False,Gosho Aoyama Made This Series: (Detective Conan / Case Closed!),True,False,,
170,Entertainment: Television,Easy,Multiple Choice,What TV show is about a grandfather dragging his grandson around on adventures?,Rick & Morty,Family Guy,South Park,American Dad
171,Entertainment: Video Games,Medium,Multiple Choice,"In the game series ""The Legend of Zelda"", what was the first 3D game?",Ocarina of Time,Majora's Mask,A Link to the Past,The Wind Waker
172,Sports,Medium,True / False,"In 2008, Usain Bolt set the world record for the 100 meters with one shoelace untied.",True,False,,
173,Entertainment: Music,Medium,Multiple Choice,What is the first track on Kanye West's 808s & Heartbreak?,Say You Will,Welcome to Heartbreak,Street Lights,Heartless
174,Geography,Medium,Multiple Choice,The land mass of modern day Turkey is called what?,Anatolia,Ismuth of Ottoma,Ottoma,Ismuth of Anatolia
175,Art,Hard,Multiple Choice,Painter Piet Mondrian (1872 - 1944) was a part of what movement?,Neoplasticism,Precisionism,Cubism,Impressionism
176,Entertainment: Video Games,Hard,Multiple Choice,"In ""Pokémon Sun and Moon"", Team Skull took over which town?",Po Town,Heahea City,Tapu Village,Iki Town
177,General Knowledge,Hard,Multiple Choice,"Which of the following is an existing family in ""The Sims""?",The Goth Family,The Family,The Simoleon Family,The Proud Family
178,General Knowledge,Easy,Multiple Choice,How many cards are there in a standard deck of playing cards?,52,32,40,64
179,Entertainment: Video Games,Medium,True / False,"TF2: The Heavy's voice actor, Gary Schwartz, voices the Demoman as well ",True,False,,
180,General Knowledge,Medium,True / False,Haggis is traditionally ate on Burns Night.,True,False,,
181,Entertainment: Film,Easy,Multiple Choice,"In the movie ""Spaceballs"", what are the Spaceballs attempting to steal from Planet Druidia?",Air,The Schwartz,Princess Lonestar,Meatballs
182,Science & Nature,Hard,Multiple Choice,Which of the following are cells of the adaptive immune system?,Cytotoxic T cells,Dendritic cells,Natural killer cells,White blood cells
183,Geography,Hard,Multiple Choice,What is the capital of Suriname?,Paramaribo,Antananarivo,Tegucigalpa,Sucre
184,General Knowledge,Easy,Multiple Choice,"Of the following months, which has the most amount of days?",December,April,September,November 
185,General Knowledge,Easy,Multiple Choice,"When someone is cowardly, they are said to have what color belly?",Yellow,Green,Red,Blue
186,Entertainment: Music,Medium,Multiple Choice,"What was the release date of the They Might Be Giants album, 'Mink Car?'","September 11th, 2001","April 17th, 2003","November 4th, 1999","December 20th, 2002"
187,Entertainment: Television,Medium,Multiple Choice,"What is the title of The Allman Brothers Band instrumental used as the theme to the BBC motoring show, 'Top Gear'?",Jessica,Angela,Erica,Sandra
188,Entertainment: Film,Hard,Multiple Choice,"Which of the following films was directed by Ivan Reitman, written by Gary Ross, featured Kevin Kline, and was released in 1993?",Dave,John,Will,Carl
189,Science & Nature,Medium,True / False,Type 1 diabetes is a result of the liver working improperly.,False,True,,
190,General Knowledge,Hard,Multiple Choice,What year was Queen Elizabeth II born?,1926,1923,1929,1930
191,General Knowledge,Medium,True / False,"Don Cheto is the host of the radio station ""East Los FM"" in GTA V.",True,False,,
192,Animals,Medium,Multiple Choice,What is the name of the family that the domestic cat is a member of?,Felidae,Felinae,Felis,Cat
193,Entertainment: Film,Medium,Multiple Choice,"In the 1971 film ""Willy Wonka & the Chocolate Factory"", who played Willy Wonka?",Gene Wilder,Shia LeBouf,Peter Ostrum,Johnny Depp
194,History,Medium,Multiple Choice,"Who famously coined the phrase ""I think, therefore I am""?",Descartes,Plato,Aristotle,Shakespeare
195,Entertainment: Books,Easy,Multiple Choice,Under what pseudonym did Stephen King publish five novels between 1977 and 1984?,Richard Bachman,J. D. Robb,Mark Twain,Lewis Carroll
196,General Knowledge,Easy,Multiple Choice,"The American company ""Campbell's"" is most well known for making what food product?",Canned soups,Chocolate,Soft drinks,Sausages
197,History,Medium,Multiple Choice,In what year did Kentucky become the 15th state to join the union?,1792,1782,1798,1788
198,Entertainment: Television,Medium,Multiple Choice,"In the Black Mirror episode ""Bandersnatch"", PAC-MAN stands for:",Program And Control Man,Postgraduate Aplications Centre Man,Political Action Committee Man,Physics & Astronomy Classification Man
199,Science & Nature,Medium,Multiple Choice,Which portion of the Marijuana plant produces the psychoactive substance known as THC?,Female Flower,Leaves,Male Flower,Root Ball
200,General Knowledge,Easy,Multiple Choice,How many letters are in the English alphabet?,26,30,17,5
201,Geography,Hard,Multiple Choice,What is the largest city and commercial capital of Sri Lanka?,Colombo,Moratuwa,Negombo,Kandy
202,Entertainment: Video Games,Medium,Multiple Choice,"Which one of these ""Mortal Kombat"" characters has been playable in every single mainline game?",Sub-Zero,Raiden,Scorpion,Liu Kang
203,Science & Nature,Easy,Multiple Choice,What is the atomic mass of Carbon?,12,14,16,10
204,Entertainment: Video Games,Medium,Multiple Choice,Just Cause 2 was mainly set in what fictional Southeast Asian island country?,Panau,Davao,Macau,Palau
205,Entertainment: Music,Medium,Multiple Choice,Which one of these Rammstein songs has two official music videos?,Du Riechst So Gut,Du Hast,Benzin,Mein Teil
206,Entertainment: Television,Medium,Multiple Choice,"The fictional movie 'Rochelle, Rochelle' features in which sitcom?",Seinfeld,Frasier,Cheers,Friends
207,Entertainment: Video Games,Hard,Multiple Choice,"In the ""Pikmin"" games, which of the following pikmin colors lacks it's own ""Onion"" nest?",Purple,Winged,Blue,Rock
208,Entertainment: Video Games,Easy,Multiple Choice,Who is the main protagonist of Dead Space?,Isaac Clarke,Commander Shepard,Gordon Freeman,Master Chief
209,Entertainment: Video Games,Easy,True / False,"In Team Fortress 2, being disguised as a scout or medic results in a speed boost.",False,True,,
210,Science: Computers,Medium,Multiple Choice,Unix Time is defined as the number of seconds that have elapsed since when?,"Midnight, January 1, 1970","Midnight, July 4, 1976",Midnight on the creator of Unix's birthday,"Midnight, July 4, 1980"
211,Entertainment: Video Games,Medium,Multiple Choice,"If you play the Super Mario RPG and nap in a rented hotel room, you will wake up next to what familiar looking character?",Link,Wario,Q*bert,Solid Snake
212,Entertainment: Video Games,Medium,Multiple Choice,Which of these is NOT a name of a playable character in Apex Legends?,Viper,Revenant,Crypto,Wattson
213,Entertainment: Film,Easy,Multiple Choice,What is the name of the fictional retro-mod band starring Austin Powers as the lead vocalist?,Ming Tea,Cough Fi,Spear Mint,Mister E
214,Geography,Medium,Multiple Choice,Which European city has the highest mileage of canals in the world?,Birmingham,Venice,Amsterdam,Berlin
215,Sports,Medium,Multiple Choice,Who won the 2011 Stanley Cup?,Boston Bruins,Montreal Canadiens,New York Rangers,Toronto Maple Leafs
216,Entertainment: Video Games,Medium,Multiple Choice,"In ""Fallout 4"", what is the name of the dog you find at Red Rocket truck stop?",Dogmeat,Sparky,Quazar,Chop
217,Entertainment: Video Games,Medium,True / False,Metal Gear Solid V: The Phantom Pain runs on the Fox Engine.,True,False,,
218,Entertainment: Video Games,Medium,Multiple Choice,"In Forza Motorsport 6, which of these track-exclusive cars was NOT featured in the game, either originally with the game or added as DLC?",Aston Martin Vulcan,Ferrari FXX-K,McLaren P1 GTR,Lotus E23
219,General Knowledge,Easy,Multiple Choice,Which canal connects the Mediterranean Sea with the Red Sea?,Suez Canal,Panama Canal,Sinai Canal,Qaraqum Canal
220,Science: Computers,Easy,True / False,RAM stands for Random Access Memory.,True,False,,
221,History,Medium,Multiple Choice,What was the name of the national hero of the Philippines who inspired and lead the Philippine Revolution against colonial Spain?,José Rizal,Simón Bolívar,Benito Juárez,José de San Martín
222,Entertainment: Video Games,Medium,Multiple Choice,Phil Fish was the designer of which game?,Fez,Super Meat Boy,Hotline Miami,FTL
223,Entertainment: Video Games,Hard,Multiple Choice,Why was the character Trevor Philips discharged from the Air Force?,Mental Health Issues,Injuries,Disease,Danger to Others
224,Entertainment: Board Games,Medium,Multiple Choice,"In the Board Game, Settlers of Catan, a die roll of what number causes the Robber to attack? ",7,3,10,1
225,Politics,Medium,True / False,"Jeb Bush was elected as Governor of Florida in 2002, starting his political career.",False,True,,
226,Entertainment: Music,Medium,Multiple Choice,Who was the youngest member of The Beatles?,George Harrison,Paul McCartney,John Lennon,Ringo Starr
227,General Knowledge,Hard,True / False,Is Luxembourgish a real language?,True,False,,
228,General Knowledge,Easy,True / False,Scotland voted to become an independent country during the referendum from September 2014.,False,True,,
229,Mythology,Hard,Multiple Choice,"Who is a minor god that is protector and creator of various arts, such as cheese making and bee keeping.",Aristaeus,Autonoe,Carme,Cephisso
230,Entertainment: Film,Easy,Multiple Choice,Who directed the Kill Bill movies?,Quentin Tarantino,Arnold Schwarzenegger,David Lean,Stanley Kubrick
231,Science & Nature,Hard,Multiple Choice,Which of the following is a major muscle of the back?,Trapezius,Trapezium,Trapezoid,Triquetrum
232,Art,Medium,Multiple Choice,Which artist's style was to use small different colored dots to create a picture?,Georges Seurat,Paul Cézanne,Vincent Van Gogh,Henri Rousseau
233,Entertainment: Japanese Anime & Manga,Easy,True / False,"Studio Ghibli is a Japanese animation studio responsible for the films ""Wolf Children"" and ""The Boy and the Beast"".",False,True,,
234,Science & Nature,Hard,Multiple Choice,If you planted the seeds of Quercus robur what would grow?,Trees,Flowers,Vegtables,Grains
235,General Knowledge,Medium,Multiple Choice,What is the defining characteristic of someone who is described as hirsute?,Hairy,Rude,Funny,Tall
236,Geography,Easy,True / False,Portugal's modern territory was once a part of the Roman Empire.,True,False,,
237,Entertainment: Video Games,Medium,Multiple Choice,Which one of these was not a member of the Fiendish Five in the game Sly Cooper and the Thievius Raccoonus?,Dimitri Lousteau,Mz. Ruby,Muggshot,Clockwerk
238,Entertainment: Video Games,Medium,Multiple Choice,"In Minecraft: Java Edition, which of the following feature/block was added to Survival mode in Beta 1.3?",Beds,Hunger,The Nether,Grass
239,Animals,Easy,True / False,Cats have whiskers under their legs.,True,False,,
240,Science: Computers,Easy,Multiple Choice,Which computer language would you associate Django framework with?,Python,C#,C++,Java
241,General Knowledge,Hard,Multiple Choice,"If you planted the seeds of Quercus robur, what would grow?",Trees,Grains,Vegetables,Flowers
242,Entertainment: Video Games,Easy,Multiple Choice,"Which of these levels does NOT appear in the console/PC versions of the game ""Sonic Generations""?",Mushroom Hill,City Escape,Planet Wisp,Sky Sanctuary
243,Entertainment: Japanese Anime & Manga,Hard,Multiple Choice,"In ""Jewelpet Sunshine"", what is the song that plays when Kanon and her friends bust out of prison?",I Don't Want to Miss a Thing,Eye Of The Tiger,Born to be Wild,Ruby Ring
244,Geography,Medium,True / False,"Route 66 in the United States spans the entire mainland of America, from California to New York.",False,True,,
245,Entertainment: Cartoon & Animations,Medium,Multiple Choice,"Bugs Bunny, Tony the Tiger, and other bipedal animal characters are known as what type of character?",Anthropomorphic,Anthropolegic ,Anthrologic,Anthrogenetic
246,Entertainment: Film,Medium,True / False,The color of the pills in the Matrix were Blue and Yellow.,False,True,,
247,Entertainment: Japanese Anime & Manga,Hard,Multiple Choice,"Which animation studio animated ""Hidamari Sketch""?",Shaft,Trigger,Kyoto Animation,Production I.G
248,General Knowledge,Medium,Multiple Choice,The architect known as Le Corbusier was an important figure in what style of architecture?,Modernism,Neoclassical,Baroque,Gothic Revival
249,Science & Nature,Medium,Multiple Choice,The medial meniscus forms which part of what joint in the human body?,Knee,Elbow,Ankle,Shoulder
250,Science & Nature,Medium,Multiple Choice,"At what depth should you make a decompression stop, or safety stop, on a typical scuba dive?",15 Feet / 5 Meters,25 Feet / 7.5 Meters,50 Feet / 15 Meters,75 Feet / 23 Meters
251,Entertainment: Music,Hard,Multiple Choice,"In the metal band Slipknot, there are 9 members, which member labelled themselves number 6? ",Shawn Crahan (Clown),Sid Wilson,Cory Taylor,Mick Thomson
252,Entertainment: Video Games,Medium,Multiple Choice,In what year was the first eSports competition?,1972,1989,1990,2000
253,Entertainment: Board Games,Easy,Multiple Choice,Carcassonne is based on which French town?,Carcassonne,Paris,Marseille,Clermont-Ferrand
254,Sports,Easy,Multiple Choice,Which African American is in part responsible for integrating  Major League baseball?,Jackie Robinson,Curt Flood,Roy Campanella,Satchell Paige
255,History,Hard,Multiple Choice,Who was the last emperor of Mexico?,Ferdinand Maximilian,Andrés Manuel López Obrador,Napoleon III,Agustín de Iturbide
256,General Knowledge,Easy,True / False,Water is naturally coloured blue.,False,True,,
257,Science & Nature,Medium,Multiple Choice,What is the standard SI unit for electric current?,Ampere,Volt,Ohm,Watt
258,Entertainment: Board Games,Medium,Multiple Choice,In what year was the card game Magic: the Gathering first introduced?,1993,1987,1998,2003
259,General Knowledge,Easy,Multiple Choice,"The word ""dozen"" usually refers to a group of how many objects?",12,6,20,10
260,Politics,Medium,Multiple Choice,Who was elected leader of the UK Labour Party in September 2015?,Jeremy Corbyn,Ed Miliband,David Cameron,Theresa May
261,Geography,Easy,True / False,New Haven is the capital city of the state of Connecticut in the United States.,False,True,,
262,Entertainment: Video Games,Medium,Multiple Choice,Which of these is NOT the name of a playable map in PUBG: Battlegrounds?,Orinocco,Miramar,Sanhok,Vikendi
263,Mythology,Medium,True / False,"In Greek mythology, Hera is the goddess of harvest.",False,True,,
264,Entertainment: Video Games,Easy,Multiple Choice,"What was the first game in the ""Battlefield"" series?",Battlefield 1942,Battlefield Vietnam,Battlefield 2,Battlefield 1
265,Science & Nature,Medium,Multiple Choice,What is the unit of electrical capacitance?,Farad,Gauss,Henry,Watt
266,Science: Computers,Easy,True / False,Linux was first created as an alternative to Windows XP.,False,True,,
267,Entertainment: Video Games,Easy,Multiple Choice,"Which franchise does the creature ""Slowpoke"" originate from?",Pokemon,Dragon Ball,Sonic The Hedgehog,Yugioh
268,Entertainment: Board Games,Hard,Multiple Choice,Which Pokemon is #39 in the National Pokedex?,Jigglypuff,Pikachu,Psyduck,Fearow
269,Entertainment: Video Games,Medium,Multiple Choice,"In ""Paper Mario: The Thousand Year Door"", what is Hooktail's weakness?",The Sound of Crickets,Attacks from Koopas,"The ""Ice Storm"" Item",The Hammer
270,History,Easy,Multiple Choice,Which one of these tanks was designed and operated by the United Kingdom?,Tog II,M4 Sherman,Tiger H1,T-34
271,Geography,Hard,Multiple Choice,What is the most populous Muslim-majority nation in 2010?,Indonesia,Saudi Arabia,Iran,Sudan
272,Entertainment: Video Games,Hard,Multiple Choice,In the National Pokedex what number is Porygon-Z?,474,376,432,589
273,Entertainment: Japanese Anime & Manga,Easy,True / False,"In the ""Melancholy of Haruhi Suzumiya"" series, the narrator goes by the nickname Kyon.",True,False,,
274,Geography,Hard,Multiple Choice,Where is Timbuktu located?,"Mali, Africa","Azerbaijan, Asia","Bangladesh, Asia","Mauritania, Africa"
275,Entertainment: Video Games,Medium,Multiple Choice,Which of the following is not a playable race in the MMORPG Guild Wars 2? ,Tengu,Sylvari,Charr,Asura 
276,Entertainment: Television,Medium,Multiple Choice,"In the television show ""Lazy Town"", who is the actor of Robbie Rotten?",Stefán Stefánsson,Adam Sandler,Magnús Scheving,Stephen Carl
277,Entertainment: Video Games,Easy,Multiple Choice,"In Minecraft, which two items must be combined to craft a torch?",Stick and Coal,Stick and Fire,Wood and Coal,Wood and Fire
278,Entertainment: Television,Hard,Multiple Choice,"In ""It's Always Sunny in Philadelphia"" what was the name of Frank's wrestling persona?",The Trash Man,Bird of War,Day Man,The Maniac
279,Mythology,Medium,Multiple Choice,"In Greek Mythology, who killed Achilles?",Paris,Hector,Helen,Pericles
280,Entertainment: Television,Medium,Multiple Choice,Which of these television shows makes everyone look under their chair?,Oprah,Jimmy Fallon,Saturday Night Live,Larry Rubert
281,Entertainment: Music,Medium,Multiple Choice,Who had a 1973 hit with the song 'Hocus Pocus'?,Focus,Pilot,Rush,AC/DC
282,Entertainment: Music,Medium,Multiple Choice,What M83 was featured in Grand Theft Auto V's radio?,Midnight City,Outro,Reunion,Wait
283,Geography,Easy,True / False,The Republic of Malta is the smallest microstate worldwide.,False,True,,
284,Science & Nature,Medium,Multiple Choice,Which of these is a type of stretch/deep tendon reflex?,Ankle jerk reflex,Gag reflex,Pupillary light reflex,Scratch reflex
285,Entertainment: Video Games,Hard,Multiple Choice,In the original DOOM (1993) which of the following is NOT a cheat code?,IDCLIP,IDFA,IDDQD,IDSPISPOPD
286,Entertainment: Cartoon & Animations,Easy,Multiple Choice,What is the name of the creatures that the protagonists of the webshow RWBY fight against?,Grimm,Reavers,Heartless,Dark Ones
287,Science: Computers,Easy,Multiple Choice,What is the most preferred image format used for logos in the Wikimedia database?,.svg,.png,.jpeg,.gif
288,History,Medium,Multiple Choice,"After his loss at the Battle of Waterloo, Napoleon Bonaparte was exiled to which island?",St. Helena,Elba,Corsica,Canary
289,Science: Mathematics,Medium,True / False,A 'Millinillion' is a real number.,True,False,,
290,Entertainment: Cartoon & Animations,Easy,Multiple Choice,"Which of these characters from ""SpongeBob SquarePants"" is not a squid?",Gary,Orvillie,Squidward,Squidette
291,Science & Nature,Hard,Multiple Choice,Which of these is used to show that Earth spins on an axis? ,Foucault Pendulum ,Polaris,Sundial,Tectonic Plates 
292,Entertainment: Film,Easy,Multiple Choice,"The 2002 film ""28 Days Later"" is mainly set in which European country?",United Kingdom,France,Italy,Germany
293,Entertainment: Video Games,Medium,Multiple Choice,"In which game does a character say, ""Sometimes, I dream about cheese""?",Half Life 2,Team Fortress 2,Dark Souls,Serious Sam: The Second Encounter
294,Science & Nature,Medium,Multiple Choice,"What was the category of the 2005 hurricane, Hurricane Katrina, in the Saffir-Simpson hurricane wind scale?",Category 5,Category 1,Category 4,Category 2
295,Politics,Medium,Multiple Choice,Which president erased the national debt of the United States?,Andrew Jackson,Ronald Reagan,John F. Kennedy,Franklin Roosevelt
296,Geography,Medium,Multiple Choice,What is the largest Muslim country in the world?,Indonesia,Pakistan,Saudi Arabia,Iran
297,Entertainment: Video Games,Medium,Multiple Choice,"In Sid Meier's Civilization V, which World Wonder can only be built in cities on or next to a desert?",Petra,The Pyramids,Alhambra,Mausoleum of Maussollos
298,Entertainment: Video Games,Easy,Multiple Choice,"In the game ""Hearthstone"", what is the best rank possible?",Rank 1 Legend,Rank 1 Elite,Rank 1 Master,Rank 1 Supreme
299,History,Hard,Multiple Choice,Which of the following physicists did NOT work on the Manhattan project?,Murray Gell-Mann,Richard Feynman,J. Robert Oppenheimer,John Von-Neumann
300,Geography,Easy,Multiple Choice,How many countries does the United States share a land border with?,2,1,3,4
301,Entertainment: Video Games,Easy,Multiple Choice,What is the first weapon you acquire in Half-Life?,A crowbar,A pistol,The H.E.V suit,Your fists
302,Entertainment: Video Games,Easy,Multiple Choice,What was the name of the canceled projected by Blizzard Entertainment that would be later become Overwatch?,Titan,Omnic,Omega,Ghost
303,Science: Computers,Medium,True / False,The open source program Redis is a relational database server.,False,True,,
304,Entertainment: Video Games,Easy,Multiple Choice,What war is Call Of Duty: Black Ops based on?,Cold War,WW3,Vietnam,WW1
305,Science: Computers,Hard,Multiple Choice,Who is the founder of Palantir?,Peter Thiel,Mark Zuckerberg,Marc Benioff,Jack Dorsey
306,Entertainment: Musicals & Theatres,Hard,Multiple Choice,Who wrote the lyrics for Leonard Bernstein's 1957 Brodway musical West Side Story?,Stephen Sondheim,Himself,Oscar Hammerstein,Richard Rodgers
307,History,Hard,True / False,The fork came to Italy before any other European country.,True,False,,
308,Geography,Medium,Multiple Choice,What are the four corner states of the US?,"Utah, Colorado, Arizona, New Mexico","Oregon, Idaho, Nevada, Utah","Kansas, Oklahoma, Arkansas, Louisiana","South Dakota, Minnesota, Nebraska, Iowa"
309,Mythology,Medium,Multiple Choice,"In Norse Mythology, what is the name of the symbol commonly referred to as the ""Tree of Life""?",Yggdrasil,Ymir,Tree of the Earth,Odin's Roots
310,Entertainment: Film,Easy,True / False,"Samuel L. Jackson had the words, 'Bad Motherf*cker' in-scripted on his lightsaber during the filming of Star Wars.",True,False,,
311,Entertainment: Television,Medium,Multiple Choice,"In the original Doctor Who series (1963), fourth doctor Tom Baker's scarf was how long?",7 Meters,10 Meters,2 Meters,5 Meters
312,Entertainment: Video Games,Medium,Multiple Choice,"Who voiced the character Joel in ""The Last of Us""?",Troy Baker,Nolan North,John DiMaggio,Steve Blum
313,Entertainment: Cartoon & Animations,Hard,Multiple Choice,"In the 1969 Cartoon show ""Dastardly and Muttley in Their Flying Machines"", which were NOT one of the lyrics in the opening theme?",Stab him,Nab him,Jab him,Tab him
314,Entertainment: Books,Medium,Multiple Choice,Which novel by John Grisham was conceived on a road trip to Florida while thinking about stolen books with his wife?,Camino Island,Rogue Lawyer,Gray Mountain,The Litigators
315,Entertainment: Japanese Anime & Manga,Easy,Multiple Choice,"On what medium was ""Clannad"" first created?",Visual novel,Anime,Manga,Light novel
316,Entertainment: Video Games,Easy,Multiple Choice,"If a ""360 no-scope"" is one full rotation before shooting, how many rotations would a ""1080 no-scope"" be?",3,4,2,5
317,Animals,Medium,Multiple Choice,Which of the following is true when alligators are behaving territorially?,They bellow while showing their tail and neck,Open their jaws while making a clicking noise,They run full force at the threat,Slap their tails on the ground
318,Entertainment: Video Games,Easy,Multiple Choice,"In CoD: Black Ops III, what is the name of the rogue A.I. antagonist?",Corvus,Cabal,Legion,Icarus
319,Entertainment: Video Games,Medium,Multiple Choice,"Which company developed the video game ""Borderlands""?",Gearbox Software,2K Games,Activision,Rockstar Games
320,Entertainment: Books,Hard,Multiple Choice,"In the Beatrix Potter books, what type of animal is Tommy Brock?",Badger,Fox,Frog,Rabbit
321,Science: Mathematics,Easy,True / False,The sum of any two odd integers is odd.,False,True,,
322,Geography,Easy,Multiple Choice,Which Russian oblast forms a border with Poland?,Kaliningrad,Samara,Nizhny Novgorod,Omsk
323,Entertainment: Video Games,Hard,True / False,McCree from Overwatch originally started as a character that was going to appear in a scrapped Starcraft game.,True,False,,
324,General Knowledge,Easy,True / False,French is an official language in Canada.,True,False,,
325,Entertainment: Film,Easy,True / False,"Han Solo's co-pilot and best friend, ""Chewbacca"", is an Ewok.",False,True,,
326,Science: Computers,Medium,Multiple Choice,What was Bitcoin's block size limit in 2010?,1 MB,1GB,1 KB,1 TB
327,Sports,Medium,Multiple Choice,"The song ""Three Lions"" by the Lightning Seeds was made for which major football event in 1996?",European Championships,World Cup,Champions League,Confederations Cup
328,Celebrities,Medium,Multiple Choice,"In 2014, this new top 100 rapper who featured in ""Computers"" and ""Body Dance"" was arrested in a NYPD sting for murder.",Bobby Shmurda,DJ Snake,Swae Lee,Young Thug
329,Entertainment: Video Games,Easy,Multiple Choice,"Which of the following is a class in the game ""Hearthstone""?",Priest,Sage,Cleric,Monk
330,Entertainment: Musicals & Theatres,Medium,Multiple Choice,"Who is the musical director for the award winning musical ""Hamilton""?",Alex Lacamoire,Lin-Manuel Miranda,Renee Elise-Goldberry,Leslie Odom Jr.
331,Entertainment: Video Games,Easy,Multiple Choice,"Which of the following names is the ""Mega Man"" Franchise known as in Japan?",Rockman,Paperman,Scissorsman,Mega Man
332,Science & Nature,Medium,Multiple Choice,Down Syndrome is usually caused by an extra copy of which chromosome?,21,23,15,24
333,Entertainment: Video Games,Medium,Multiple Choice,Who published the 1998 video game Half-Life?,Sierra On-Line,Valve,Blizzard,EA
334,History,Medium,Multiple Choice,The 15th century conflicts between the Houses of York and Lancaster are known as the Wars of the what?,Wars of the Roses,Wars of the Lillies,Wars of the Daffodils,Wars of the Tulips
335,Geography,Medium,True / False,The surface area of Russia is slightly larger than that of the dwarf planet Pluto.,True,False,,
336,Sports,Medium,Multiple Choice,"Which of these teams isn't a member of the NHL's ""Original Six"" era?",Philadelphia Flyers,New York Rangers,Toronto Maple Leafs,Boston Bruins
337,Entertainment: Video Games,Hard,Multiple Choice,"In the Fallout series, on which date did The Great War happen?","October 23rd, 2077","May 15th, 2058","December 14th, 2069","November 5th, 2076"
338,Entertainment: Music,Hard,Multiple Choice,"What song includes the words ""Numa Numa"" which was subject to a Viral Video in 2004?",Dragostea Din Tei,Despacito,Gangnam Style,Asereje
339,Entertainment: Film,Medium,Multiple Choice,Johnny Depp made his big-screen acting debut in which film?,A Nightmare on Elm Street,My Bloody Valentine,Halloween,Friday the 13th
340,Science: Computers,Medium,Multiple Choice,"In CSS, which of these values CANNOT be used with the ""position"" property?",center,static,absolute,relative
341,Entertainment: Music,Medium,Multiple Choice,Korean girl group TWICE is under which Entertainment Label?,JYP,MBK,YG,Stone Music
342,Entertainment: Music,Medium,Multiple Choice,Who is the primary lyricist for Canadian progressive rock band Rush?,Neil Peart,Geddy Lee,Alex Lifeson,John Rutsey
343,Science: Mathematics,Easy,Multiple Choice,"The metric prefix ""atto-"" makes a measurement how much smaller than the base unit?",One Quintillionth,One Billionth,One Quadrillionth,One Septillionth
344,General Knowledge,Easy,True / False,The Lego Group was founded in 1932.,True,False,,
345,History,Medium,Multiple Choice,Which of the following Assyrian kings did NOT rule during the Neo-Assyrian Empire?,Shamshi-Adad III,Shalmaneser V,Esharhaddon,Ashur-nasir-pal II
346,Entertainment: Video Games,Hard,Multiple Choice,"Which gaming series includes ""The Diabolical Box"" and ""The Curious Village""?",Professor Layton,Persona,Etrian Odyssey,Sam & Max
347,Entertainment: Television,Medium,Multiple Choice,What does Bart sell his soul for in The Simpsons episode 'Bart Sells His Soul'?,$5,A Copy of Bonestorm 2,$100,A Giant Gobstopper
348,Entertainment: Video Games,Easy,Multiple Choice,"What household item make the characters of ""Steins; Gate"" travel through time?",Microwave,Computer,Refrigerator,Televison
349,General Knowledge,Medium,Multiple Choice,"The new One World Trade Center in Manhattan, New York City was designed by which architect? ",David Childs,Bjarke Ingels,Michael Arad,Fumihiko Maki
350,Science & Nature,Medium,Multiple Choice,What is the molecular formula of the active component of chili peppers(Capsaicin)?,C18H27NO3,C21H23NO3,C6H4Cl2,C13H25NO4
351,General Knowledge,Hard,Multiple Choice,How many notes are there on a standard grand piano?,88,98,108,78
352,Entertainment: Music,Hard,True / False,"Myoui Mina, member of Korean girl group TWICE, was born in South Korea, despite being Japanese.",False,True,,
353,Entertainment: Cartoon & Animations,Hard,Multiple Choice,"In ""Gravity Falls"", the character Bill Cipher remarks that ""the universe is what?""",A hologram ,An illusion ,A simulation,Corrupting
354,Science: Computers,Easy,Multiple Choice,If you were to code software in this language you'd only be able to type 0's and 1's.,Binary,JavaScript,C++,Python
355,Entertainment: Video Games,Hard,Multiple Choice,"In the game ""Overwatch,"" which quote does the hero ""McCree"" NOT say upon using his flashbang ability?","""You done?""","""Whoa there.""","""Hold up now.""","""Don't move."""
356,Science: Computers,Medium,Multiple Choice,What was the name given to Android 4.3?,Jelly Bean,Lollipop,Nutella,Froyo
357,Entertainment: Video Games,Medium,Multiple Choice,"Why were only only 300,000 copies of Uniracers were produced?","DMA Designs was sued by Pixar, preventing more copies from being produced",There was a disagreement between DMA Designs and Nintendo,It didn't sell well due to poor review scores,No public information is available
358,General Knowledge,Medium,Multiple Choice,Which of the following carbonated soft drinks were introduced first?,Dr. Pepper,Coca-Cola,Sprite,Mountain Dew
359,Science & Nature,Medium,Multiple Choice,What is the half-life of Uranium-235?,"703,800,000 years","4,300,400,000 years","1,260,900,000 years",Uranium-235 is a stable isotope
360,Entertainment: Video Games,Easy,True / False,The PlayStation was originally a joint project between Sega and Sony that was a Sega Genesis with a disc drive.,False,True,,
361,History,Medium,Multiple Choice,"Which country had an ""Orange Revolution"" between 2004 and 2005?",Ukraine,Belarus,Latvia,Lithuania
362,Entertainment: Video Games,Medium,Multiple Choice,In what year was Pokémon Diamond & Pearl released in Japan?,2006,2009,2007,2008
363,Entertainment: Video Games,Easy,True / False,"In Dead Space 2, the 'Hand Cannon' is a large foam finger.",True,False,,
364,Sports,Medium,Multiple Choice,Which car manufacturer won the 2016 24 Hours of Le Mans?,Porsche,Toyota,Audi,Ferrari
365,General Knowledge,Easy,Multiple Choice,"Which best selling toy of 1983 caused hysteria, resulting in riots breaking out in stores?",Cabbage Patch Kids,Transformers,Care Bears,Rubik’s Cube
366,Entertainment: Board Games,Hard,Multiple Choice,What is the most challenging monster in the Dungeons & Dragons 5th Edition Monster Manual?,Tarrasque,Beholder,Displacer Beast,Lich
367,Entertainment: Video Games,Medium,Multiple Choice,The creator of the Touhou Project series is:,ZUN,SUN,RUN,PUN
368,Science: Mathematics,Easy,Multiple Choice,How many sides does a Möbius strip have?,1,2,3,4
369,Entertainment: Music,Medium,Multiple Choice,What was Bon Iver's debut album released in 2007?,"For Emma, Forever Ago","Bon Iver, Bon Iver","22, A Million",Blood Bank EP
370,Sports,Easy,Multiple Choice,The Rio 2016 Summer Olympics held it's closing ceremony on what date?,August 21,August 23,August 19,August 17
371,Art,Medium,True / False,"Venus of Willendorf is one of the earliest works of art, depicting the planets Mars and Venus embrace in the heavens at night.",False,True,,
372,Entertainment: Television,Easy,Multiple Choice,"In ""Star Trek: Voyager"", which episode did Voyager establish real-time communication with Starfleet Headquarters?",Pathfinder,Message In A Bottle,Someone To Watch Over Me,Counterpoint
373,Entertainment: Video Games,Medium,Multiple Choice,"What is the first primary weapon the player gets in ""PAYDAY: The Heist""?",AMCAR-4,Brenner 21,Reinbeck,M308
374,Entertainment: Books,Medium,Multiple Choice,"In Rudyard Kipling's ""The Jungle Book"", what type of snake was Kaa?",Python,Cobra,Anaconda,Viper
375,Geography,Medium,Multiple Choice,Which of these countries is NOT located in Africa?,Suriname,Burkina Faso,Mozambique,Algeria
376,Entertainment: Video Games,Easy,Multiple Choice,In what year was Garry's Mod released as a standalone title on Valve's Steam distribution service?,2006,2007,2004,2003
377,History,Easy,Multiple Choice,What was the official German currency until 2002?,Mark,Frank,Pound sterling,Reichtoken
378,Entertainment: Film,Medium,Multiple Choice,"In the 1979 British film ""Quadrophenia"" what is the name of the main protagonist?",Jimmy Cooper,Pete Townshend,Franc Roddam,Archie Bunker
379,Entertainment: Video Games,Hard,Multiple Choice,"In World of Warcraft lore, which of the following is known as the God of Spiders in the troll's loa beliefs?",Elortha no Shadra,Bwonsamdi,Hakkar,Shirvallah
380,General Knowledge,Medium,Multiple Choice,Where did the pineapple plant originate?,South America,Hawaii,Europe,Asia
381,Science: Computers,Medium,True / False,The first dual-core CPU was the Intel Pentium D.,False,True,,
382,Entertainment: Video Games,Medium,Multiple Choice,"In the Mario series, which game introduced Mario's Backflip ability?",Donkey Kong (Gameboy),Super Mario 64,Super Mario 3D Land,Super Mario Galaxy
383,Science & Nature,Easy,True / False,An average human can go two weeks without water.,False,True,,
384,Entertainment: Music,Medium,Multiple Choice,"Which artist collaborated with American DJ Dillon Francis to release the song 2016 ""Need You""?",NGHTMRE,LOUDPVCK,KRNE,DVBBS
385,Vehicles,Medium,Multiple Choice,When was Tesla founded?,2003,2008,2005,2007
386,Entertainment: Cartoon & Animations,Medium,Multiple Choice,Which of these is not a real character in the cartoon series My Little Pony: Friendship is Magic?,Rose Marene,Pinkie Pie,Maud Pie,Rainbow Dash
387,General Knowledge,Medium,True / False,Pure water effectively conducts electricity ,False,True,,
388,Vehicles,Easy,Multiple Choice,The Italian automaker Lamborghini uses what animal as its logo?,Bull,Bat,Horse,Snake
389,Science: Computers,Medium,Multiple Choice,"When did the online streaming service ""Mixer"" launch?",2016,2013,2009,2011
390,History,Medium,Multiple Choice,Which of these facilities was not present on the Titanic?,Fainting room,Turkish bath,Kennel,Squash court
391,Entertainment: Video Games,Easy,Multiple Choice,When was Minecraft first released to the public?,"May 17th, 2009","September 17th, 2009","November 18th, 2011","October 7th, 2011"
392,Entertainment: Video Games,Hard,Multiple Choice,Which of these characters wasn't a villian in Club Penguin?,The Director,Herbert P. Bear,Tusk,Ultimate Proto-Bot 10000
393,Science: Mathematics,Easy,Multiple Choice,How many square faces does a cube have?,6,4,8,10
394,Geography,Medium,Multiple Choice,Which is the smallest country in the world?,Vatican City,Lesotho,Monaco City,Titania
395,Entertainment: Music,Easy,Multiple Choice,What was Rage Against the Machine's debut album?,Rage Against the Machine,Evil Empire,Bombtrack,The Battle Of Los Angeles
396,Animals,Medium,Multiple Choice,Which of the following is NOT a venomous snake?,Reticulated python,Malayan Krait,Yellow bellied sea snake,Black mamba
397,Entertainment: Video Games,Easy,Multiple Choice,"In Portal 2, how did CEO of Aperture Science, Cave Johnson, presumably die?",Moon Rock Poisoning,Accidentally sending a portal to the Moon,Slipped in the shower,Asbestos Poisoning
398,Entertainment: Video Games,Easy,Multiple Choice,Who made Garry's Mod?,Garry Newman,Randy Newman,Facepunch Studios,Gabe Newell
399,Entertainment: Television,Medium,Multiple Choice,On the NBC show Community what was Star Burns' real name?,Alex,Todd,Neal,Grimus
400,Entertainment: Musicals & Theatres,Medium,Multiple Choice,"In Jeff Wayne's Musical Version of War of the Worlds, the chances of anything coming from Mars are...",A million to one,A billion to one,A trillion to one,A hundred to one
401,Entertainment: Books,Hard,Multiple Choice,"In which classic novel by Mark Twain did a beggar and Prince of Wales switch clothes, and learn about social class inequality?",The Prince and the Pauper,Hamlet,Wealthy Boy and the Schmuck,A Modern Twain Story
402,Sports,Hard,Multiple Choice,Etihad Stadium is the home stadium for which team?,Manchester City,Manchester United,Arsenal,Blackpool
403,Entertainment: Video Games,Medium,Multiple Choice,How many controllers could a Nintendo GameCube have plugged in at one time?,4,8,6,2
404,Entertainment: Video Games,Medium,Multiple Choice,"What was the original name of  ""Minecraft""?",Cave Game,Minecraft: Order of the Stone,Dig And Build,Infiniminer
405,Entertainment: Cartoon & Animations,Medium,Multiple Choice,"In the Dreamworks animated movie ""Madagascar,"" who voices Maurice the lemur?",Cedric the Entertainer,Jack Black,Sacha Baron Cohen,Chris Rock
406,Entertainment: Music,Medium,Multiple Choice,EDM record label Monstercat is based in which country?,Canada,United States,Australia,United Kingdom
407,History,Medium,Multiple Choice,What historical event was Tchaikovsky's 1812 Overture referencing?,The Napoleonic Wars,The American War of 1812,The Russian Revolution,The Charge of the Light Brigade (Crimean War)
408,General Knowledge,Medium,Multiple Choice,What alcoholic drink is mainly made from juniper berries?,Gin,Vodka,Rum,Tequila
409,Science: Computers,Easy,True / False,The Windows ME operating system was released in the year 2000.,True,False,,
410,Entertainment: Video Games,Hard,Multiple Choice,What animal is on Link's pajamas in The Legend of Zelda: The Wind Waker?,Crawfish,Lobster,Salmon,Swordfish
411,Entertainment: Music,Hard,Multiple Choice,Which of these is NOT a song featured on the Lockjaw EP released in 2013 by Flume & Chet Faker?,Left Alone,What About Us,This Song Is Not About A Girl,Drop The Game
412,Animals,Medium,Multiple Choice,What type of animal is a natterjack?,Toad,Bird,Fish,Insect
413,Entertainment: Video Games,Easy,Multiple Choice,Valve Corporation is an American video game developer located in which city?,"Bellevue, Washington","Austin, Texas","Seattle, Washington","San Francisco, California"
414,Vehicles,Easy,True / False,"In 1991, Mazda became the first Japanese car manufacturer to win Le Mans.",True,False,,
415,Entertainment: Film,Easy,True / False,"""Foodfight!"" earned less than $80,000 at box office.",True,False,,
416,History,Easy,Multiple Choice,"Which famous military commander marched an army, which included war elephants, over the Alps during the Second Punic War?",Hannibal,Garmanicus,Alexander the Great,Tiberius
417,Entertainment: Video Games,Hard,Multiple Choice,"The map featured in Arma 3 named ""Altis"" is based off of what Greek island?",Lemnos,Ithaca,Naxos,Anafi
418,Entertainment: Video Games,Hard,Multiple Choice,"Prior to his appearance in Super Smash Bros. Ultimate, What was King K. Rool's last appearance in any game?",Mario Super Sluggers,Donkey Kong 64,Donkey Kong Country 3,Donkey Kong: King Of Swing
419,Entertainment: Film,Medium,Multiple Choice,In which African country was the 2006 film 'Blood Diamond' mostly set in?,Sierra Leone,Liberia,Burkina Faso,Central African Republic
420,Politics,Medium,Multiple Choice,The Watergate Scandal occured in what year?,1972,1973,1974,1971
421,Entertainment: Video Games,Easy,Multiple Choice,Which psychopath(s) in Dead Rising 1 gave you the small chainsaw?,Adam the Clown,Cliff Hudson,The convicts,Larry the butcher
422,Mythology,Medium,Multiple Choice,What is the name of the wildman that Gilgamesh befriends and goes on adventures with?,Enkidu,Ishtar,Inanna,Agga
423,History,Medium,Multiple Choice,"What was the name of one of the surviving palaces of Henry VIII located near Richmond, London?",Hampton Court,St James's Palace,Buckingham Palace,Coughton Court
424,Entertainment: Video Games,Medium,Multiple Choice,"In the ""Pikmin"" series, what is the only pikmin type to possess visible ears?",Yellow,Red,White,Winged
425,Science: Gadgets,Easy,Multiple Choice,When did the CD begin to appear on the consumer market?,1982,1992,1972,1962
426,Sports,Hard,Multiple Choice,"Which player ""kung-fu kicked"" a Crystal Palace fan in January 1995?",Eric Cantona,David Seamen,Ashley Cole,Mark Hughes
427,Entertainment: Music,Easy,Multiple Choice,Ringo Starr of The Beatles mainly played what instrument?,Drums,Bass,Guitar,Piano
428,Science: Gadgets,Medium,Multiple Choice,How does a centrifuge separate heavy and light particles?,Spinning,Vibrating,Sifting,Ionizing
429,Entertainment: Video Games,Hard,Multiple Choice,Where are Terror Fiends more commonly found in the Nintendo game Miitopia?,New Lumos,Peculia,The Sky Scraper,Otherworld
430,Entertainment: Video Games,Easy,Multiple Choice,"In the Assassin's Creed series,what was the name of Desmond Miles given by Abstergo?",Subject 17,Subject 16,Subject 18,Altaïr Ibn-La'Ahad
431,Geography,Easy,Multiple Choice,Which country features a maple leaf on its flag?,Canada,Mexico,Brazil,India
432,General Knowledge,Hard,Multiple Choice,What was the third country to have a McDonald's restaurant?,Costa Rica,Japan,France,Australia
433,History,Easy,Multiple Choice,What was William Frederick Cody better known as?,Buffalo Bill,Billy the Kid,Wild Bill Hickok,Pawnee Bill
434,History,Easy,Multiple Choice,How many Sister Ships were related to the TItanic?,2,4,3,1
435,Animals,Medium,Multiple Choice,"What is the scientific name for the ""Polar Bear""?",Ursus Maritimus,Polar Bear,Ursus Spelaeus,Ursus Arctos
436,Geography,Easy,Multiple Choice,"The derisive acronym ""PIIGS"" refers to which of the following European countries and their economic statuses?","Portugal, Ireland, Italy, Greece, Spain","Poland, Iceland, Italy, Greece, Serbia","Poland, Iceland, Italy, Greenland, Spain","Portugal, Iceland, Ireland, Greece, Serbia"
437,History,Medium,Multiple Choice,How did the Vikings call their short-lived colony in today's Canada?,Vínland,Føroyar,Hålogaland,Skåne
438,Entertainment: Film,Medium,Multiple Choice,"Who voiced Metalbeard in ""The Lego Movie""?",Nick Offerman,Liam Neeson,Morgan Freeman,Will Arnet
439,General Knowledge,Easy,Multiple Choice,What is the famous Papa John's last name?,Schnatter,Chowder,Williams,ANDERSON
440,General Knowledge,Easy,Multiple Choice,The drug cartel run by Pablo Escobar originated in which South American city?,Medellín,Bogotá,Quito,Cali
441,History,Hard,Multiple Choice,Which English king was married to Eleanor of Aquitaine?,Henry II,Richard I,Henry I,Henry V
442,Entertainment: Music,Medium,Multiple Choice,"Prior to going solo in 1982, Lionel Richie was a member of which Motown group?",The Commodores,The Temptations,The Miracles,The Supremes
443,Geography,Medium,Multiple Choice,Which city is the capital of Switzerland?,Bern,Zürich,Frankfurt,Wien
444,General Knowledge,Easy,Multiple Choice,Earth is located in which galaxy?,The Milky Way Galaxy,The Mars Galaxy,The Galaxy Note,The Black Hole
445,Geography,Hard,Multiple Choice,What is the tallest mountain in Canada?,Mount Logan,Mont Tremblant,Whistler Mountain,Blue Mountain
446,Sports,Medium,Multiple Choice,What is the name of the AHL affiliate of the Toronto Maple Leafs?,Toronto Marlies,Toronto Rock,Toronto Argonauts,Toronto Wolfpack
447,Entertainment: Film,Hard,Multiple Choice,"In 2012, which movie won every category in the 32nd ""Golden Raspberry Awards""?",Jack and Jill,The Girl with the Dragon Tattoo,Thor,The King's Speech
448,General Knowledge,Medium,Multiple Choice,"What is the name of the popular animatronic singing fish prop, singing such hits such as ""Don't Worry, Be Happy""?",Big Mouth Billy Bass,Big Billy Bass,Singing Fish,Sardeen
449,Geography,Medium,Multiple Choice,What is the official language of Bhutan?,Dzongkha,Ladakhi,Karen,Groma
450,Mythology,Hard,True / False,Janus was the Roman god of doorways and passageways.,True,False,,
451,Science & Nature,Medium,Multiple Choice,Deionized water is water with which of the following removed?,Iron,Oxygen,Hydrogen,Uncharged atoms
452,General Knowledge,Easy,True / False,Slovakia is a member of European Union-,True,False,,
453,History,Medium,Multiple Choice,Who was the main developer of the Suez Canal?,Ferdinand de Lesseps,Louis-Eugène Cavaignac,John Milton,Johann Lukas von Hildebrandt
454,Entertainment: Video Games,Easy,True / False,"In the Monster Hunter Series, G-Rank is the highest possible prestige a Hunter can recieve.",True,False,,
455,Entertainment: Film,Medium,Multiple Choice,What is the correct spelling of the protagonist of the book in The NeverEnding Story (1984)?,Atreyu,Atrayu,Atraiyu,Atraeyu
456,Animals,Medium,Multiple Choice,"The now extinct species ""Thylacine"" was native to where?","Tasmania, Australia","Baluchistan, Pakistan","Wallachia, Romania","Oregon, United States"
457,Sports,Hard,Multiple Choice,The AHL affiliate team of the Boston Bruins is named what?,Providence Bruins,New Haven Bruins,Cambridge Bruins,Hartford Bruins
458,Entertainment: Video Games,Medium,True / False,Amazon acquired Twitch in August 2014 for $970 million dollars.,True,False,,
459,Science & Nature,Easy,True / False,An exothermic reaction is a chemical reaction that releases energy by radiating electricity.,False,True,,
460,Entertainment: Video Games,Hard,Multiple Choice,"In the ""PAYDAY"" series, what is the real name of the character known as ""Dallas""?",Nathan Steele,Nate Siemens,Nick Stamos,Nolan Stuhlinger
461,Entertainment: Film,Easy,Multiple Choice,Who plays Alice in the Resident Evil movies?,Milla Jovovich,Madison Derpe,Milla Johnson,Kim Demp
462,Sports,Easy,Multiple Choice,"In Baseball, how many times does the ball have to be pitched outside of the strike zone before the batter is walked?",4,1,2,3
463,Sports,Easy,Multiple Choice,Which country hosted the 2020 Summer Olympics?,Japan,China,Australia,Germany
464,Entertainment: Music,Medium,Multiple Choice,"Which famous 90's rap album is commonly referred to as ""The Bible of Hip Hop""?",Illmatic,The Low End Theory,The Chronic,Enter The Wu-Tang (36 Chambers)
465,Entertainment: Music,Medium,Multiple Choice,What is the last song on the first Panic! At the Disco album?,"Build God, Then We'll Talk","Nails for Breakfast, Tacks for Snacks",I Write Sins Not Tragedies,Lying Is The Most Fun A Girl Can Have Without Taking Her Clothes Off
466,Entertainment: Film,Hard,Multiple Choice,"What was the name of the planet in ""Aliens""?",LV-426,Weyland Yutani Corporation Base,FR-838,DI-621
467,Entertainment: Film,Medium,Multiple Choice,"How much money did the 2019 Marvel movie ""Avengers: Endgame"" gross for it's record-breaking worldwide opening weekend?",1.2 billion USD,640 million USD,456 million USD,392 million USD
468,Entertainment: Music,Easy,Multiple Choice,Which singer was featured in Jack Ü (Skrillex & Diplo)'s 2015 song 'Where Are Ü Now'?,Justin Bieber,Selena Gomez,Ellie Goulding,The Weeknd
469,Entertainment: Video Games,Hard,Multiple Choice,"In the Half-Life mod ""Afraid of Monsters"" what was the name of the main protagonist?",David Leatherhoff,Daniel Featherhoff,Damon Weatherhoff,Damien Teatherhoff
470,General Knowledge,Easy,Multiple Choice,How many colors are there in a rainbow?,7,8,9,10
471,Entertainment: Music,Medium,Multiple Choice,Which one of these people has been in the band ''Metallica'' in the past?,Dave Mustaine,Kurt Cobain,Joey Belladonna,Dave Lombardo
472,History,Medium,Multiple Choice,What disease crippled President Franklin D. Roosevelt and led him to help the nation find a cure? ,Polio,Cancer,Meningitis,HIV
473,Entertainment: Video Games,Hard,Multiple Choice,"In ""Team Fortress 2"", how much health does a scout have when overhealed?",185,215,195,225
474,Entertainment: Video Games,Medium,Multiple Choice,What was the main currency in Club Penguin?,Coins,Stamps,Tickets,Gems
475,Entertainment: Cartoon & Animations,Easy,Multiple Choice,"Wendy O. Koopa appeared in the Super Mario DIC Cartoons, but what was she known as?",Kootie Pie,Sweetie Pie,Wendy Pie,Honey Pie
476,Politics,Hard,True / False,"George Clinton, Vice President of the United States (1805-1812), is an ancestor of President Bill Clinton.",False,True,,
477,Sports,Medium,Multiple Choice,How many games did Arsenal FC go unbeaten during the 2003-2004 season of the English Premier League,38,51,49,22
478,Mythology,Medium,Multiple Choice,Who is the God Loki's son? ,Fenrir ,Odin,Hel,Sigyn
479,Entertainment: Video Games,Easy,Multiple Choice,"In ""Phantasy Star Online 2"", which is the first area that you are granted access to?",Forest,Swamp,Plains,Caves
480,Entertainment: Video Games,Easy,True / False,"Several characters in ""Super Mario 64"" blink their eyes, including Mario himself.",True,False,,
481,Geography,Medium,Multiple Choice,The World Health Organization headquarters is located in which European country?,Switzerland,United Kingdom,France,Belgium
482,Science: Computers,Hard,True / False,The T-Mobile Sidekick smartphone is a re-branded version of the Danger Hiptop.,True,False,,
483,Entertainment: Video Games,Easy,Multiple Choice,How many games in the Crash Bandicoot series were released on the original Playstation?,5,4,3,6
484,Science: Mathematics,Medium,Multiple Choice,What numbers are in the 5th row of Pascal's Triangle?,1 4 6 4 1,1 3 3 1,1 5 10 10 5 1,1 6 15 20 15 6 1
485,History,Medium,Multiple Choice,"When was ""The Gadget"", the first nuclear device to be detonated, tested?","July 16, 1945","June 22, 1945","August 6, 1945","April 5, 1945"
486,Entertainment: Music,Hard,Multiple Choice,What album is the song 'New Slang' by The Shins found on?,"Oh, Inverted World",Wincing The Night Away,Chutes Too Narrow,Port Of Morrow
487,Entertainment: Japanese Anime & Manga,Medium,Multiple Choice,"What year did the anime ""Himouto! Umaru-chan"" air?",2015,2014,2012,2013
488,Politics,Medium,Multiple Choice,Which U.S. president is said to have had the longest beard?,Rutherford B. Hayes,Zachary Taylor,John Quincy Adams,James A. Garfield
489,Entertainment: Music,Medium,Multiple Choice,What is Brian May's guitar called?,Red Special,Blue Special,Green Special,Yellow Special
490,Entertainment: Video Games,Easy,Multiple Choice,"In Divinity: Original Sin II, what is the name of the skeletal origin character?",Fane,Lohse,The Red Prince,There are no skeletal origin characters
491,Entertainment: Film,Medium,Multiple Choice,"Who plays ""Bruce Wayne"" in the 2008 movie ""The Dark Knight""?",Christian Bale,Michael Caine,Ron Dean,Heath Ledger
492,General Knowledge,Easy,Multiple Choice,"According to the Book of Genesis in the Old Testament, how many days did it take God to create the world?",Six,Seven,One,Twelve
493,Entertainment: Comics,Hard,Multiple Choice,"In what year did the first ""The Walking Dead"" comic come out?",2003,2001,2006,1999
494,Entertainment: Music,Easy,Multiple Choice,"From which country did the song ""Gangnam Style"" originate from?",South Korea,Japan,North Korea,China
495,Entertainment: Film,Medium,Multiple Choice,"Which famous singer was portrayed by actor Kevin Spacey in the 2004 biographical film ""Beyond the Sea""?",Bobby Darin,Louis Armstrong,Frank Sinatra,Dean Martin
496,Entertainment: Cartoon & Animations,Easy,Multiple Choice,"In the show ""Steven Universe"", who are the main two employees of The Big Donut?",Sadie and Lars,Steven and James,Erik and Julie,Bob and May
497,Entertainment: Video Games,Easy,Multiple Choice,In the Yakuza series who is the Dragon of Dojima?,Kazuma Kiryu,Sohei Dojima,Ryuji Goda,Haruka Sawamura
498,Sports,Easy,Multiple Choice,Which team won 2014 FIFA World Cup in Brazil?,Germany,Argentina,Brazil,Netherlands
499,Entertainment: Video Games,Easy,Multiple Choice,"Which of these is NOT a playable character in ""Left 4 Dead""?",Nick,Louis,Zoey,Bill
500,Entertainment: Video Games,Hard,Multiple Choice,"Which monster in ""Monster Hunter Tri"" was causing earthquakes in Moga Village?",Ceadeus,Alatreon,Rathalos,Lagiacrus
501,Geography,Medium,Multiple Choice,Which of the following is not a megadiverse country - one that harbors a high number of the earth's endemic species?,Thailand,Peru,Mexico,South Africa
502,Science & Nature,Medium,True / False,"""Tachycardia"" or ""Tachyarrhythmia"" refers to a resting heart-rate near or over 100 BPM.",True,False,,
503,General Knowledge,Easy,Multiple Choice,What was the first ever London Underground line to be built?,Metropolitan Line,Circle Line,Bakerloo Line,Victoria Line
504,Entertainment: Books,Hard,Multiple Choice,"Where does the book ""The Silence of the Lambs"" get its title from?",The main character's trauma in childhood,The relation it has with killing the innocents,The villain's favourite meal,The voice of innocent people being shut by the powerful
505,Science: Computers,Hard,Multiple Choice,Who is the original author of the realtime physics engine called PhysX?,NovodeX,Ageia,Nvidia,AMD
506,Entertainment: Japanese Anime & Manga,Easy,Multiple Choice,"What caused the titular mascot of Yo-Kai Watch, Jibanyan, to become a yokai?",Being run over by a truck,Ate one too many chocobars,Through a magical ritual,When he put on the harmaki
507,Entertainment: Music,Hard,Multiple Choice,"What is the first track on the Dave Matthews Band album ""Before These Crowded Streets""?",Pantala Naga Pampa,Stay (Wasting Time),Rapunzel,Don't Drink The Water
508,History,Medium,True / False,United States President Ronald Reagan was the first president to appoint a woman to the Supreme Court. ,True,False,,
509,Entertainment: Video Games,Medium,Multiple Choice,"What type of genre is the controversial 2015 game ""Hatred""?",Shoot 'Em Up,Point & Click,MMORPG,Simulation
510,Entertainment: Music,Easy,Multiple Choice,Which of the following is an album by punk rock band Anti-Flag?,For Blood And Empire,Infinity On High,21st Century Breakdown,"No Pads, No Helmets...Just Balls"
511,Entertainment: Music,Hard,Multiple Choice,Which of these songs was released in 1996?,"The Smashing Pumpkins - ""1979""","Prince - ""1999""","James Blunt - ""1973""","David Bowie - ""1984"""
512,Entertainment: Video Games,Medium,True / False,"In Monster Hunter Generations, guild style is a type of hunting style.",True,False,,
513,Geography,Hard,Multiple Choice,How many islands does Kuwait have?,9,3,6,2
514,Mythology,Easy,Multiple Choice,Who was the only god from Greece who did not get a name change in Rome?,Apollo,Demeter,Zeus,Athena
515,Entertainment: Video Games,Easy,Multiple Choice,"Which of the following games was NOT included in Valve's ""The Orange Box""?",Left 4 Dead,Half-Life 2: Episode Two,Portal,Team Fortress 2
516,Entertainment: Film,Medium,Multiple Choice,"Who provided a majority of the songs and lyrics for ""Spirit: Stallion of the Cimarron""?",Bryan Adams,Smash Mouth,Oasis,Air Supply
517,Entertainment: Cartoon & Animations,Hard,Multiple Choice,"In the web-comic Homestuck, what is the name of the game the 4 kids play?",Sburb,Homesick,Husslie,Hiveswap
518,Entertainment: Video Games,Easy,True / False,"In Team Fortress 2, the weapon ""Your Eternal Reward"" is a reference to the 1992 film Aladdin.",True,False,,
519,General Knowledge,Easy,True / False,"Romanian belongs to the Romance language family, shared with French, Spanish, Portuguese and Italian. ",True,False,,
520,Entertainment: Video Games,Medium,Multiple Choice,The '64' in the Nintendo-64 console refers to what?,The bits in the CPU architecture,The number of megabytes of RAM,Capacity of the ROM Cartridges in megabytes,Clock speed of the CPU in Hertz
521,Science: Computers,Easy,Multiple Choice,This mobile OS held the largest market share in 2012.,iOS,Android,BlackBerry,Symbian
522,Entertainment: Board Games,Easy,Multiple Choice,"Which of these games includes the phrase ""Do not pass Go, do not collect $200""?",Monopoly,Pay Day,Cluedo,Coppit
523,Science: Gadgets,Easy,True / False,The communication protocol NFC stands for Near-Field Control.,False,True,,
524,Geography,Medium,Multiple Choice,Which is the only US state located entirely within the Appalachia region?,West Virginia,Pennsylvania,Alabama,Kentucky
525,General Knowledge,Medium,Multiple Choice,Which item of clothing is usually worn by a Scotsman at a wedding?,Kilt,Skirt,Dress,Rhobes
526,Entertainment: Television,Medium,Multiple Choice,"In ""Star Trek"", what is the Ferengi's First Rule of Acquisition?","Once you have their money, you never give it back. ",Never place friendship above profit,Greed is Eternal,Never allow family to stand in the way of opportunity
527,Entertainment: Video Games,Easy,Multiple Choice,How many differently shaped Tetris pieces are there?,7,5,6,8
528,Entertainment: Video Games,Easy,Multiple Choice,"In the Halo series, which era of SPARTAN is Master Chief? ",SPARTAN-II,SPARTAN-I,SPARTAN-III,SPARTAN-IV
529,Entertainment: Television,Medium,True / False,The White Ranger was the leader of the Power Rangers.,True,False,,
530,Entertainment: Television,Medium,Multiple Choice,"From what show is the character ""James Doakes""? ",Dexter,Marvel's Daredevil,Boardwalk Empire,The Walking Dead
531,Entertainment: Board Games,Medium,Multiple Choice,Which of the following tabletop games is the oldest?,Go,Chess,Mahjong,Shogi
532,Entertainment: Television,Easy,True / False,"In ""Star Trek"", Klaang is a typical Klingon male.",True,False,,
533,Entertainment: Video Games,Medium,Multiple Choice,What is the full name of the protagonist from the SNES game Clock Tower?,Jennifer Simpson,Jennifer Barrows,Jennifer Cartwright,Jennifer Maxwell
534,Entertainment: Music,Hard,Multiple Choice,"In Kendrick Lamar's 2012 album, ""Good Kid, M.A.A.D City"", the album's story takes place in which city?",Compton,Detroit,New York,Baltimore
535,Geography,Medium,Multiple Choice,How many time zones are in Russia?,11,8,5,2
536,Entertainment: Music,Easy,Multiple Choice,What is the frontman's name of the metal band Megadeth?,Dave Mustaine,Rob Halford,Vince Neil,James Hetfield
537,Science: Computers,Medium,Multiple Choice,What did the name of the Tor Anonymity Network orignially stand for?,The Onion Router,The Only Router,The Orange Router,The Ominous Router
538,Animals,Medium,Multiple Choice,What is the common term for bovine spongiform encephalopathy (BSE)?,Mad Cow disease,Weil's disease,Milk fever,Foot-and-mouth disease
539,Science: Computers,Hard,Multiple Choice,Which data structure does FILO apply to?,Stack,Queue,Heap,Tree
540,Science & Nature,Medium,True / False,Polaris is the brightest star in the northern hemisphere night sky.,False,True,,
541,Mythology,Easy,Multiple Choice,The Nike apparel and footwear brand takes it's name from the Greek goddess of what?,Victory,Courage,Strength,Honor
542,Animals,Easy,Multiple Choice,Wombats are native to which Country?,Australia,New Zealand,Papua New Guinea,Palau
543,General Knowledge,Medium,Multiple Choice,"Linus Pauling, one of the only winners of multiple Nobel Prizes, earned his Nobel Prizes in Chemistry and what?",Peace,Physics,Economics,Physiology/Medicine
544,Entertainment: Japanese Anime & Manga,Hard,Multiple Choice,"Which of the following countries does ""JoJo's Bizarre Adventure: Stardust Crusaders"" not take place in?",Philippines,India,Pakistan,Egypt
545,Geography,Medium,Multiple Choice,"In the 2016 Global Peace Index poll, out of 163 countries, what was the United States of America ranked?",103,10,59,79
546,Entertainment: Music,Hard,Multiple Choice,"Which Elton John hit starts with the line ""When are you gonna come down""?",Goodbye Yellow Brick Road,Rocket Man,Bennie and the Jets,Crocodile Rock
547,Science & Nature,Medium,Multiple Choice,The Sun consists of mostly which two elements?,Hydrogen & Helium,Hydrogen & Nitrogen,Carbon & Nitrogen,Carbon & Helium
548,Entertainment: Film,Hard,Multiple Choice,What was the last Marx Brothers film to feature Zeppo?,Duck Soup,A Night at the Opera,A Day at the Races,Monkey Business
549,Entertainment: Board Games,Hard,Multiple Choice,"In Magic: The Gathering, what term for blocking was established in the Portal set?",Intercepting,Blocking,Resisting,Shielding
550,Entertainment: Video Games,Medium,Multiple Choice,Who was the first female protagonist in a video game?,Samus Aran,Lara Croft,Alis Landale,Chell
551,Science: Computers,Hard,Multiple Choice,Which RAID array type is associated with data mirroring?,RAID 1,RAID 0,RAID 10,RAID 5
552,Sports,Medium,Multiple Choice,Which nation hosted the FIFA World Cup in 2006?,Germany,United Kingdom,Brazil,South Africa
553,Geography,Hard,Multiple Choice,Which of these cities has a 4° East longitude. ,Amsterdam,Rio de Janero,Toronto,Hong Kong
554,General Knowledge,Hard,Multiple Choice,Chartreuse is a color between yellow and what?,Green,Red,Black,Purple
555,Science & Nature,Medium,Multiple Choice,What is the Linnean name of the domestic apple tree?,Malus pumila,Malus americana,Pomus domestica,Appelus delectica
556,Entertainment: Cartoon & Animations,Easy,Multiple Choice,"What is lost in Hawaiian and is also the name of a little girl in a 2002 film which features a alien named ""Stitch""?",Lilo,Lolo,Lucy,Lulu
557,Science & Nature,Easy,Multiple Choice,What is the chemical makeup of water?,H20,C12H6O2,CO2,H
558,Art,Hard,Multiple Choice,What was the major distinction between the English and French Gothic styles of architecture?,Fan vaulting,Pinnacles,Gargoyles,Hemispherical Domes
559,Entertainment: Japanese Anime & Manga,Easy,Multiple Choice,Kirito and Asuna are main characters from which anime?,Sword Art Online,One Piece,Death Note,Fairy Tail
560,Entertainment: Video Games,Hard,Multiple Choice,The Bracken from Lethal Company is also known as:,The Flower Man,The Phantom,The Shadow Demon,Larry
561,Celebrities,Hard,Multiple Choice,Billy Herrington is from which US state?,New York,Arizona,California,Georgia
562,Entertainment: Books,Easy,Multiple Choice,What is the name of Sherlock Holmes's brother?,Mycroft Holmes,Mederi Holmes,Martin Holmes,Herbie Hancock Holmes
563,Entertainment: Video Games,Easy,Multiple Choice,"What is the name of the 4-armed Chaos Witch from the 2016 video game ""Battleborn""?",Orendi,Orendoo,Oranda,Randy
564,Science & Nature,Hard,Multiple Choice,What is the molecular formula of Glucose?,C6H12O6,C2H4O2,K+,CH4
565,General Knowledge,Medium,Multiple Choice,What year was Walt Disney born?,1901,1902,1903,1900
566,General Knowledge,Easy,Multiple Choice,Which American president appears on a one dollar bill?,George Washington,Thomas Jefferson,Abraham Lincoln,Benjamin Franklin
567,Geography,Easy,Multiple Choice,"Vatican City, the smallest country in the world, is fully enclosed by which country?",Italy,France,Spain,Germany
568,Entertainment: Japanese Anime & Manga,Medium,Multiple Choice,Which of the following films was NOT directed by Hayao Miyazaki?,Wolf Children,Princess Mononoke,Spirited Away,Kiki's Delivery Service
569,Sports,Hard,Multiple Choice,"What is the full name of the footballer ""Cristiano Ronaldo""?",Cristiano Ronaldo dos Santos Aveiro,Cristiano Ronaldo los Santos Diego,Cristiano Armando Diego Ronaldo,Cristiano Luis Armando Ronaldo
570,Geography,Medium,Multiple Choice,All of the following countries have official claims to territory in Antartica EXCEPT:,United States,Australia,Chile,Norway
571,Entertainment: Television,Medium,Multiple Choice,Alan Reed is known for providing the voice of which character?,Fred Flintstone,Bugs Bunny,Fangface,G.I. Joe
572,Entertainment: Japanese Anime & Manga,Medium,Multiple Choice,"In the anime ""Mr. Osomatsu"", how many brothers does Osomatsu-san have?",5,6,7,4
573,Entertainment: Video Games,Medium,Multiple Choice,What are tiny Thwomps called in Super Mario World?,Thwimps,Little Thwomp,Mini Thwomp,Tiny Tims
574,Entertainment: Music,Medium,Multiple Choice,Which of these bands is the oldest?,Pink Floyd,AC/DC,Metallica,Red Hot Chili Peppers
575,Entertainment: Japanese Anime & Manga,Hard,Multiple Choice,"In the anime, Full Metal Panic!, who is Kaname's best friend?",Kyoko Tokiwa,Melissa Mao,Ren Mikihara,"Teletha ""Tessa"" Testarossa"
576,Entertainment: Books,Hard,Multiple Choice,Which fictional English county was the setting for Thomas Hardy's novels?,Wessex,Barsetshire,Fulchester,Ambridge
577,Science: Computers,Medium,Multiple Choice,How many bytes are in a single Kibibyte?,1024,2400,1000,1240
578,Science & Nature,Medium,Multiple Choice,What do you study if you are studying entomology?,Insects,Humans,the Brain,Fish
579,Entertainment: Video Games,Medium,True / False,DragonForce's 'Through the Fire and Flames' is widely considered to be the hardest song in the Guitar Hero series.,True,False,,
580,Entertainment: Musicals & Theatres,Hard,Multiple Choice,"Who played ""Charlie Price"" in the musical ""Kinky Boots"" on Broadway in New York from May 26th - Aug 6th 2017?",Brendon Urie,Ed Sheeren,Tom Cruise,Dallon Weekes
581,Entertainment: Television,Easy,Multiple Choice,Which of these Disney shows is classified as an anime?,Stitch!,Cory in the House,The Emperor's New School,Hannah Montana
582,Entertainment: Books,Medium,Multiple Choice,"By what nickname is Jack Dawkins known in the Charles Dickens novel, 'Oliver Twist'?",The Artful Dodger,Fagin,Bull’s-eye,Mr. Fang
583,General Knowledge,Easy,Multiple Choice,What is the shortest month of the year?,February,December,April,September
584,Entertainment: Film,Easy,Multiple Choice,"Which of the following was not one of ""The Magnificent Seven""?",Clint Eastwood,Steve McQueen,Charles Bronson,Robert Vaughn
585,Geography,Medium,Multiple Choice,What's the first National Park designated in the United States?,Yellowstone,Sequoia ,Yosemite,Rocky Mountain
586,Entertainment: Television,Medium,Multiple Choice,Who was Firestorm's rival during the original run of UK Robot Wars?,Panic Attack,Razer,Chaos 2,Hypno Disc
587,Geography,Easy,Multiple Choice,Which continent is considered the largest and most populous continent in the world?,Asia,Africa,Europe,North America
588,Entertainment: Video Games,Medium,Multiple Choice,"In the game ""Terraria"", which of these bosses are pre-hardmode bosses?",Eye of Cthulhu,Plantera,Skeletron Prime,The Destroyer
589,History,Medium,Multiple Choice,Who was the last Roman emperor in the Year of Four Emperors (69 AD)?,Vespasian,Vitellius,Otho,Galba
590,Entertainment: Video Games,Easy,True / False,Nintendo's Luigi was originally just called Green Mario?,False,True,,
591,Entertainment: Video Games,Medium,Multiple Choice,What is the item required to summon the boss Duke Fishron in the game Terraria?,Truffle Worm,Suspicious Looking Fish,King Grasshopper,Slug
592,Entertainment: Film,Hard,Multiple Choice,"In the ""Jurassic Park"" universe, when did ""Jurassic Park: San Diego"" begin construction?",1985,1988,1986,1993
593,Entertainment: Music,Easy,Multiple Choice,"In the words of his 1973 song, Bob Dylan is ""knock, knock, knockin"" on which door?",Heaven's,Opportunity's,Angie's,Eileen's
594,History,Easy,Multiple Choice,Who succeded Josef Stalin as the leader of the Soviet Union?,Nikita Krushchev,Lavrentiy Beria,Vyacheslav Molotov,Georgy Malenkov
595,Entertainment: Japanese Anime & Manga,Easy,Multiple Choice,"In ""One Piece,"" what color is Tony Tony Chopper's nose?",Blue,Black,Grey,Red
596,Entertainment: Music,Easy,Multiple Choice,"The Red Hot Chili Pepper song ""Give It Away"" is from what album?",Blood Sugar Sex Magik,One Hot Minute,By the Way,Stadium Arcadium
597,Entertainment: Music,Hard,Multiple Choice,Who recorded the 1975 album 'Captain Fantastic and the Brown Dirt Cowboy'?,Elton John,John Denver,Billy Joel,Joe Cocker
598,Entertainment: Music,Easy,Multiple Choice,How many studio albums have the duo Daft Punk released?,4,1,5,2
599,Entertainment: Video Games,Easy,Multiple Choice,"In Super Mario Bros., who informs Mario that the princess is in another castle?",Toad,Luigi,Yoshi,Bowser
600,Entertainment: Video Games,Medium,Multiple Choice,"In Splatoon, what is the age that inklings can freely change between squid and humanoid forms?",14,13,16,10
601,Politics,Hard,Multiple Choice,Which of the following United States Presidents served the shortest term in office?,William Henry Harrison,Zachary Taylor,James A. Garfield,Warren G. Harding
602,History,Medium,Multiple Choice,Which Roman Emperor led the Roman Empire to reach its maximum territorial extent?,Trajan,Julius Caesar,Claudius,Constantine the Great
603,General Knowledge,Easy,True / False,Jingle Bells was originally meant for Thanksgiving,True,False,,
604,Entertainment: Television,Easy,Multiple Choice,"In ""Rick And Morty"", who shot ""Mr. Poopybutthole"" in the episode ""Total Rickall""?",Beth,Rick,Jerry,Morty
605,Science: Computers,Easy,Multiple Choice,What is the commonly used keyboard shortcut for the 'Copy' function on Windows OS?,Ctrl + C,Ctrl + X,Alt + C,Alt + X
606,Entertainment: Video Games,Medium,Multiple Choice,"In ""Kingdom Hearts"", what mission are Donald and Goofy assigned by King Mickey?",To find the Key bearer and stick with him!,To find the Key bearer and steal the key!,To find the Key bearer and report back!,To find the Key bearer and kill him!
607,Entertainment: Video Games,Easy,Multiple Choice,"Lanky, Funky, and Chunky are all characters featured in which series owned by Nintendo?",Donkey Kong,Mario,Kirby,Zelda
608,Animals,Medium,Multiple Choice,"For what reason would a spotted hyena ""laugh""?",Nervousness,Excitement,Aggression,Exhaustion
609,History,Hard,Multiple Choice,"During the Roman Triumvirate of 42 BCE, what region of the Roman Republic was given to Lepidus?",Hispania ,Italia,Gallia,Asia
610,Entertainment: Books,Easy,Multiple Choice,"Which famous spy novelist wrote the childrens' story ""Chitty-Chitty-Bang-Bang""?",Ian Fleming,Joseph Conrad,John Buchan,Graham Greene
611,Science: Computers,Easy,Multiple Choice,"In ""Hexadecimal"", what color would be displayed from the color code? ""#00FF00""?",Green,Red,Blue,Yellow
612,History,Hard,Multiple Choice,"From 1940 to 1942, what was the capital-in-exile of Free France ?",Brazzaville,Algiers,Paris,Tunis
613,Entertainment: Video Games,Easy,Multiple Choice,"In the game Warframe, what is the bipedal robot from the Corpus faction called?",MOA,Corpus Tech,Crewman,Corpus Walker
614,History,Medium,Multiple Choice,In what year was the video game company Electronic Arts founded?,1982,1999,1981,2005
615,Entertainment: Television,Hard,Multiple Choice,"In the TV Show ""Donkey Kong Country"", which episode did the song ""Eddie, Let Me Go Back To My Home"" play in?",It's a Wonderful Life,Message In A Bottle Show,To The Moon Baboon,Ape-Nesia
616,Entertainment: Video Games,Easy,Multiple Choice,"In World of Warcraft, What was the name of the spell that caused a plague that famously killed millions of players in 2005?",Corrupted Blood,Necrotic Plague,Unbound Infestation,Mutated Infection
617,Entertainment: Music,Hard,Multiple Choice,"Who sings the rap song ""Secret Wars Part 1""?",The Last Emperor,MC Frontalot,Busdriver,Masta Killa
618,Entertainment: Music,Easy,True / False,"John Williams composed the music for ""Star Wars"".",True,False,,
619,Entertainment: Music,Medium,Multiple Choice,"Which chain restaurant increased sales after it was mentioned in the 2016 Beyoncé song: ""Formation""?",Red Lobster,Outback Steakhouse,TGI Fridays,Applebee's
620,Geography,Medium,Multiple Choice,How many sovereign states are members of the United Nations?,195,201,153,178
621,General Knowledge,Hard,Multiple Choice,Where is Apple Inc. headquartered?,"Cupertino, California","Redwood City, California","Redmond, Washington","Santa Monica, CA"
622,Entertainment: Japanese Anime & Manga,Medium,Multiple Choice,"Which band name isn't a Stand in ""JoJo's Bizarre Adventure""?",AC/DC,Green Day,Survivor,Red Hot Chili Peppers
623,Entertainment: Video Games,Easy,Multiple Choice,"In Danganronpa: Trigger Happy Havoc, what is the protagonist's name?",Makoto Naegi,Hajime Hinata,Nagito Komaeda,Komaru Naegi
624,Entertainment: Video Games,Easy,True / False,"The Mann Co. Store from Team Fortress 2 has the slogan ""We hire mercenaries and get in fights"".",False,True,,
625,Entertainment: Video Games,Easy,Multiple Choice,Who is the main antagonist in the Portal franchise?,GLaDOS,Chell,Wheatley,Rick
626,Entertainment: Video Games,Easy,Multiple Choice,What is Pikachu's National PokéDex Number?,#025,#001,#031,#109
627,History,Easy,Multiple Choice,"In 1939, Britain and France declared war on Germany after it invaded which country?",Poland,Czechoslovakia,Austria,Hungary
628,Entertainment: Cartoon & Animations,Medium,Multiple Choice,"What Cartoon Network show aired its first episode on November 4th, 2013?",Steven Universe,Regular Show,Adventure Time,The Amazing World of Gumball
629,General Knowledge,Hard,Multiple Choice,What is the weight of a Gold Bar in Fallout: New Vegas?,35 Pounds,30 Pounds,40 Pounds,32.50 Pounds
630,History,Medium,Multiple Choice,Which of the following snipers has the highest amount of confirmed kills?,Simo Häyhä,Chris Kyle,Vasily Zaytsev,Craig Harrison
631,Entertainment: Music,Medium,Multiple Choice,"The co-creator of Gorillaz, Damon Albarn, is also the lead singer of what band?",Blur,Oasis,Radiohead,Queens of the Stone Age
632,Entertainment: Video Games,Hard,Multiple Choice,"How many aces can be shot down through the entirety of ""Ace Combat Zero: The Belkan War""?",169,100,132,245
633,Entertainment: Board Games,Medium,Multiple Choice,"In ""Magic: The Gathering"", what instant card has the highest converted mana cost?",Blinkmoth Infusion,Vitalizing Wind, Chant of Vitu-Ghazi,Assert Authority
634,Entertainment: Video Games,Hard,Multiple Choice,"In Rainbow 6 Siege, what is Ela and Zofia's last name?",Bosak,Kessikbayev,Zenaviev,Melnikova
635,History,Medium,Multiple Choice,In what prison was Adolf Hitler held in 1924?,Landsberg Prison,Spandau Prison,Ebrach Abbey,Hohenasperg
636,Entertainment: Music,Medium,Multiple Choice,'Don't You Want Me?' was a number one hit in 1981 for which electropop band?,Human League,Depeche Mode,Pet Shop Boys,Eurythmics
637,Science & Nature,Medium,True / False,El Niño pushes warm water to the coasts of the Western Pacific during winter.,True,False,,
638,History,Medium,Multiple Choice,Which WWII tank ace is credited with having destroyed the most tanks?,Kurt Knispel,Michael Wittmann,Walter Kniep,Otto Carius
639,General Knowledge,Medium,Multiple Choice,"What is the largest rapid transit system in the world by number of stations, with 472 stations in operation?",New York City Subway,Shanghai Metro,London Underground,Berlin U-Bahn
640,Entertainment: Video Games,Medium,Multiple Choice,What mainly favored rifle is used by the Terrorists in Counter Strike: Global Offensive?,AK-47,AK-74,M4A4,CZ-75 AUTO
641,Entertainment: Video Games,Medium,Multiple Choice,"Toby Fox's ""Megalovania"" was first used where?",Radiation's Earthbound Halloween Hack,Homestuck: [S] Wake,Undertale,Mother: Cognitive Dissonance
642,Entertainment: Video Games,Easy,Multiple Choice,Which of these characters is the mascot of the video game company SEGA?,Sonic the Hedgehog,Dynamite Headdy,Alex Kidd,Opa-Opa
643,Entertainment: Video Games,Hard,True / False,The retail disc of Tony Hawk's Pro Skater 5 only comes with the tutorial.,True,False,,
644,Entertainment: Video Games,Easy,True / False,"Big the Cat is a playable character in ""Sonic Generations"".",False,True,,
645,Vehicles,Hard,Multiple Choice,How much horsepower is produced by the SD40-2 Locomotive?,"3,000","3,200","2,578","2,190"
646,General Knowledge,Hard,Multiple Choice,What is the most commonly used noun in the English language?,Time,Home,Water,Man
647,Entertainment: Video Games,Medium,Multiple Choice,"What was the first ""Team Fortress 2"" update to include a war?",Sniper vs. Spy Update,WAR! Update,Meet Your Match Update,Spy Vs. Engineer Update
648,Entertainment: Video Games,Hard,Multiple Choice,What is the name of the virus that infected New York in Tom Clancy's The Division?,Dollar Flu,Ebola,Red Poison,Smallpox
649,Geography,Hard,Multiple Choice,Which of these island countries is located in the Caribbean?,Barbados,Fiji,Maldives,Seychelles
650,Geography,Medium,Multiple Choice,Which of these is NOT a city in Saudi Arabia?,Dubai,Riyadh,Mecca,Medina
651,History,Easy,Multiple Choice,When was Google founded?,"September 4, 1998","October 9, 1997","December 12, 1989","Feburary 7th, 2000"
652,Entertainment: Video Games,Hard,Multiple Choice,"How many trophies are there in ""Super Smash Bros. for Nintendo 3DS""?",685,1360,716,1155
653,Entertainment: Japanese Anime & Manga,Medium,Multiple Choice,"In ""JoJo's Bizarre Adventure"", which of the following Stands does NOT have a time-based ability?",20th Century Boy,Made in Heaven,Star Platinum,The World
654,Entertainment: Music,Hard,Multiple Choice,A Caixa Malacacheta is what kind of musical instrument which is commonly used in Latin American music?,Snare Drum,Cow Bell,Bass Drum,Maraca
655,Entertainment: Film,Easy,Multiple Choice,"In which film does Humphrey Bogart say the famous line, ""Here's looking at you, kid""?",Casablanca,The Maltese Falcon,The Treasure of the Sierra Madre,Citizen Kane
656,Entertainment: Video Games,Easy,True / False,Each piece in Tetris is called a tetris.,False,True,,
657,Sports,Easy,Multiple Choice,"In the 2014 FIFA World Cup, what was the final score in the match Brazil - Germany?",1-7,1-5,1-6,2-6
658,Entertainment: Japanese Anime & Manga,Medium,Multiple Choice,"In ""A Certain Magical Index,"" what is Accelerator able to control?",Vectors,Velocity,Quantums,Wormholes
659,Entertainment: Music,Medium,Multiple Choice,"Who performed the guitar solo on Michael Jackson's hit ""Beat It""?",Eddie Van Halen,Steve Vai,Kirk Hammett,Zakk Wylde
660,Entertainment: Video Games,Medium,Multiple Choice,"In the game ""Persona 4"", what is the canonical name of the protagonist?",Yu Narukami,Chino Mashido,Tunki Sunada,Masaki Narinaka
661,Entertainment: Cartoon & Animations,Medium,Multiple Choice,What is the name of Ruby Rose's weapon from RWBY?,Crescent Rose,Thorned Rosebud,Magnhild,Crooked Scythe
662,Science & Nature,Hard,Multiple Choice,Which of these chemical compounds is NOT found in gastric acid?,Sulfuric acid,Hydrochloric acid,Potassium chloride,Sodium chloride
663,Geography,Easy,Multiple Choice,Which of the following former Yugoslavian states is landlocked?,Serbia,Bosnia and Herzegovina,Montenegro,Croatia
664,General Knowledge,Medium,Multiple Choice,Which mountain has the highest peak in Africa?,"Mount Kilimanjaro, Tanzania","Mount Kenya, Kenya","Mount Stanley, DR Congo/Uganda","Mount Speke, Uganda"
665,History,Hard,Multiple Choice,What was the first recorded object to ever reach space?,Bumper-WAC,American Manhole Cover,Sputnik I ,Sputnik II
666,Animals,Easy,True / False,Rabbits are carnivores.,False,True,,
667,Entertainment: Music,Medium,Multiple Choice,"Where does ""Gasolina"" rapper Daddy Yankee originate from?",Puerto Rico,Cuba,Mexico,Spain
668,Art,Medium,Multiple Choice,"Who painted the painting ""Nighthawks""?",Edward Hopper,Johannes Vermeer,Vincent van Gogh,Salvador Dali
669,Geography,Hard,Multiple Choice,What is the second-largest city in Lithuania?,Kaunas,Panevėžys,Vilnius,Klaipėda
670,Science & Nature,Medium,Multiple Choice,How many teeth does the average adult mouth have (except for wisdom teeth)?,32,36,20,28
671,General Knowledge,Hard,Multiple Choice,"What is the romanized Chinese word for ""airplane""?",Feiji,Qiche,Zongxian,Huojian
672,Geography,Easy,Multiple Choice,What is the capital of Spain?,Madrid,Barcelona,Sevilla,Toledo
673,Entertainment: Television,Medium,Multiple Choice,"What is the setting of the show ""Parks and Recreation""?","Pawnee, Indiana","Eagleton, Indiana","Pasadena, California","London, England"
674,Art,Easy,Multiple Choice,Which artist painted the late 15th century mural 'The Last Supper'?,Leonardo da Vinci,Piero della Francesca,Paolo Uccello,Luca Pacioli
675,History,Hard,Multiple Choice,Which countries participated in the Lobster War?,France and Brazil,Canada and Norway,Australia and New Zealand,United States and England
676,Entertainment: Cartoon & Animations,Hard,Multiple Choice,"In ""Gravity Falls"", how much does Waddles weigh when Mable wins him in ""The Time Traveler's Pig""?",15 pounds,20 pounds,10 pounds,30 pounds
677,Entertainment: Video Games,Medium,Multiple Choice,Which of the following was not developed by Bethesda?,Fallout: New Vegas,Fallout 3,The Elder Scrolls V: Skyrim,Fallout 4
678,Entertainment: Video Games,Medium,Multiple Choice,What were the first two Pokémon games released?,Red and Green,Red and Blue,Green and Blue,Red and Yellow
679,Vehicles,Easy,Multiple Choice,What is the fastest road legal car in the world?,Koenigsegg Agera RS,Hennessy Venom GT,Bugatti Veyron Super Sport,Pagani Huayra BC
680,Geography,Easy,Multiple Choice,The Alps are a mountain range on which continent?,Europe,North America,Asia,Africa
681,Entertainment: Video Games,Easy,Multiple Choice,"In ""Phoenix Wright: Ace Attorney"" which character is the District Chief of Police?",Damon Gant,Miles Edgeworth,Lana Skye,Mike Meekins
682,Entertainment: Comics,Medium,Multiple Choice,What is the real full name of Captain America?,Steven Grant Rogers ,Steven John Rogers,Steven Peggy Rogers,Steven William Rogers
683,Politics,Medium,True / False,George W. Bush lost the popular vote in the 2004 United States presidential election.,False,True,,
684,Entertainment: Video Games,Easy,Multiple Choice,"What Ultimate does Makoto Naegi, protagonist of Danganronpa: Trigger Happy Havoc, have? ",Ultimate Lucky Student,Ultimate Unlucky Student,Ultimate Detective,Ultimate Runner
685,Entertainment: Video Games,Hard,Multiple Choice,"When was the first ""Half-Life"" released?",1998,2004,1999,1997
686,General Knowledge,Hard,Multiple Choice,Which of the following chemicals are found in eggplant seeds?,Nicotine,Mescaline,Cyanide,Psilocybin
687,Entertainment: Film,Medium,Multiple Choice,Who voiced the character Draco in the 1996 movie 'DragonHeart'?,Sean Connery,Dennis Quaid,Pete Postlethwaite,Brian Thompson
688,Entertainment: Video Games,Hard,Multiple Choice,What Pokémon's Base Stat Total does not change when it evolves?,Scyther,Pikachu,Sneasel,Larvesta
689,Entertainment: Film,Hard,Multiple Choice,"According to ""Star Wars"" lore, which planet does Obi-Wan Kenobi come from?",Stewjon,Alderaan,Tatooine,Naboo
690,Entertainment: Japanese Anime & Manga,Hard,Multiple Choice,"In the first episode of Yu-Gi-Oh: Duel Monsters, what book is Seto Kaiba seen reading at Domino High School?",Thus Spoke Zarathustra,Beyond Good and Evil,The Republic,Meditations
691,Sports,Medium,Multiple Choice,In what country were the 2014 Winter Olympics held in the town of Sochi?,Russia,South Korea,Norway,Canada
692,Science & Nature,Medium,True / False,Shrimp can swim backwards.,True,False,,
693,Sports,Easy,Multiple Choice,What is the name of Manchester United's home stadium?,Old Trafford,Anfield,City of Manchester Stadium,St James Park
694,Art,Hard,True / False,"The name ""Impressionsim"" was first given to that art movement by a critic's satirical review of a Monet painting.",True,False,,
695,Entertainment: Japanese Anime & Manga,Easy,Multiple Choice,"Satella in ""Re:Zero"" is the witch of what?",Envy,Pride,Sloth,Wrath
696,Entertainment: Film,Medium,Multiple Choice,"Brendan Fraser starred in the following movies, except which one?",Titanic,Monkeybone,Encino Man,Mrs. Winterbourne
697,Entertainment: Video Games,Hard,Multiple Choice,"In Diablo lore, this lesser evil spawned from one of the seven heads of Tathamet, and was known as the Maiden of Anguish.",Andariel,Valla,Malthael,Kashya
698,Entertainment: Video Games,Easy,Multiple Choice,"In the game ""Dead Rising"", what is the profession of the main character Frank West?",Photojournalist,Motorbike Performer,Bartender,Mechanic
699,Entertainment: Video Games,Medium,Multiple Choice,In what year was the original Sonic the Hedgehog game released?,1991,1989,1993,1995
700,Entertainment: Video Games,Hard,Multiple Choice,"In the Zombies mode of ""Call of Duty: Black Ops"", what is the ""Pack-A-Punched"" version of the ""Galil"" called?",Lamentation,Galvanized Atomic Lead Insertion Liquidator,Gabig,Predictive Death Wish
701,Science: Mathematics,Hard,Multiple Choice,What is the derivative of Acceleration with respect to time?,Jerk,Shift,Bump,Slide
702,History,Medium,Multiple Choice,Which dictator killed the most people?,Mao Zedong,Joseph Stalin,Adolf Hitler,Kim Il Sung
703,Geography,Hard,Multiple Choice,Which city is the capital of Michigan?,Lansing,Kalamazoo,Ann Arbor,Detroit
704,Entertainment: Video Games,Hard,Multiple Choice,What are the chances of being dealt a Royal Flush within Poker/Video Poker?,"1 in 649,740","1 in 763,302","1 in 499,304","1 in 311,875,200"
705,Vehicles,Medium,Multiple Choice,Which of the following passenger jets is the longest?,Boeing 747-8,Airbus A350-1000,Airbus A330-200,Boeing 787-10
706,Science & Nature,Medium,Multiple Choice,What is the name of the cognitive bias wherein a person with low ability in a particular skill mistake themselves as being superior?,Dunning-Kruger effect,Meyers-Briggs effect,Müller-Lyer effect,Freud-Hall effect
707,Vehicles,Hard,Multiple Choice,Which one of the following is NOT a sub-company of the Volkswagen Group?,Opel,Porsche,Bugatti,Bentley
708,Mythology,Medium,Multiple Choice,Who is the god of war in Polynesian mythology?,'Oro,Hina,Kohara,Māui
709,Science: Computers,Medium,True / False,Android versions are named in alphabetical order.,True,False,,
710,Entertainment: Video Games,Easy,Multiple Choice,"""Minecraft"" was released from beta in 2011 during a convention held in which city?",Las Vegas,Paris,Bellevue,London
711,Science: Computers,Medium,True / False,The ARM computer chip was originally developed by Acorn Computers.,True,False,,
712,Entertainment: Film,Medium,Multiple Choice,"Which star actor was in ""Top Gun"", ""Jerry Maguire"" and ""Born on the Fourth of July""?",Tom Cruise,Kelly McGillis,John Travolta,George Clooney
713,History,Medium,Multiple Choice,Which of the following battles is often considered as marking the beginning of the fall of the Western Roman Empire?,Battle of Adrianople,Battle of Thessalonica,Battle of Pollentia,Battle of Constantinople
714,Geography,Medium,Multiple Choice,What is the capital of Lithuania?,Vilnius,Tallinn,Helsinki,Riga
715,Entertainment: Video Games,Medium,Multiple Choice,What video game genre were the original Warcraft games?,RTS (Real Time Strategy),RPG (Role Playing Game),TBS (Turn Based Strategy),MMO (Massively Multiplayer Online)
716,Entertainment: Video Games,Easy,Multiple Choice,"In ""Yo! Noid 2,"" The Noid can perform what special move?",Dab,Pizza Throw,Dodge Roll,Spin Dash
717,Entertainment: Video Games,Easy,True / False,"The main playable character of the 2015 RPG ""Undertale"" is a monster.",False,True,,
718,Entertainment: Film,Hard,Multiple Choice,"In the ""Jurassic Park"" universe, what was the first dinosaur cloned by InGen in 1986?",Velociraptor,Triceratops,Troodon,Brachiosaurus
719,Art,Medium,Multiple Choice,Which time signature is commonly known as “Cut Time?”,2/2,4/4,6/8,3/4
720,General Knowledge,Easy,Multiple Choice,What step in cellular respiration forms ATP?,Oxidative Phosphorylation,Glycolysis,Pyruvate Oxidation,Calvin Cycle
721,Science & Nature,Medium,Multiple Choice,What is an alternative name for multiple personality disorder?,Dissociative identity disorder,Body integrity identity disorder,Identity crisis,Schizophrenia
722,Geography,Medium,Multiple Choice,What is the capital of the U.S. state Texas?,Austin,Dallas,Santa Fe,Houston
723,Science & Nature,Hard,Multiple Choice,Which major extinction event was caused by an asteroid collision and eliminated the majority of non-avian dinosaurs?,Cretaceous-Paleogene,Triassic–Jurassic,Permian–Triassic,Ordovician–Silurian
724,Science & Nature,Easy,Multiple Choice,Which Apollo mission was the first one to land on the Moon?,Apollo 11,Apollo 10,Apollo 9,Apollo 13
725,Entertainment: Video Games,Easy,Multiple Choice,"In the original Mega Man series, who is Mega Man's arch nemesis?",Dr. Wily,Dr. Light,Dr. Bad,Mr. Z
726,Entertainment: Video Games,Easy,True / False,There are 2 player roles in Trouble in Terrorist Town.,False,True,,
727,Science & Nature,Easy,Multiple Choice,"What was the name of the first artificial Earth satellite, launched by the Soviet Union in 1957?",Sputnik 1,Soyuz 7K-OK,Zenit-2,Voskhod 3KV
728,Art,Hard,True / False,A typical trait of the Expressionist art movement is to distort the world radically for emotional effect.,True,False,,
729,Celebrities,Hard,Multiple Choice,Gabe Newell was born in which year?,1962 ,1970,1960,1972
730,Science: Gadgets,Medium,Multiple Choice,What was the first Infinity Coaster in the world and where is it located?,"The Smiler, Alton Towers, UK","Madagascar Mad Pursuit, Motiongate Dubai, UAE","Gold Rush, Slagharen, Netherlands ","Monster, Adventureland Altoona, USA"
731,Politics,Easy,True / False,One of Donald Trump's 2016 Presidential Campaign promises was to build a border wall between the United States and Mexico.,True,False,,
732,Entertainment: Film,Hard,Multiple Choice,"In ""Star Trek Nemesis"", why was Praetor Shinzon created?",To replace Picard as a Romulan Agent,To destroy the Enterprise,To become Picard's friend ,To steal the Enterprise
733,Entertainment: Film,Easy,Multiple Choice,7-Eleven stores were temporarily converted into Kwik E-marts to promote the release of what movie?,The Simpsons Movie,Spider-Man 3,Shrek the Third,Ratatouille
734,Geography,Hard,Multiple Choice,Which country is the Taedong River in?,North Korea,South Korea,Japan,China
735,Entertainment: Television,Easy,Multiple Choice,In which state of America was the Fresh Prince of Bel-Air born and raised in?,Pennsylvania,Florida,California,New Jersey
736,History,Medium,Multiple Choice,"During what war did the ""Cuban Missile Crisis"" occur?",Cold War,World War I,World War II,Revolutionary War
737,Entertainment: Music,Medium,Multiple Choice,What is the real name of prominent electronic musician Aphex Twin?,Richard D. James,Richard M. Hall,Richard W. Wright,Richard H. Blackmore
738,Geography,Medium,Multiple Choice,What is the capital city of the U.S. state of Texas?,Austin,Dallas,Houston,San Antonio
739,Vehicles,Hard,True / False,"The term ""GTO"" was originated by Ferrari?",True,False,,
740,Entertainment: Musicals & Theatres,Medium,Multiple Choice,"What play is the quote ""Hell is other people"" from?",No Exit,The Devil and the Good Lord,The Condemned of Altona,The Flies
741,Entertainment: Board Games,Easy,True / False,"In the Dungeons and Dragons universe, Beshaba is the deity of bad luck. ",True,False,,
742,General Knowledge,Medium,True / False,Instant mashed potatoes were invented by Canadian Edward Asselbergs in 1962.,True,False,,
743,Entertainment: Board Games,Medium,Multiple Choice,What letter is used to refer to blue mana in the card game Magic The Gathering?,U,B,L,E
744,Science: Gadgets,Easy,Multiple Choice,When was the iPhone released?,2007,2005,2006,2004
745,General Knowledge,Medium,Multiple Choice,Which river flows through the Scottish city of Glasgow?,Clyde,Tay,Dee,Tweed
746,Sports,Easy,Multiple Choice,"What sport features the terms love, deuce, match and volley?",Tennis,Cricket,Basketball,Curling
747,Entertainment: Video Games,Medium,Multiple Choice,"In Skylanders Giants, why was Zaps' Wow Pow named ""For Riley"" ?",As a tribute to a fan who passed away,As a reference to a film,After one of the writers of the game,After a voice actor
748,Science: Computers,Medium,Multiple Choice,"In computing terms, typically what does CLI stand for?",Command Line Interface,Common Language Input,Control Line Interface,Common Language Interface
749,Sports,Medium,Multiple Choice,Which of these English football clubs is based in Liverpool?,Everton,West Ham United,Crystal Palace,Arsenal
750,Entertainment: Japanese Anime & Manga,Hard,Multiple Choice,Who was the Author of the manga Monster Hunter Orage?,Hiro Mashima,Shin Yamamoto,Keiichi Hikami,Hirohiko Araki
751,Animals,Hard,Multiple Choice,What is the Gray Wolf's scientific name?,Canis Lupus,Canis Aureus,Canis Latrans,Canis Lupus Lycaon
752,Entertainment: Video Games,Medium,True / False,David Baszucki was a co-founder of ROBLOX Corporation.,True,False,,
753,Science: Mathematics,Medium,Multiple Choice,At what temperature does temp in °C equal temp in °F?,-40,+40,0,+100
754,Entertainment: Japanese Anime & Manga,Easy,Multiple Choice,Which of the following originated as a manga?,Akira,Cowboy Bebop,High School DxD,Gurren Lagann
755,Entertainment: Music,Medium,Multiple Choice,African-American performer Sammy Davis Jr. was known for losing which part of his body in a car accident?,Left Eye,Right Ear,Right Middle Finger,Nose
756,Entertainment: Video Games,Easy,Multiple Choice,"In the Super Smash Bros. series, which character was the first one to return to the series after being absent from a previous game?",Dr. Mario,Mewtwo,Lucas,Roy
757,Entertainment: Video Games,Medium,Multiple Choice,"In Night in the Woods, which instrument did Casey play?",Drums,Bass,Piano,Sax
758,Entertainment: Japanese Anime & Manga,Medium,True / False,"The anime Attack on Titan was directed by Tetsurō Araki, the same person who directed the anime Highschool of the Dead.",True,False,,
759,Entertainment: Music,Easy,True / False,Stevie Wonder's real name is Stevland Hardaway Morris.,True,False,,
760,Entertainment: Film,Medium,Multiple Choice,Which one of these action movies are shot entirely in one take?,Victoria,Ip Man 2,The Bourne Legacy,Léon: The Professional
761,Entertainment: Japanese Anime & Manga,Medium,Multiple Choice,"In ""Toriko"", which of the following foods is knowingly compatible with Toriko?",Poison Potato,Mors Oil,Alpacookie,Parmesansho Fruit
762,Geography,Easy,Multiple Choice,What is the capital of the US State of New York?,Albany,Buffalo,New York,Rochester
763,General Knowledge,Medium,True / False,Crystal Pepsi was first sold in US markets in 1993.,False,True,,
764,Entertainment: Music,Medium,Multiple Choice,"Which of these is not a single by Pink Floyd guitarist, David Gilmour?",Sunset Strip,Rattle That Lock,Blue Light,Arnold Layne
765,Entertainment: Music,Medium,Multiple Choice,"According to their 1974 hit, what were Brownsville Station doing ""In The Boys' Room""?",Smokin',Hangin',Lovin',Peein'
766,Entertainment: Film,Easy,Multiple Choice,"In ""Jurassic World"", what is the name of the dinosaur that is a genetic hybrid?",Indominus Rex,Mosasaurus,Pteranodon,Tyrannosaurus Rex 
767,History,Hard,Multiple Choice,The Bohemian Revolt (1618-1620) started after Protestants in Prague did what to their Catholic Lords Regents?,Threw them out of a window,Insulted their mothers,Locked them in stockades,Hung them.
768,Entertainment: Japanese Anime & Manga,Medium,Multiple Choice,Who is the main character in One Piece?,Luffy,Shanks,Zoro,Smoker
769,Entertainment: Japanese Anime & Manga,Medium,Multiple Choice,"In the anime, ""Fullmetal Alchemist"", who is known as the 'Flame Alchemist'?",Roy Mustang,Edward Elric,Maes Hughes,Lin Yao
770,Politics,Hard,True / False,Nazi Germany surrendered on Harry Truman's birthday while he was president.,True,False,,
771,Science & Nature,Easy,Multiple Choice,What is the standard SI unit for temperature?,Kelvin,Fahrenheit,Celsius,Rankine
772,Geography,Medium,Multiple Choice,What mountain range lines the border between Spain and France?,Pyrenees,Alps,Carpathians,Urals
773,History,Medium,Multiple Choice,Who was the first mammal successfully launched into Earth's orbit?,"Laika, the dog","Ham, the chimpanzee","Baker, the monkey","Belka, the dog"
774,Animals,Medium,Multiple Choice,Cashmere is the wool from which kind of animal?,Goat,Sheep,Camel,Llama
775,Entertainment: Books,Easy,Multiple Choice,"Who wrote ""A Tale of Two Cities""?",Charles Dickens,Charles Darwin,Mark Twain,Roald Dahl
776,General Knowledge,Medium,Multiple Choice,Which of these companies does NOT manufacture automobiles?,Ducati,Nissan,GMC,Fiat
777,Entertainment: Television,Medium,Multiple Choice,How long was Ken Jennings' win streak on Jeopardy?,74,88,49,62
778,Science: Mathematics,Easy,Multiple Choice,What is a polygon with eight sides called?,Octagon,Hexagon,Nanagon,Heptagon
779,Entertainment: Video Games,Medium,Multiple Choice,What is the AK-47's name in Counter Strike: Source?,CV-47,AK-74,AK,CZ-75
780,Entertainment: Video Games,Medium,Multiple Choice,"In Undertale, how much do Spider Donuts cost in Hotland?",9999G,7G,40G,12G
781,History,Medium,Multiple Choice,"What is the bloodiest event in United States history, in terms of casualties?",Battle of Antietam,Pearl Harbor,September 11th,D-Day
782,Entertainment: Music,Medium,Multiple Choice,Which of these is NOT a song by Pegboard Nerds?,WiFi Tears,Swamp Thing,Emoji,BAMF
783,Entertainment: Video Games,Easy,True / False,"The game ""Battlefield 1"" takes place during World War I.",True,False,,
784,General Knowledge,Medium,Multiple Choice,What is a Burgee?,A flag,A rope,A window,A type of food
785,Entertainment: Music,Medium,Multiple Choice,Which of these artists has NOT been a member of dancehall group Major Lazer?,Skrillex,Diplo,Jillionaire,Walshy Fire
786,Entertainment: Video Games,Medium,Multiple Choice,"The video game publishers known as ""tinyBuild"" published which of these games?",Clustertruck,Don't Starve,Stardew Valley,Slime Rancher
787,Sports,Easy,Multiple Choice,"What is the name of the ""tool"" used to hit the white ball in snooker or billiards?",Cue,Racquet,Bat,Mallet
788,Entertainment: Board Games,Easy,True / False,"There is a Donald Trump Board Game, which was made in 1989.",True,False,,
789,Sports,Easy,Multiple Choice,"In golf, what name is given to a hole score of two under par?",Eagle,Birdie,Bogey,Albatross
790,Vehicles,Medium,Multiple Choice,Which of the following car models has been badge-engineered (rebadged) the most?,Isuzu Trooper,Holden Monaro,Suzuki Swift,Chevy Camaro
791,Art,Hard,Multiple Choice,Which art movement was Pablo Picasso known for co-founding?,Cubism,Futurism,Expressionism,Impressionism
792,Science & Nature,Medium,Multiple Choice,What is the study of the cells and tissues of plants and animals?,Histology,Microbiology,Anatomy,Biochemistry
793,Entertainment: Video Games,Medium,Multiple Choice,"When was the video game ""P.A.M.E.L.A."" released on Steam?","March 9, 2017","January 7, 2007","October 23, 1997","February 16, 2015"
794,Science: Computers,Easy,Multiple Choice,"When Gmail first launched, how much storage did it provide for your email?",1GB,512MB,5GB,Unlimited
795,Entertainment: Board Games,Hard,Multiple Choice,"Which of these cards from ""Magic: The Gathering"" has a flavor text that begins with ""Oi oi oi""?",Uthden Troll,Lotleth Troll,Albino Troll,Harvester Troll
796,Science & Nature,Medium,True / False,The most frequent subconscious activity repeated by the human body is blinking.,False,True,,
797,Politics,Medium,Multiple Choice,Who succeeded Joseph Stalin as General Secretary of the Communist Party of the Soviet Union?,Nikita Khrushchev,Leonid Brezhnev,Mikhail Gorbachev,Boris Yeltsin
798,General Knowledge,Easy,True / False,The Sun rises from the North.,False,True,,
799,Entertainment: Music,Easy,True / False,The music group Daft Punk got their name from a negative review they received.,True,False,,
800,Entertainment: Video Games,Easy,Multiple Choice,Which of these is NOT a player class in Team Fortress 2?,Healer,Demoman,Pyro,Spy
801,Geography,Medium,Multiple Choice,What event led to Liechenstein adding a crown to its flag?,The 1936 Olympics,Coronation of Prince Johann I Joseph in 1805,Charles VI's decree in 1719,Signing of the 1862 Constitution of Liechtenstein
802,Entertainment: Books,Medium,Multiple Choice,"In the ""The Hobbit"", who kills Smaug?",Bard,Bilbo Baggins,Gandalf the Grey,Frodo
803,Geography,Medium,Multiple Choice,Which islands below have been claimed by both Japan and Russia?,Kuril Islands,Paracel Islands,Chagos Islands,Spratly Islands
804,General Knowledge,Easy,Multiple Choice,Trypophobia is the fear of ,groups of holes,swimming in deep water,public speaking,eating too much
805,Art,Hard,Multiple Choice,What was the first successful and commercially viable photographic technique?,The Daguerreotype,Collodion process,The Turin Shroud,Kodachrome film
806,General Knowledge,Easy,Multiple Choice,Which of the following landmarks is not located in New York City?,Lincoln Memorial,Empire State Building,Times Square,Central Park
807,General Knowledge,Easy,Multiple Choice,"In ""Katamari Damacy"", you control a character known as:",The Prince,Fujio,Ichigo ,Foomin
808,Geography,Easy,True / False,Toronto is the capital city of the North American country of Canada.,False,True,,
809,Politics,Hard,Multiple Choice,"Starting from 2000, China banned manufacturing and sales of all video game consoles. On which year was this ban lifted?",2015,2012,2008,2017
810,Entertainment: Film,Medium,Multiple Choice,Who played Sgt. Gordon Elias in 'Platoon' (1986)?,Willem Dafoe,Charlie Sheen,Matt Damon,Johnny Depp
811,General Knowledge,Easy,Multiple Choice,What is Cynophobia the fear of?,Dogs,Birds,Flying,Germs
812,Entertainment: Books,Easy,Multiple Choice,What is the name of the three headed dog in Harry Potter and the Sorcerer's Stone?,Fluffy,Spike,Poofy,Spot
813,Vehicles,Easy,Multiple Choice,"Where are the cars of the brand ""Ferrari"" manufactured?",Italy,Romania,Germany,Russia
814,Entertainment: Video Games,Easy,Multiple Choice,"In the second-generation Pokémon games, which Pokémon can you start with?","Chikorita, Cyndaquil, and Totodile","Bulbasaur, Charmander, and Squirtle","Treecko,Torchic, and Mudkip","Grassy, Firey, and Watery"
815,Entertainment: Video Games,Hard,Multiple Choice,"In the Nintendo Game Splatoon 2, what is Marina's screen name?",DJ_Hyperfresh,MC.princess,Kidnotsquid123,I<30ffTh3H00k
816,Mythology,Medium,Multiple Choice,"Which greek god/goddess tossed a golden apple with the words ""for the fairest"" into the middle of the feast of the gods?",Eris,Hades,Ares,Artemis
817,Entertainment: Video Games,Easy,Multiple Choice,Aperture Science CEO Cave Johnson is voiced by which American actor?,J.K. Simmons,Nolan North,John Patrick Lowrie,Christopher Lloyd
818,Entertainment: Music,Easy,Multiple Choice,"Who is the musical artist who released the hit song, ""Love Song,"" in 2007?",Sara Bareilles,Taylor Swift,Katy Perry,Sarah Silverman
819,Entertainment: Video Games,Easy,True / False,"In 2019, Minecraft outsold Tetris to become the world's best-selling video game.",True,False,,
820,Entertainment: Film,Easy,True / False,"The 2010 film ""The Social Network"" is a biographical drama film about MySpace founder Tom Anderson.",False,True,,
821,Entertainment: Music,Medium,Multiple Choice,"The 2010 song ""Eenie Meenie"" was a collaboration between which two popular artists?",Sean Kingston & Justin Bieber,Eminem & Rihanna,Usher & Pitbull,Lady Gaga & Beyoncé
822,Entertainment: Music,Medium,Multiple Choice,"Which band released the album ""Sonic Highways"" in 2014?",Foo Fighters,Coldplay,Nickelback,The Flaming Lips
823,Science & Nature,Easy,Multiple Choice,What lies at the center of our galaxy?,A black hole,A wormhole,A supernova,A quasar
824,Geography,Medium,Multiple Choice,"On a London Underground map, what colour is the Circle Line?",Yellow,Red,Blue,Green
825,Entertainment: Music,Medium,Multiple Choice,Who is the bassist of the British rock band Queen?,John Deacon,John Major,John Barrowman,John Mayer
826,Entertainment: Video Games,Medium,Multiple Choice,What is the name of the protagonist of Life Is Strange?,Max Caulfield,Frank Bowers,Rachel Amber,Kate Marsh
827,Entertainment: Video Games,Hard,Multiple Choice,Which drive form was added into Kingdom Hearts II Final Mix?,Limit Form,Valor Form,Wisdom Form,Anti Form
828,General Knowledge,Medium,Multiple Choice,What is a dead mall?,A mall with high vacancy rates or low consumer foot traffic,A mall with no stores,A mall that has been condemed,A mall after business hours
829,Entertainment: Video Games,Easy,True / False,In Kingdom Hearts the Paopu fruit is said to intertwine the destinies for two people forever.,True,False,,
830,Entertainment: Video Games,Medium,Multiple Choice,"What CoD ""Deathstreak"" is only featured in Call of Duty : Modern Warfare 2?",Copycat, Martrydom,Final Stand,Revenge
831,Entertainment: Music,Medium,Multiple Choice,What's the most common time signature for rock songs?,4/4,1/2,8/12,2/4
832,Entertainment: Video Games,Easy,True / False,"In the game Dead by Daylight, the killer Michael Myers is refered to as ""The Shape"".",True,False,,
833,Entertainment: Japanese Anime & Manga,Medium,Multiple Choice,"Who is the creator of the manga series ""One Piece""?",Eiichiro Oda,Yoshihiro Togashi,Hayao Miyazaki,Masashi Kishimoto
834,Entertainment: Video Games,Medium,Multiple Choice,"In vanilla Minecraft, you can make armor out of all BUT which of the following?",Emeralds,Diamonds,Iron,Leather
835,Science: Mathematics,Easy,Multiple Choice,How many sides does a trapezium have?,4,3,5,6
836,History,Easy,Multiple Choice,"Which famous world leader is famed for the saying, ""Let them eat cake"", yet is rumored that he/she never said it at all?",Marie Antoinette,Czar Nicholas II,Elizabeth I,Henry VIII
837,History,Hard,Multiple Choice,Which day did World War I begin?,July 28,January 28,June 28,April 28
838,Entertainment: Video Games,Medium,Multiple Choice,"In the Portal series of games, who was the founder of Aperture Science?",Cave Johnson,GLaDOs,Wallace Breen,Gordon Freeman
839,Sports,Medium,Multiple Choice,The F1 season of 1994 is remembered for what tragic event?,Death of Ayrton Senna (San Marino),The Showdown (Australia),Verstappen on Fire (Germany),Schumacher's Ban (Britain)
840,Science & Nature,Hard,Multiple Choice,How long is a light-year?,9.461 Trillion Kilometres,1 AU,105.40 Earth-years,501.2 Million Miles
841,Vehicles,Medium,Multiple Choice,What was the aircraft registration for the last Concorde built?,G-BOAF,F-BTSC,G-BOAC,F-BVFF
842,Entertainment: Music,Medium,Multiple Choice,"Who was the guitarist in the band ""The Doors""?",Robby Krieger,Eric Clapton,John Densmore,Jimi Hendrix
843,Entertainment: Comics,Easy,Multiple Choice,"This Marvel superhero is often called ""The man without fear"".",Daredevil,Thor,Wolverine,Hulk
844,General Knowledge,Medium,Multiple Choice,"What English word means to ""think deeply""?",Contemplate,Confiscate,Constipate,Condensate
845,Entertainment: Film,Hard,Multiple Choice,In what year was the first Indian movie submitted for an Oscar?,1957,1962,1938,1954
846,Entertainment: Music,Hard,Multiple Choice,"""All the Boys"" by Panic! At the Disco was released as a bonus track on what album?","Too Weird To Live, Too Rare To Die!",A Fever You Can't Sweat Out,Death Of A Bachelor,Vices & Virtues
847,Entertainment: Film,Easy,Multiple Choice,Which actress danced the twist with John Travolta in 'Pulp Fiction'?,Uma Thurman,Kathy Griffin,Pam Grier,Bridget Fonda
848,Entertainment: Japanese Anime & Manga,Easy,Multiple Choice,"In ""Future Diary"", what is the name of Yuno Gasai's Phone Diary?",Yukiteru Diary,Murder Diary,Escape Diary ,Justice Diary 
849,History,Medium,Multiple Choice,In which years did the Battle of Gallipoli take place?,1915 - 1916,1914 - 1918,1914 - 1915,1915 - 1918
850,History,Medium,Multiple Choice,The United States Army Air Corps became the United States Air Force on what date?,"September 18, 1947","December 14, 1946","October 27, 1945","November 08, 1944"
851,General Knowledge,Medium,Multiple Choice,"In what year did Halley's Comet, which will not appear again until the year 2061, previously approach Earth?",1986,2001,1942,1909
852,Vehicles,Hard,True / False,In 1993 Swedish car manufacturer Saab experimented with replacing the steering wheel with a joystick in a Saab 9000.,True,False,,
853,General Knowledge,Medium,Multiple Choice,Which of these Nicktoons were NOT originally a short on Oh Yeah! Cartoons before becoming their own series?,Danny Phantom,ChalkZone,My Life as a Teenage Robot,The Fairly OddParents
854,Mythology,Easy,Multiple Choice,How many heads does Cerberus have?,3,2,1,5
855,Entertainment: Music,Easy,Multiple Choice,"Swedish DJ Tim Bergling, who produced songs such as ""Levels"" and ""Wake Me Up"", is better known under what alias?",Avicii,deadmau5,Alesso,Skrillex
856,Entertainment: Video Games,Medium,Multiple Choice,Which episode of the Phantasy Star Online series is exclusive to the Nintendo Gamecube?,Episode III,Episode I,Episode II,Episode IV
857,Entertainment: Video Games,Medium,Multiple Choice,"In the ""Neptunia"" series which nation does Neptune rule over?",Planeptune,Lastation,Leanbox,Lowee
858,Science & Nature,Easy,True / False,All planets in the Solar System orbit the Sun.,True,False,,
859,Entertainment: Film,Medium,Multiple Choice,Which actor and martial artist starred as Colonel Guile in the 1994 action film adaptation of Street Fighter?,Jean-Claude Van Damme,Chuck Norris,Steven Seagal,Scott Adkins
860,Sports,Medium,Multiple Choice,What is the highest belt you can get in Taekwondo?,Black,White,Red,Green
861,Vehicles,Medium,Multiple Choice,"Which car manufacturer created the ""Aventador""?",Lamborghini,Ferrari,Pagani,Bugatti
862,History,Hard,Multiple Choice,"With which Greek philosopher would you associate the phrase, ""I know that I know nothing""?",Socrates,Aristotle,Plato,Pythagoras
863,Entertainment: Video Games,Medium,Multiple Choice,Which one of these games wasn't released in 2016?,Metal Gear Solid V,Tom Clancy's The Division,Killing Floor 2,Hitman
864,Entertainment: Video Games,Medium,Multiple Choice,How many playable characters were there in Street Fighter II: Champion Edition?,12,16,8,17
865,Entertainment: Cartoon & Animations,Easy,Multiple Choice,Which of the following is not a Flintstones character?,Lord Rockingham IX,Rockhead Slate,The Great Gazoo,Barney Rubble
866,Mythology,Hard,Multiple Choice,"According to Algonquian folklore, how does one transform into a Wendigo?",Participating in cannibalism.,Excessive mutilation of animal corpses.,Performing a ritual involving murder.,Drinking the blood of many slain animals.
867,General Knowledge,Easy,Multiple Choice,Which of these colours is NOT featured in the logo for Google?,Pink,Yellow,Blue,Green
868,Entertainment: Video Games,Hard,Multiple Choice,Which of these characters from Final Fantasy VIII primarily spoke in one word sentences?,Fujin,Raijin,Seifer,Zell
869,Entertainment: Japanese Anime & Manga,Hard,Multiple Choice,"In ""Hunter x Hunter"", what are members in Killua's family known for being?",Assassins,Bandits,Hunters,Ninjas
870,Entertainment: Video Games,Hard,Multiple Choice,Which souls game was not directed by Hidetaka Miyazaki?,Dark Souls 2,Demon Souls,Dark Souls,Dark Souls 3
871,Sports,Medium,Multiple Choice,Who was the top scorer of the 2014 FIFA World Cup?,James Rodríguez,Thomas Müller,Lionel Messi,Neymar
872,Entertainment: Video Games,Medium,Multiple Choice,Which of the following games has the most playable characters?,Timesplitters: Future Perfect,Mortal Kombat: Armageddon,Marvel Vs. Capcom 2,Dragon Ball Z: Budokai Tenkaichi 3
873,Entertainment: Music,Medium,Multiple Choice,What was Taylor Swift's 5th album called?,1989,Fearless,Red,Speak Now
874,General Knowledge,Easy,Multiple Choice,What is on display in the Madame Tussaud's museum in London?,Wax sculptures,Designer clothing,Unreleased film reels,Vintage cars
875,Geography,Easy,Multiple Choice,What is the largest country in the world ?,Russian Federation,China,Canada,Brazil
876,Geography,Medium,Multiple Choice,All of the following are towns/villages in the Pacific Island nation of Kiribati EXCEPT:,Urutora,Rungata,London,Washington
877,General Knowledge,Easy,True / False,The New York Subway is the oldest underground in the world.,False,True,,
878,Entertainment: Music,Easy,Multiple Choice,What album did The Lumineers release in 2016?,Cleopatra,Winter,The Lumineers,Tracks From The Attic
879,Sports,Easy,Multiple Choice,"Which country produced football players such as Cafu, Roberto Carlos and Pelé?",Brazil,Argentina,Portugal,Spain
880,Geography,Hard,Multiple Choice,In which city is the Big Nickel located in Canada?,"Sudbury, Ontario","Calgary, Alberta","Halifax, Nova Scotia ","Victoria, British Columbia"
881,Entertainment: Video Games,Hard,True / False,"In Undertale, having a ""Fun Value"" set to 56-57 will play the ""Wrong Number Song Call"".",False,True,,
882,Geography,Medium,Multiple Choice,The US state of New York has about as many inhabitants as?,Romania,Poland,Germany,Hungary
883,Entertainment: Film,Medium,Multiple Choice,"Who played Batman in the 1997 film ""Batman and Robin""?",George Clooney,Michael Keaton,Val Kilmer,Christian Bale
884,Geography,Medium,Multiple Choice,"Eritrea, which became the 182nd member of the UN in 1993, is in the continent of?",Africa,Europe,Asia,South America
885,Entertainment: Music,Hard,Multiple Choice,"Who designed the album cover for True Romance, an album by Estelle?",Rebecca Sugar,Matt Burnett,Ian Jones Quartey,Ben Leven
886,Entertainment: Music,Hard,Multiple Choice,What is the name of the song by Beyoncé and Alejandro Fernández released in 2007?,Amor Gitano,La ultima vez,Rocket,Hasta Dondes Estes
887,Entertainment: Video Games,Hard,Multiple Choice,When was the Valve Corporation founded?,"August 24, 1996","December 26, 1994","March 22, 1997","March 13, 1997"
888,Entertainment: Video Games,Medium,Multiple Choice,"Which of the following characters is NOT playable in ""Resident Evil 6""?",Jill Valentine,Chris Redfield,Sherry Birkin,Helena Harper
889,Entertainment: Japanese Anime & Manga,Hard,True / False,"Throughout the entirety of ""Dragon Ball Z"", Goku only kills two characters: a miniboss named Yakon and Kid Buu.",True,False,,
890,General Knowledge,Medium,Multiple Choice,Computer manufacturer Compaq was acquired for $25 billion dollars in 2002 by which company?,Hewlett-Packard,Toshiba,Asus,Dell
891,Science: Computers,Hard,Multiple Choice,What is the name of the process that sends one qubit of information using two bits of classical information?,Quantum Teleportation,Super Dense Coding,Quantum Entanglement,Quantum Programming
892,Entertainment: Japanese Anime & Manga,Easy,True / False,Clefairy was intended to be Ash's starting Pokémon in the pilot episode of the cartoon.,True,False,,
893,General Knowledge,Medium,True / False,The Happy Face was created by commercial artist Harvey Ball.,True,False,,
894,Entertainment: Cartoon & Animations,Hard,Multiple Choice,What was the name of Jonny's pet dog in The Adventures of Jonny Quest?,Bandit,Lucky,Rocky,Max
895,Entertainment: Film,Hard,Multiple Choice,What was Humphrey Bogart's middle name?,DeForest,DeWinter,Steven,Bryce
896,Geography,Medium,True / False,Russia shares a land border with North Korea.,True,False,,
897,Entertainment: Cartoon & Animations,Medium,True / False,Nutcracker Suite was one of the musical pieces featured in Disney's 1940's film Fantasia.,True,False,,
898,Vehicles,Hard,True / False,There is a Rolls-Royce model called the 'Spectre',False,True,,
899,Entertainment: Video Games,Easy,Multiple Choice,Who is the main villain in Bendy and the ink machine?,Bendy,Joey Drew,Alice,Boris
900,Sports,Medium,Multiple Choice,Which of the following Grand Slam tennis tournaments occurs LAST?,US Open,French Open,Wimbledon,Australian Open
901,Entertainment: Music,Medium,Multiple Choice,"Which Aerosmith album featured ""Walk This Way""?",Toys in the Attic,Rocks,Get Your Wings,Draw the Line
902,Geography,Hard,Multiple Choice,The mountainous Khyber Pass connects which of the two following countries?,Afghanistan and Pakistan,India and Nepal,Pakistan and India,Tajikistan and Kyrgyzstan
903,Entertainment: Video Games,Hard,Multiple Choice,"In Hollow Knight, how many Precepts does Zote have?",Fifty-Seven,Sixty-Nine,Fourty-Three,Ninety-One
904,Entertainment: Books,Hard,Multiple Choice,"In the Magic: The Gathering universe,  the Antiquities, Ice Age, and Alliances expansions take place on which continent?",Terisiare,Aerona,Shiv,Jamuraa
905,History,Medium,Multiple Choice,When did the Battle of the Bulge end?,"January 25, 1945","August 6, 1945","December 7, 1941","December 16, 1944"
906,Entertainment: Music,Medium,Multiple Choice,"What French artist/band is known for playing on the midi instrument ""Launchpad""?",Madeon,Daft Punk ,Disclosure,David Guetta
907,Entertainment: Music,Medium,Multiple Choice,Which of these is NOT a song featured on Green Day's 21st Century Breakdown album?,She's A Rebel,Know Your Enemy,¿Viva la Gloria? (Little Girl),Before The Lobotomy
908,Entertainment: Music,Medium,Multiple Choice,Which European capital city gives its name to a 1981 song by Ultravox?,Vienna,Berlin,Paris,Brussels
909,Entertainment: Japanese Anime & Manga,Easy,Multiple Choice,"Who is the main heroine of the anime, Full Metal Panic!",Kaname Chidori,Teletha Testarossa,Melissa Mao,Kyoko Tokiwa
910,Geography,Medium,Multiple Choice,"In Washington, D.C. what does the ""C"" stand for?",Columbia,Caledonia,Corinthia,City
911,General Knowledge,Medium,True / False,"The French word for ""glass"" is ""glace"".",False,True,,
912,Mythology,Medium,True / False,The Japanese god Izanagi successfully returned his wife Izanami from the Underworld.,False,True,,
913,Entertainment: Japanese Anime & Manga,Medium,Multiple Choice,"In the ""To Love-Ru"" series, how many Trans-weapons were created?",3,1,2,4
914,Entertainment: Television,Medium,Multiple Choice,Which of the following Autobot names in Michael Bay's movies was NOT a name for a Transformer in the original 1980's cartoon?,Mudflap,Skids,Sideswipe,Ratchet
915,Entertainment: Japanese Anime & Manga,Easy,Multiple Choice,"The characters of ""Log Horizon"" are trapped in what game?",Elder Tale,Sword Art Online,Tower Unite,Yggdrasil
916,Science: Computers,Medium,Multiple Choice,What was the first commerically available computer processor?,Intel 4004,Intel 486SX,TMS 1000,AMD AM386
917,General Knowledge,Hard,Multiple Choice,How many calories are in a 355 ml can of Pepsi Cola?,150,200,100,155
918,Entertainment: Music,Hard,Multiple Choice,"Who had a 1981 hit with the song ""Japanese Boy""?",Aneka,Toyah,Sandra,Madonna
919,Entertainment: Music,Hard,Multiple Choice,Which of these songs is not by Tatsuro Yamashita?,Lucky Lady Feel So Good ,Merry-Go Round,Let's Dance Baby,Love Talkin'
920,Geography,Hard,Multiple Choice,What is the land connecting North America and South America?,Isthmus of Panama,Isthmus of Suez,Urals,Australasia
921,Entertainment: Film,Hard,Multiple Choice,Who Voices the Devil on Devil's Flight in Final Destination 3?,Tony Todd,Wendy Christensen,Ian McKinley,Kevin Fischer
922,History,Medium,Multiple Choice,In what year did William the Conqueror take control of England?,1066,1123,1205,901
923,Mythology,Hard,True / False,"Skaði is the Norse Goddess of skiing, mountains, winter and bowhunting.",True,False,,
924,General Knowledge,Medium,True / False,Only a small percentage of the world's population is lactose intolerant.,False,True,,
925,Science: Mathematics,Medium,Multiple Choice,"In the complex plane, multiplying a given function by i rotates it anti-clockwise by how many degrees?",90,180,270,0
926,Animals,Hard,Multiple Choice,What scientific family does the Aardwolf belong to?,Hyaenidae,Canidae,Felidae,Eupleridae
927,General Knowledge,Medium,True / False,The US emergency hotline is 911 because of the September 11th terrorist attacks.,False,True,,
928,Science & Nature,Medium,Multiple Choice,What medication was once commonly used as rat poison?,Coumadin,Aspirin,Eliquis,Tylenol
929,Entertainment: Music,Medium,True / False,"Pink Guy's debut album was ""Pink Season"".",False,True,,
930,Science & Nature,Hard,Multiple Choice,What was the first organic compound to be synthesized from inorganic compounds?,Urea,Propane,Ethanol,Formaldehyde
931,Geography,Medium,Multiple Choice,What is the capital of Slovakia?,Bratislava,Sofia,Ljubljana,Sarajevo
932,Entertainment: Film,Easy,True / False,"In the original script of ""The Matrix"", the machines used humans as additional computing power instead of batteries.",True,False,,
933,Entertainment: Video Games,Easy,Multiple Choice,"What does the D stand for in D-pad, found on most video game controllers?",Directional,Dynamic,Dial-up,Design
934,Science & Nature,Easy,Multiple Choice,Which gas forms about 78% of the Earth’s atmosphere?,Nitrogen,Oxygen,Argon,Carbon Dioxide
935,History,Easy,Multiple Choice,What was Manfred von Richthofen's nickname?,The Red Baron,The High Flying Ace,The Blue Serpent ,The Germany Gunner
936,Entertainment: Music,Medium,Multiple Choice,Saul Hudson (Slash) of the band Guns N' Roses is known for playing what type of guitar?,Les Paul Standard,Fender Stratocaster,LsL Mongrel,Gretsch Falcon
937,Entertainment: Video Games,Easy,Multiple Choice,"In the Half-Life series, Gordon Freeman's signature weapon is a:",Crowbar,Sledgehammer,Fiber Wire,Katana
938,Politics,Easy,Multiple Choice,The largest consumer market in 2015 was...,The United States of America,Germany,Japan,United Kingdom
939,Science: Computers,Easy,True / False,Pointers were not used in the original C programming language; they were added later on in C++.,False,True,,
940,Entertainment: Books,Medium,Multiple Choice,"According to The Hitchhiker's Guide to the Galaxy book, the answer to life, the universe and everything else is...",42,Loving everyone around you,Chocolate,Death
941,Entertainment: Video Games,Medium,Multiple Choice,"The protagonist in the game ""Cave Story"" is named",Quote,Kazuma,Curly,Arthur
942,Entertainment: Video Games,Medium,Multiple Choice,"Which Crypt of the NecroDancer (2015) character has a soundtrack by Jake ""Virt"" Kaufman?",Uncle Eli,Cadence,Nocturna,Octavian (Bard)
943,Entertainment: Video Games,Hard,Multiple Choice,"In the video game ""Metal Gear Solid"", what did Revolver Ocelot consider the greatest handgun ever made?",Colt Single Action Army,Colt Python,Colt M1892,Colt 1851 Navy Revolver
944,Science: Computers,Hard,Multiple Choice,"Lenovo acquired IBM's personal computer division, including the ThinkPad line of laptops and tablets, in what year?",2005,1999,2002,2008
945,Animals,Easy,True / False,Rabbits are rodents.,False,True,,
946,Entertainment: Music,Medium,Multiple Choice,For which civil rights activist did Stevie Wonder write the song 'Happy Birthday' in 1980?,Martin Luther King Jr,Rosa Parks,Nelson Mandella,Booker T. Washington
947,Science & Nature,Medium,Multiple Choice,How many degrees Fahrenheit is 100 degrees Celsius? ,212,326,100,451
948,Entertainment: Video Games,Medium,Multiple Choice,"What is the final game of the ""Zero Escape"" series called?",Zero Escape Zero Time Dilemma ,"Nine Hours, Nine Persons, Nine Doors ",Zero Escape Virtue's Last Reward,The Nonary Game: Sigma's Last Life
949,General Knowledge,Easy,Multiple Choice,Which of the following is not an Ivy League University?,Stanford,University of Pennsylvania,Harvard,Princeton
950,General Knowledge,Medium,Multiple Choice,What is the real name of viral internet meme Grumpy Cat?,Tardar Sauce,Lil Bub,Maru,Colonel Meow
951,Science: Computers,Medium,True / False,It's not possible to format a write-protected DVD-R Hard Disk.,True,False,,
952,Entertainment: Music,Medium,Multiple Choice,"Which artist curated the official soundtrack for ""The Hunger Games: Mockingjay - Part 1""?",Lorde,Kanye West,Tove Lo,Charli XCX
953,Geography,Medium,Multiple Choice,What is the capital of Cyprus?,Nicosia,Paphos,Limassol,Larnaca
954,Entertainment: Video Games,Medium,Multiple Choice,"Excluding their instructor, how many members of Class VII are there in the game ""Legend of Heroes: Trails of Cold Steel""?",9,6,10,3
955,Entertainment: Film,Easy,Multiple Choice,"Who plays Jack Burton in the movie ""Big Trouble in Little China?""",Kurt Russell,Patrick Swayze,John Cusack,Harrison Ford
956,Art,Hard,Multiple Choice,Which of these is not an additional variation of the color purple?,Kobicha,Byzantium,Pomp and Power,Palatinate
957,Entertainment: Comics,Medium,Multiple Choice,What's the weakness of american vampires (Scott Snyder's American Vampire)?,Gold,Sunlight,Wood,Silver
958,General Knowledge,Medium,True / False,The scientific name for the Southern Lights is Aurora Australis?,True,False,,
959,Entertainment: Television,Medium,Multiple Choice,"Out of the 3 Tots in Tots TV, who speaks French in the UK Version and Spanish in the US Version?",Tilly,Tom,Tiny,None of the Above
960,Sports,Hard,Multiple Choice,What team did England beat in the semi-final stage to win in the 1966 World Cup final?,Portugal,West Germany,Soviet Union,Brazil
961,Entertainment: Video Games,Medium,True / False,"During pre-production of ""Super Mario Bros."", Mario originally was meant to shoot bullets.",True,False,,
962,Entertainment: Film,Medium,Multiple Choice,"Peter Jackson's film series ""The Lord of the Rings"" was shot entirely in which country?",New Zealand,Scotland,Canada,Iceland
963,Entertainment: Film,Easy,Multiple Choice,What historical time period was the center of the Assassin’s Creed movie (2016)?,Spanish Inquisition,Victorian England,French Revolution,Colonial America
964,Entertainment: Video Games,Medium,Multiple Choice,"What is the name of the protagonist's first Persona in ""Persona 5""?",Arsene,Mara,Izanagi,Sandaphlon
965,Entertainment: Video Games,Medium,Multiple Choice,"In the game Minecraft, how many iron ingots are required to make an iron golem?",36,40,32,46
966,Entertainment: Music,Medium,Multiple Choice,"In 2015, David Hasselhof released a single called...",True Survivor,True Fighter,Real Kung-Fury,Real Warrior
967,Science & Nature,Medium,Multiple Choice,What are the smallest blood vessels in the human body?,Capillaries,Arterioles,Veinules,Lymphatics
968,Entertainment: Television,Easy,Multiple Choice,"In Two and a Half Men, what is Alan Harper's son's name?",Jake,John,Jeremy,James
969,Science: Computers,Medium,Multiple Choice,"Generally, which component of a computer draws the most power?",Video Card,Hard Drive,Processor,Power Supply
970,History,Medium,Multiple Choice,The Panama Canal was finished under the administration of which U.S. president?,Woodrow Wilson,Franklin Delano Roosevelt,Herbert Hoover,Theodore Roosevelt
971,History,Medium,Multiple Choice,Who tutored Alexander the Great?,Aristotle,Socrates,Plato,King Philip
972,Entertainment: Music,Medium,Multiple Choice,"Where did the British Boy Band ""Bros"" come from?",Camberley,Guildford,Aldershot,Bagshot
973,Celebrities,Medium,Multiple Choice,In which of these TV shows did the chef Gordon Ramsay not appear?,Auction Hunters,Ramsay's Kitchen Nightmares,Hotel Hell,Hell's Kitchen
974,Science & Nature,Medium,Multiple Choice,Tetsuya Fujita was a scientist that developed the scale for which natural disaster?,Tornadoes,Hurricanes,Earthquakes,Volcanoes
975,Entertainment: Video Games,Hard,Multiple Choice,"In 2004, which person(s) created ""Roblox""?",David Baszucki and Erik Cassel,Erik Cassel,Jonas Alto and Sarah Smith,James Kolein
976,Entertainment: Video Games,Hard,Multiple Choice,When was Pokemon GO released in North America?,"July 6th, 2016","June 5th, 2016","May 24th, 2016","January 2nd, 2017"
977,Entertainment: Music,Easy,Multiple Choice,When was Gangnam Style uploaded to YouTube?,2012,2013,2014,2011
978,Animals,Medium,Multiple Choice,What is the collective noun for rats?,Mischief,Pack,Race,Drift
979,Animals,Medium,True / False,Tigers have one colour of skin despite the stripey fur.,False,True,,
980,Entertainment: Cartoon & Animations,Easy,Multiple Choice,"Which of these is NOT a catchphrase used by Rick Sanchez in the TV show ""Rick and Morty""?","Slam dunk, nothing but net!","Hit the sack, Jack!","Rikki-Tikki-Tavi, biatch!",Wubba-lubba-dub-dub!
981,Entertainment: Video Games,Easy,Multiple Choice,"What year did the game ""Overwatch"" enter closed beta?",2015,2013,2011,2016
982,Entertainment: Music,Medium,True / False,"The band, HEALTH, is called HEALTH because they wanted to choose an everyday word for the band name.",True,False,,
983,Entertainment: Film,Medium,Multiple Choice,Leonardo Di Caprio won his first Best Actor Oscar for his performance in which film?,The Revenant,The Wolf Of Wall Street,Shutter Island,Inception
984,History,Medium,True / False,Martin Luther King Jr. and Anne Frank were born the same year. ,True,False,,
985,Entertainment: Video Games,Medium,Multiple Choice,How many stars are there to collect in Super Mario 64?,120,60,80,100
986,Entertainment: Music,Easy,Multiple Choice,"What is the name of Death Grips Front Man, MC Ride?",Stefan Burnett,Zach Hill,Andy Morin,Stanley Burrell
987,Entertainment: Video Games,Easy,Multiple Choice,How many playable characters are there in Yakuza 5?,5,2,3,1
988,Entertainment: Board Games,Easy,Multiple Choice,"In board games, an additional or ammended rule that applies to a certain group or place is informally known as a ""what"" rule?",House,Custom,Extra,Change
989,History,Easy,Multiple Choice,What was the name commonly given to the ancient trade routes that connected the East and West of Eurasia?,Silk Road,Spice Road,Clay Road,Salt Road
990,Geography,Easy,Multiple Choice,What is the Polish city known to Germans as Danzig?,Gdańsk,Warsaw,Zakopane,Poznań
991,Entertainment: Video Games,Medium,Multiple Choice,"Who is the villain company in ""Stardew Valley""?",Joja Co ,Ronin,Empire,Robotnik Industry's 
992,Entertainment: Video Games,Easy,Multiple Choice,Which Grand Theft Auto (GTA) games have the same setting?,GTA V and GTA San Andreas,GTA V and GTA Vice City,GTA IV and GTA San Andreas,GTA IV and GTA Vice City
993,Geography,Medium,Multiple Choice,What is the capital of Seychelles?,Victoria,Luanda,N'Djamena,Tripoli
994,Entertainment: Film,Medium,Multiple Choice,"What is the name of the Artificial Intelligence system in the 1983 film, ""WarGames""?",War Operation Plan Response,Self Evolving Thought Helix,Master Control Program,West Campus Analog Computer
995,Sports,Easy,Multiple Choice,How many players are there in an association football/soccer team?,11,10,9,8
996,Sports,Medium,Multiple Choice,How many premier league trophies did Sir Alex Ferguson win during his time at Manchester United?,13,11,20,22
997,Mythology,Medium,Multiple Choice,"According to Japanese folklore, what is the favorite food of the Kappa.",Cucumbers,Kabocha,Nasu,Soba
998,Entertainment: Video Games,Medium,Multiple Choice,What American city was featured in the 1999 PC game Midtown Madness?,Chicago,Washington D.C.,San Francisco,New York City
999,Entertainment: Cartoon & Animations,Medium,Multiple Choice,Which Hanna-Barbera cartoon character travelled with a canine companion named Beegle Beagle?,Grape Ape,Boss Gator,Wally Gator,Yogi Bear
1000,General Knowledge,Hard,Multiple Choice,"What is the romanized Korean word for ""heart""?",Simjang,Aejeong,Jeongsin,Segseu
1001,Entertainment: Television,Easy,Multiple Choice,"What is the name of the planet that the Doctor from television series ""Doctor Who"" comes from?",Gallifrey,Sontar,Skaro,Mondas
1002,Entertainment: Musicals & Theatres,Medium,Multiple Choice,"The World Chess Championship in Chess, Act 1 is set in which Italian city?",Merano,Venice,Milan,Rome
1003,Entertainment: Music,Medium,True / False,"The band ""Panic! At the Disco"" has released 4 albums total",False,True,,
1004,Entertainment: Video Games,Medium,Multiple Choice,In what year were achivements added to Steam?,2007,2008,2009,2006
1005,Entertainment: Video Games,Easy,Multiple Choice,Which of the following characters is NOT a female marriage candidate in the game Stardew Valley?,Caroline,Abigail,Haley,Leah
1006,History,Easy,True / False,"In World War ll, Great Britian used inflatable tanks on the ports of Great Britain to divert Hitler away from Normandy/D-day landing.",True,False,,
1007,General Knowledge,Easy,Multiple Choice,"What type of animal was Harambe, who was shot after a child fell into it's enclosure at the Cincinnati Zoo?",Gorilla,Tiger,Panda,Crocodile
1008,Sports,Hard,Multiple Choice,"Prior to 2018, which car company is the only Japanese company which won the 24 Hours of Le Mans?",Mazda,Toyota,Subaru,Nissan
1009,Entertainment: Comics,Medium,Multiple Choice,"In Marvel comics, which of the following is not one of the infinity stones?",Energy,Time,Power,Soul
1010,General Knowledge,Easy,Multiple Choice,Which is the capital of Spain?,Madrid,Paris,Barcelona,Lisboa
1011,Entertainment: Film,Medium,Multiple Choice,Who plays the Nemesis in the Resident Evil movies?,Matthew Taylor,Jason Dip,Eric Mabius,Jimmy Matts
1012,Science: Computers,Medium,True / False,"There is only 1 root name server, among 13 in total, that is currently located in Asia.",True,False,,
1013,Entertainment: Film,Easy,Multiple Choice,"Who directed the 2017 movie ""The Shape of Water""?",Guillermo del Toro,Steven Spielberg,James Cameron,Martin Scorsese
1014,Entertainment: Video Games,Medium,Multiple Choice,Who was the first jedi that Starkiller had to kill in Star Wars: The Force Unleashed?,Rahm Kota,Ahsoka Tano,Kazdan Paratus,Kento Marek
1015,Entertainment: Video Games,Easy,Multiple Choice,The “fairy” type made it’s debut in which generation of the Pokemon core series games?,6th,2nd,7th,4th
1016,History,Medium,Multiple Choice,"When did O, Canada officially become the national anthem?",1980,1950,1920,1880
1017,Entertainment: Film,Hard,Multiple Choice,What was the first movie to ever use a Wilhelm Scream?,Distant Drums,Treasure of the Sierra Madre,The Charge at Feather River,Indiana Jones
1018,Geography,Medium,Multiple Choice,Which of these is NOT an island that is part of the Philippines?,Java,Luzon,Mindanao,Palawan
1019,Entertainment: Film,Medium,Multiple Choice,Which animated film did Steven Lisberger direct in 1980 before going on to direct Tron?,Animalympics,The Fox and the Hound,The Black Cauldron,The Great Mouse Detecive
1020,Entertainment: Video Games,Easy,Multiple Choice,Who is Sonic's sidekick?,Tails,Shadow,Amy,Knuckles
1021,General Knowledge,Easy,Multiple Choice,"What country has had prime ministers named Eden, Major, Peel, Law, Brown and Heath?",United Kingdom,Australia,New Zealand,Canada
1022,Entertainment: Television,Medium,True / False,"In AMC's ""The Walking Dead,"" the characters Rick, Carl, Daryl, Morgan, Carol and Maggie were introduced in Season 1.",False,True,,
1023,Science: Computers,Medium,Multiple Choice,What was the name of the image that features as the default background wallpaper for Windows XP?,Bliss,Azul,Red moon desert,Tulips
1024,Entertainment: Video Games,Hard,Multiple Choice,"In ""Call Of Duty: Zombies"", what does the game traditionally reward you for completing a boss round?",Max Ammo,A Pack-A-Punched gun,Death Machine,Monkey Bombs
1025,General Knowledge,Medium,Multiple Choice,"The website ""Shut Up & Sit Down"" reviews which form of media?",Board Games,Television Shows,Video Games,Films
1026,Science & Nature,Hard,Multiple Choice,Which Landsat Satellite failed to reach orbit?,Landsat 6,Landsat 5,Landsat 4,Landsat 3
1027,Entertainment: Video Games,Hard,Multiple Choice,"In the ""Little Lost Girl"" Easter Egg in Call of Duty: Black Ops II, what's the last step required for the achievement?",Raise Hell,Freedom,Skewer the Winged Beast,Ascend from Darkness
1028,General Knowledge,Hard,Multiple Choice,"Which product did Nokia, the telecommunications company, originally sell?",Paper,Phones,Computers,Processors
1029,Entertainment: Video Games,Hard,Multiple Choice,"In Monster Hunter Generations, which of these hunter arts are exclusive to the Longsword?",Unhinged Spirit,Shoryugeki,Provoke,Demon Riot
1030,Entertainment: Music,Medium,Multiple Choice,Which rapper had an album that went double platinum with no features?,J. Cole,Kendrick Lamar,Drake,Big Sean
1031,Mythology,Easy,Multiple Choice,An Ankh is the Egyptian Hieroglyph for what?,Life,Love,Hatred,Poison
1032,Entertainment: Music,Medium,Multiple Choice,Which Beatle led the way across the zebra crossing on the Abbey Road album cover?,John,Paul,George,Ringo
1033,Entertainment: Japanese Anime & Manga,Easy,Multiple Choice,"How many ""JoJos"" that are protagonists are there in the series ""Jojo's Bizarre Adventure""?",8+,6+,4+,5+
1034,Geography,Hard,Multiple Choice,"What is the most common climbing route for the second highest mountain in the world, K2?",Abruzzi Spur,Magic Line,Cesen Route,Polish Line
1035,Entertainment: Video Games,Medium,Multiple Choice,"The first game in the Touhou Project, ""Highly Responsive to Prayers"", is part of which genre?",Breakout/Arkanoid,Shoot 'em Up,Puzzle,Fighter
1036,Entertainment: Japanese Anime & Manga,Easy,True / False,"In the ""Toaru Kagaku no Railgun"" anime,  espers can only reach a maximum of level 6 in their abilities.",False,True,,
1037,Geography,Hard,Multiple Choice,How many countries border Kyrgyzstan?,4,3,1,6
1038,Science & Nature,Hard,Multiple Choice,Which of these is a stop codon in DNA?,TAA,ACT,ACA,GTA
1039,Science: Computers,Easy,Multiple Choice,"In computing, what does MIDI stand for?",Musical Instrument Digital Interface,Musical Interface of Digital Instruments,Modular Interface of Digital Instruments,Musical Instrument Data Interface
1040,Entertainment: Cartoon & Animations,Medium,Multiple Choice,"In the show ""Fat Albert and the Cosby Kids"", what is the name of the characters' fictional gang?",The Junkyard Gang,The Trash Troupe,The Scrapyard Seven,The Rotten Posse
1041,Entertainment: Music,Hard,Multiple Choice,What was the progressive rock band Rush's first single?,Not Fade Away,Tom Sawyer,Working Man,Owner of a Lonely Heart
1042,Entertainment: Video Games,Medium,Multiple Choice,Which country is featured in Ace Combat 5: The Unsung War?,Osea,Aurelia,Australia,Japan
1043,Entertainment: Music,Medium,Multiple Choice,Who was the oldest member of The Beatles?,Ringo Starr,John Lennon,Paul McCartney,George Harrison
1044,Entertainment: Video Games,Easy,True / False,"In ""Mario Kart 64"", Waluigi is a playable character.",False,True,,
1045,Entertainment: Japanese Anime & Manga,Medium,Multiple Choice,"Aoi Miyamori is the production manager of what anime in ""Shirobako""?",The Third Aerial Girls Squad,Exodus!,Andes Chucky,Angel Beats!
1046,Entertainment: Music,Medium,Multiple Choice,"Which Toronto landmark was featured on the cover art of Canadian rapper Drake's 2016 album ""Views""?",CN Tower,Allan Gardens,Union Station,Prince of Wales Theatre
1047,Entertainment: Music,Medium,True / False,"Dave Grohl recorded the Foo Fighters' debut, ""Foo Fighters,"" by himself.",True,False,,
1048,Politics,Medium,Multiple Choice,Which United Nations principal organ has been suspended since 1994?,Trusteeship Council,Secretariat,General Assembly,Economic and Social Council
1049,History,Medium,Multiple Choice,What was the unofficial name for Germany between 1919 and 1933?,Weimar Republic,German Democratic Republic,Federal Republic of Germany,Oesterreich 
1050,Entertainment: Film,Easy,Multiple Choice,"In the movie Gremlins, after what time of day should you not feed Mogwai?",Midnight,Evening,Morning,Afternoon
1051,Science & Nature,Hard,Multiple Choice,Which of these animals belongs in class Chondrichthyes?,Great white shark,Octopus,Killer whale,Catfish
1052,Sports,Medium,Multiple Choice,Which basketball team has attended the most NBA grand finals?,Los Angeles Lakers,Boston Celtics,Philadelphia 76ers,Golden State Warriors
1053,General Knowledge,Hard,Multiple Choice,"Named after the mallow flower, mauve is a shade of what?",Purple,Red,Brown,Pink
1054,Entertainment: Music,Easy,Multiple Choice,Which of these artists has Lil A collaborated with?,Lil Fortnite,Lil Pump,Boonk Gang,6ix9ine
1055,Science & Nature,Easy,Multiple Choice,Human cells typically have how many copies of each gene?,2,1,4,3
1056,Entertainment: Music,Medium,Multiple Choice,Which of the following is NOT a song in BROCKHAMPTON's SATURATION album series?,LAMB,HOTTIE,SWAMP,BUMP
1057,Entertainment: Film,Medium,True / False,"The original ending of ""Little Shop Of Horrors"" has the plants taking over the world.",True,False,,
1058,Sports,Hard,Multiple Choice,"Which Italian footballer told Neuer where he's putting his shot and dragging it wide, during the match Italy-Germany, UEFA EURO 2016?",Pelle,Insigne,Barzagli,Giaccherini
1059,Entertainment: Music,Medium,Multiple Choice,"Moby, an American DJ, singer, and musician, achieved worldwide success for the 1999 release of which of the following albums?",Play,Everything Is Wrong,Moby,18
1060,History,Easy,True / False,Former United States Presidents John Adams and Thomas Jefferson died within hours of each other.,True,False,,
1061,Entertainment: Cartoon & Animations,Medium,Multiple Choice,"What is the name of Sid's dog in ""Toy Story""?",Scud,Buster,Whiskers,Mr. Jones
1062,Entertainment: Books,Hard,Multiple Choice,"In the book series ""Odd Thomas"", Danny Jessup has what genetic disease? ", Osteogenesis Imperfecta,Spinocerebellar ataxia,Adrenoleukodystrophy,Cystic Fibrosis
1063,Entertainment: Japanese Anime & Manga,Easy,Multiple Choice,"The two main characters of ""No Game No Life"", Sora and Shiro, together go by what name?",Blank,Immanity,Disboard,Warbeasts
1064,Geography,Medium,True / False,Israel is 7 hours ahead of New York.,True,False,,
1065,Entertainment: Video Games,Hard,True / False,"The names of Roxas's Keyblades in Kingdom Hearts are ""Oathkeeper"" and ""Oblivion"".",True,False,,
1066,Entertainment: Music,Medium,Multiple Choice,What was the first music video to be broadcast on MTV?,Video Killed the Radio Star,Take On Me,Walk This Way,Hungry Like the Wolf
1067,Entertainment: Video Games,Medium,Multiple Choice,"In ""The Binding of Isaac"", what is the name of the final boss that you fight in The Void?",Delirium,Mega Satan,Hush,The Lamb
1068,Entertainment: Music,Medium,Multiple Choice,Who is the lead singer of Bastille?,Dan Smith,Will Farquarson,Kyle Simmons,Chris Wood
1069,Entertainment: Video Games,Easy,Multiple Choice,"In ""A Hat in Time"", what must Hat Kid collect to finish a level",A time piece,A heart fragment,A relic fragment,A hat
1070,Entertainment: Video Games,Easy,Multiple Choice,"Who out of these Team Fortress 2 characters, does not use a Shotgun as a secondary weapon?",Engineer,Soldier,Pyro,Heavy
1071,Entertainment: Music,Medium,Multiple Choice,"From which album is the Gorillaz song, ""On Melancholy Hill"" featured in?",Plastic Beach,Demon Days,Humanz,The Fall
1072,Geography,Medium,Multiple Choice,What is the name of the capital of Turkey?,Ankara,Istanbul,Izmir,Bursa
1073,Entertainment: Video Games,Medium,Multiple Choice,"In Night In The Woods, what is Mae Borowski mother's name?",Candy,Jenny,Margaret,Kate
1074,Entertainment: Video Games,Medium,Multiple Choice,How many Wii consoles were sold worldwide?,"101,630,000","67,000,000","148,000,000","80,000,000"
1075,Entertainment: Video Games,Medium,Multiple Choice,"In ""Call of Duty: Zombies"", what group does Doctor Maxis work for?",Group 935,Group Reanimate,Group Rezurrection,Division 9
1076,Geography,Medium,True / False,Japan has left-hand side traffic.,True,False,,
1077,Entertainment: Video Games,Hard,Multiple Choice,"In ""Sonic the Hedgehog 3"" for the Sega Genesis, what is the color of the second Chaos Emerald you can get from Special Stages?",Orange,Blue,Green,Magenta
1078,Entertainment: Video Games,Hard,Multiple Choice,"During development of ""Super Mario World"", Yoshi's hard saddle was originally which of these?",A shell,A slide of Gelatin,A poffin,A spike
1079,Science: Gadgets,Hard,Multiple Choice,Which of the following cellular device companies is NOT headquartered in Asia?,Nokia,LG Electronics,Samsung,HTC
1080,History,Medium,Multiple Choice,When did Norway become free from Sweden?,1905,1925,1814,1834
1081,Entertainment: Video Games,Hard,Multiple Choice,"What device allows Tracer to manipulate her own time in the game ""Overwatch""?",Chronal Accelerator,B.L.I.N.K,Spacial Displacement Manipulator,TMD (Time Manipulation Device)
1082,Entertainment: Film,Medium,Multiple Choice,"In Star Wars, what's the name of the new Government created after the defeat of the Galactic Empire?",The New Republic,The Rebel Alliance,The Crimson Dawn,The First Order
1083,General Knowledge,Medium,Multiple Choice,"Out of these four buildings, which one is the tallest, with a height of 1,776 ft (541.3 m)?","One World Trade Center, United States","Taipei 101, Taiwan","Willis Tower, United States","Jin Mao Tower, China"
1084,Entertainment: Music,Medium,Multiple Choice,"In Prokofiev's 'Peter and the Wolf', the wolf itself is represented by a trio of which musical instrument?",French horn,Oboe,Clarinet,Cello
1085,General Knowledge,Easy,Multiple Choice,"Who is the origin of the quote ""What doesn't kill you makes you stronger""?",Friedrich Nietzsche, G. Gordon Liddy,Kelly Clarkson,Christopher Hitchens
1086,General Knowledge,Easy,Multiple Choice,What technology is named after a tenth-century ruler of Denmark and Norway?,Bluetooth,Wi-Fi,GPS,Internet
1087,Science & Nature,Medium,Multiple Choice,What is the medical term for low blood sugar?,Hypoglycemia,Hypothyroidism,Hypothermia,Hypoxia
1088,Art,Easy,Multiple Choice,Which artist is famous for cutting off his ear?,Vincent van Gogh,Salvador Dali,Rembrandt,Michelangelo
1089,Entertainment: Music,Medium,Multiple Choice,Which genre of Hip Hop does MC Frontalot rap?,Nerdcore,Horrorcore,Christian,Crunk
1090,Politics,Easy,True / False,Former president Theodore Roosevelt (1900-1908)  ran for another term under the Progressive Party in 1912.,True,False,,
1091,Entertainment: Video Games,Medium,Multiple Choice,"Which country was Eliza ""Ash"" Cohen from ""Tom Clancy's Rainbow Six Siege"" born in?",Israel,United States of America,Mexico,Canada
1092,Entertainment: Film,Easy,True / False,"The film ""2001: A Space Odyssey"" was released on December 31st, 2000.",False,True,,
1093,Entertainment: Television,Hard,Multiple Choice,"What is the name of the pirate that sings the intro to ""Spongebob Squarepants""?",Painty,Patchy,Lloyd,Larry
1094,Science: Computers,Medium,Multiple Choice,"The computer OEM manufacturer Clevo, known for its Sager notebook line, is based in which country?",Taiwan,United States,Germany,China (People's Republic of)
1095,Entertainment: Television,Easy,Multiple Choice,"How many seasons did the Sci-Fi television show ""Stargate Universe"" have?",2,10,5,3
1096,Science: Mathematics,Medium,True / False,"111,111,111 x 111,111,111 = 12,345,678,987,654,321",True,False,,
1097,General Knowledge,Hard,Multiple Choice,"In ""Resident Evil 3"", how many inventory slots does Jill have at the start of the game?",8,6,10,12
1098,Entertainment: Musicals & Theatres,Easy,True / False,"In the play Oedipus Rex, Oedipus kills his father due to jealousy in loving his mother.",False,True,,
1099,Animals,Easy,Multiple Choice,"The Kākāpō is a large, flightless, nocturnal parrot native to which country?",New Zealand,South Africa,Australia,Madagascar
1100,General Knowledge,Easy,Multiple Choice,In DC comics where does the Green Arrow (Oliver Queen) live?,Star City,Central City,Gotham City,Metropolis
1101,Entertainment: Video Games,Easy,Multiple Choice,"In the survival horror game, ""Cry of Fear,"" what was the name of Simon's close friend/potential love interest?",Sophie,Olivia,Jessica,Alice
1102,Mythology,Easy,Multiple Choice,The greek god Poseidon was the god of what?,The Sea,War,Sun,Fire
1103,Celebrities,Medium,Multiple Choice,Which of these people is NOT a part of the Internet comedy group Mega64?,Jon Jafari,Rocco Botte,Derrick Acosta,Shawn Chatfield
1104,Entertainment: Film,Easy,Multiple Choice,"When does ""Rogue One: A Star Wars Story"" take place chronologically in the series?",Between Episode 3 and 4,After Episode 6,Before Episode 1,Between Episode 4 and 5
1105,Entertainment: Film,Easy,True / False,"In the original Star Wars trilogy, Alec Guinness provided the voice for Darth Vader.",False,True,,
1106,Science: Computers,Medium,Multiple Choice,Nvidia's headquarters are based in which Silicon Valley city?,Santa Clara,Palo Alto,Cupertino,Mountain View
1107,Science: Mathematics,Medium,True / False,The Pythagorean theorem states that the square of the hypotenuse is equal to the product of the squares of the other two sides.,False,True,,
1108,Celebrities,Medium,Multiple Choice,"If he was still alive, in what year would Elvis Presley celebrate his 100th birthday?",2035,2030,2040,2045
1109,Entertainment: Music,Medium,True / False,"Musical artist, Future, collaborated with Kendrick Lamar for the song: ""Mask Off"".",True,False,,
1110,Science & Nature,Medium,Multiple Choice,How old is the universe?,13.8 Billion Years,4.5 Billion Years,7.9 Billion Years,16.2 Billion Years
1111,Geography,Medium,True / False,Vietnam is the only country in the world that starts with V. ,False,True,,
1112,Entertainment: Japanese Anime & Manga,Easy,Multiple Choice,"In ""A Certain Scientific Railgun"", how many ""sisters"" did Accelerator have to kill to achieve the rumored level 6?","20,000",128,"10,000","5,000"
1113,Entertainment: Video Games,Medium,Multiple Choice,What is the punishment for playing Postal 2 in New Zealand?,"10 years in prison and a fine of $50,000","Fine of $5,000",Nothing,"15 years in prison and a fine of $10,000"
1114,Geography,Easy,Multiple Choice,What is Laos?,Country,Region,River,City
1115,Science & Nature,Medium,Multiple Choice,"In aeronautics, flaps and slats are used to control what on an aircraft?",Lift,Thrust,Drag,Weight 
1116,Entertainment: Board Games,Easy,Multiple Choice,"In which year was the pen and paper RPG ""Deadlands"" released?",1996,2003,1999,1993
1117,Science: Mathematics,Easy,Multiple Choice,Who proved Fermat's Last Theorem?,Andrew Wiles,Leonhard Euler,Carl Friedrich Gauss,Srinivasa Ramanujan
1118,Geography,Easy,Multiple Choice,Which small country is located between the borders of France and Spain?,Andorra,San Marino,Vatican City,Lichtenstein
1119,Entertainment: Board Games,Hard,Multiple Choice,What is the world's oldest board game?,Senet,Chess,Checkers,Go
1120,Entertainment: Video Games,Medium,Multiple Choice,What is the browser game Kantai Collection heavily inspired by?,Second World War,Manga,World of Warcraft,An Anime
1121,Entertainment: Video Games,Medium,Multiple Choice,"Which operation in ""Tom Clancy's Rainbow Six Siege"" introduced the ""Skyscraper"" map?",Red Crow,Velvet Shell,Skull Rain,Dust Line
1122,Entertainment: Video Games,Easy,Multiple Choice,"In the video game franchise ""Halo"", what is the UNSC's main opposing faction called?",The Covenant,The Reckoning,The Peoples,The Slaughterers
1123,Entertainment: Video Games,Medium,Multiple Choice,"Psych-Horror ""Eternal Darkness: Sanity's Requiem"", developed by Silicon Knights in 2002, was published by who and on what platform?",Nintendo® Co. Ltd. | GameCube™,Sony® Computer Entertainment™ Inc. | PlayStation® 2,Microsoft® Game Studios™ | XBox™,Sega® Enterprises Co. Ltd. | Dreamcast™
1124,Entertainment: Video Games,Easy,Multiple Choice,"In ""Overwatch"", which hero is able to wallride?",Lucio,Reinhardt,Sombra,Mercy
1125,Animals,Easy,True / False,Kangaroos keep food in their pouches next to their children.,False,True,,
1126,Entertainment: Video Games,Easy,Multiple Choice,How many obsidian blocks are required to build a nether portal in Minecraft?,10,14,13,16
1127,History,Medium,Multiple Choice,Which U.S. President was in office when the Gulf War began?,George H. W. Bush,Richard Nixon,George W. Bush ,Ronald Regan
1128,Entertainment: Video Games,Medium,Multiple Choice,Who created the Final Fantasy series developed by Square Enix?,Hironobu Sakaguchi,Yuji Horii,Akira Toriyama,Tetsuya Nomura
1129,Entertainment: Film,Hard,Multiple Choice,Which singer is portrayed by Bruce Campbell in the 2002 film 'Bubba Ho-Tep'?,Elvis Presley,Johnny Cash,"Hank Williams, Sr.",Buddy Holly
1130,Entertainment: Japanese Anime & Manga,Medium,Multiple Choice,"In Haikyuu!!, who is not a member of Karasuno VBC?",Shigeru Yahaba,Tadashi Yamaguchi,Hisashi Kinoshita,Kazuhito Narita
1131,Entertainment: Board Games,Medium,Multiple Choice,Who is the main character in the VHS tape included in the board game Nightmare?,The Gatekeeper,The Kryptkeeper,The Monster,The Nightmare
1132,Entertainment: Board Games,Medium,Multiple Choice,What special item did the creators of Cards Against Humanity ship for their Black Friday pack?,Bull Feces,A Card Expansion,A Racist Toy,Cat Urine
1133,Mythology,Easy,Multiple Choice,Which figure from Greek mythology traveled to the underworld to return his wife Eurydice to the land of the living?,Orpheus,Hercules,Perseus,Daedalus
1134,Entertainment: Music,Medium,Multiple Choice,What are the first few words in the lyrics of A-Ha's 'Take On Me'?,We're talking away,We're dreaming today,We're finding a way,We're blocking the way
1135,Science & Nature,Medium,True / False,Sound can travel through a vacuum.,False,True,,
1136,General Knowledge,Hard,Multiple Choice,"Where in La Coruña (Spain) is the headquarters of ""Inditex"", the biggest fashion group in the world?",Arteijo,Sanjenjo,Mugía,Órdenes
1137,History,Medium,True / False,Adolf Hitler was accepted into the Vienna Academy of Fine Arts.,False,True,,
1138,Entertainment: Music,Medium,Multiple Choice,"Which of these artists was NOT a member of the electronic music supergroup Swedish House Mafia, which split up in 2013?",Alesso,Steve Angello,Sebastian Ingrosso,Axwell
1139,Entertainment: Board Games,Easy,Multiple Choice,"In Dungeons and Dragons (5th edition), what stat do you normally add onto your initiative die roll?",Dexterity,Speed,Strength,Wisdom
1140,History,Medium,Multiple Choice,How old was Lyndon B. Johnson when he assumed the role of President of the United States?,55,50,60,54
1141,Entertainment: Board Games,Easy,Multiple Choice,Which of these board games do NOT utilize standard 6-sided dice?,The Game of Life,Monopoly,Risk,Snakes and Ladders
1142,Entertainment: Music,Medium,True / False,"The cover of The Beatles album ""Abbey Road"" featured a Volkswagen Beetle in the background.",True,False,,
1143,Entertainment: Musicals & Theatres,Hard,Multiple Choice,Who serves as the speaker of the prologue in Shakespeare's Romeo and Juliet?,Chorus,Montague,Refrain,Capulet
1144,Geography,Medium,True / False,The Sonoran Desert is located in eastern Africa.,False,True,,
1145,Entertainment: Video Games,Medium,True / False,"In the Disgaea series, any character can equip any weapon.",False,True,,
1146,Entertainment: Television,Easy,Multiple Choice,"In the show ""Futurama"" what is Fry's full name?",Philip J. Fry,Fry J. Philip,Fry Rodríguez,Fry Philip
1147,Entertainment: Music,Easy,Multiple Choice,What is the name of Finnish DJ Darude's hit single released in October 1999?,Sandstorm,Dust Devil,Sirocco,Khamsin
1148,Sports,Easy,Multiple Choice,Which team has won the most Stanley Cups in the NHL?,Montreal Canadians,Chicago Blackhawks,Toronto Maple Leafs,Detroit Red Wings
1149,Entertainment: Books,Easy,Multiple Choice,What was the first ever entry written for the SCP Foundation collaborative writing project?,SCP-173,SCP-001,SCP-999,SCP-1459
1150,Entertainment: Video Games,Hard,Multiple Choice,How many total monsters appear in Monster Hunter Generations?,105,100,98,73
1151,Animals,Easy,Multiple Choice,Which of these animals are not real?,Nemean Lion,Sea Dragon,Tasmanian Devil,Giant Squid
1152,Science & Nature,Hard,Multiple Choice,The 'Islets of Langerhans' is found in which human organ?,Pancreas,Kidney,Liver,Brain
1153,Mythology,Easy,True / False,A wyvern is the same as a dragon.,False,True,,
1154,Geography,Hard,Multiple Choice,Which of these is NOT a city in India?,Islamabad,Hyderabad,Ahmedabad,Ghaziabad
1155,Animals,Easy,True / False,Rabbits can see what's behind themselves without turning their heads.,True,False,,
1156,Entertainment: Video Games,Easy,Multiple Choice,"In the Street Fighter franchise, what's Ken's surname?",Masters,Mitchell,Michaels,Morrison
1157,General Knowledge,Medium,Multiple Choice,"Which of these words means ""idle spectator""?",Gongoozler,Gossypiboma,Jentacular,Meupareunia
1158,Science: Mathematics,Easy,Multiple Choice,How many sides does a heptagon have?,7,8,6,5
1159,Sports,Hard,Multiple Choice,What tool lends it's name to a last-stone advantage in an end in Curling?,Hammer,Wrench,Drill,Screwdriver
1160,Entertainment: Video Games,Easy,Multiple Choice,Who is the leader of Team Valor in Pokémon Go?,Candela,Willow,Blanche,Spark
1161,Entertainment: Music,Medium,Multiple Choice,"Irish musician Hozier released a music track in 2013 titled, ""Take Me to ______""",Church,Mosque,Synagogue,Temple
1162,Sports,Medium,Multiple Choice,"In Formula 1, the Virtual Safety Car was introduced following the fatal crash of which driver?",Jules Bianchi,Ayrton Senna,Ronald Ratzenberger,Gilles Villeneuve
1163,Science & Nature,Medium,True / False,Anatomy considers the forms of macroscopic structures such as organs and organ systems.,True,False,,
1164,Entertainment: Video Games,Hard,Multiple Choice,What was the nickname of the original model for Half-Life's protagonist Gordon Freeman?,Ivan the Space Biker,Gordon the Space Biker,Ivan the Alien Biker,Gordon the Alien Biker
1165,Entertainment: Video Games,Hard,Multiple Choice,"In the title of the game ""Luigi's Mansion"", what is the only letter to not appear with a pair of eyes in it?",s,n,i,m
1166,Geography,Easy,True / False,Miami is Florida's largest city.,False,True,,
1167,History,Medium,Multiple Choice,When was Napoleon Bonaparte crowned emperor of the French? , December 2nd 1804, July 3rd 1802, March 8th 1803, October 15th 1804
1168,History,Hard,Multiple Choice,The term Luddite originally applied to disgruntled workers in which industry?,Textile,Farming,Mining,Ceramics
1169,Entertainment: Music,Medium,Multiple Choice,Band Aid's 'Do They Know It's Christmas' was recorded to raise awareness of which issue in Ethiopia?,Famine,Human rights violations,Pollution,Terrorism
1170,Entertainment: Film,Easy,Multiple Choice,The Queen song `A Kind Of Magic` is featured in which 1986 film?,Highlander,Flash Gordon,Labyrinth,Howard the Duck
1171,Geography,Easy,Multiple Choice,What is the capital of Denmark?,Copenhagen,Aarhus,Odense,Aalborg
1172,Entertainment: Music,Medium,Multiple Choice,Which of the following guitarists recorded an album as a member of the Red Hot Chili Peppers?,Dave Navarro,Tom Morello ,Billy Corgan,Ed O'Brien
1173,Geography,Medium,Multiple Choice,What is the capital of the US state Nevada?,Carson City,Las Vegas,Henderson,Reno
1174,Entertainment: Film,Easy,Multiple Choice,"In Avengers: Infinity War, where was the Soul Stone located?",Vormir,Xandar,Knowhere,Asgard
1175,Science: Mathematics,Easy,Multiple Choice,"What comes after a Million, a Billion, and a Trillion?",Quadrillion,Sextillion,Quintillion,Septillion
1176,General Knowledge,Easy,Multiple Choice,Which of these fast-food chains is NOT mainly known to sell pizza?,Wendy's,Domino's,Little Caesars,Papa John's
1177,Entertainment: Music,Medium,Multiple Choice,Which of these is not an Ed Sheeran album?,-,+,X,÷
1178,Science & Nature,Medium,Multiple Choice,Which of these two plates are best know for forming earthquakes and tsunami's? ,Convergent Plate Boundaries/Oceanic Crust,Divergent Plate Boundaries/Convergent/Oceanic Crust,Transform Plate Boundaries/Divergent Plate Boundaries,Oceanic & Continental Crust/Transform Plate Boundaries
1179,History,Hard,True / False,"The Battle of Trafalgar took place on October 23rd, 1805",False,True,,
1180,Entertainment: Film,Easy,Multiple Choice,What was the first monster to appear alongside Godzilla?,Anguirus,King Kong,Mothra,King Ghidora
1181,Vehicles,Medium,Multiple Choice,When was Cadillac founded?,1902,1964,1898,1985
1182,Geography,Medium,True / False,Liechtenstein does not have an airport.,True,False,,
1183,History,Medium,Multiple Choice,Who was the only US President to be elected four times?,Franklin Roosevelt,Theodore Roosevelt,George Washington,Abraham Lincoln
1184,Entertainment: Books,Hard,Multiple Choice,"In The Lies Of Locke Lamora, what does ""Lamora"" mean in Throne Therin?",Shadow,Thievery,Justice,Chaos
1185,Mythology,Easy,Multiple Choice,Who was the King of Gods in Ancient Greek mythology?,Zeus,Apollo,Hermes,Poseidon
1186,Entertainment: Video Games,Easy,True / False,Tony Hawk's extreme sports videogames revolve around performing professional BMX tricks.,False,True,,
1187,Entertainment: Video Games,Medium,Multiple Choice,"Who created Agent 47 in the game series ""Hitman""?",Dr. Otto Wolfgang Ort-Meyer,Professor Hertz Amadeus Schneider,Dr. Josef Mengele,Professor Otto Rothwinkler
1188,Entertainment: Film,Easy,Multiple Choice,Which year was the first official Youtube Rewind released?,2010,2012,2011,2013
1189,Entertainment: Music,Medium,Multiple Choice,Which of these is NOT the name of an album released by Miami-based producer DJ Khaled?,Don't Ever Play Yourself,Major Key,Suffering From Success,I Changed A Lot
1190,Entertainment: Video Games,Easy,Multiple Choice,Which of the following was a map that was in Team Fortress 2 at launch?,Gravel Pit,Hoodoo,Gold Rush,Upward
1191,Entertainment: Video Games,Medium,Multiple Choice,The default playermodel of Garry's Mod is this Half Life 2 character.,Isaac Kleiner,G-Man,Alyx Vance,Gordon Freeman
1192,Entertainment: Television,Easy,Multiple Choice,"In Supernatural, what's is Sam's brothers name?",Dean,Dave,Steve,Mike
1193,Science & Nature,Easy,Multiple Choice,How many bones are in the human body?,206,203,209,200
1194,Entertainment: Video Games,Medium,Multiple Choice,Which soccer player is featured on the cover of EA Sport's FIFA 18?,Cristiano Ronaldo,Lionel Messi,Neymar,Harry Kane
1195,Geography,Hard,Multiple Choice,How many stations does the Central Line have on the London Underground?,49,51,43,47
1196,Geography,Medium,Multiple Choice," What Texas city is nicknamed ""The Yellow Rose of Texas""?",Amarillo,Corpus Christi,Frisco,Houston
1197,Science: Computers,Easy,Multiple Choice,How many values can a single byte represent?,256,8,1,1024
1198,General Knowledge,Easy,Multiple Choice,Area 51 is located in which US state?,Nevada,Arizona,New Mexico,Utah
1199,Science: Mathematics,Medium,Multiple Choice,What type of function is x²+2x+1?,Quadratic,Rational,Linear,Exponential
1200,Entertainment: Video Games,Medium,Multiple Choice,"In ""Call of Duty: Black Ops III"" Zombies, what does completing all the main easter eggs reward you with?","1,000,000 XP",Juggernog at the start of each game,50 Liquid Diviniums,All three options.
1201,History,Medium,Multiple Choice,The Battle of the Somme in World War I took place in which country?,France,Germany,Italy,Austria
1202,Mythology,Medium,Multiple Choice,"In Greek mythology, Persephone must return to the underworld because she had eaten what kind of seeds?",Pomegranate,Sunflower,Orange,Fig
1203,Entertainment: Japanese Anime & Manga,Hard,True / False,"In the ""Kagerou Daze"" series, Shintaro Kisaragi is prominently shown with the color red.",True,False,,
1204,Entertainment: Television,Hard,Multiple Choice,"Which country does the YouTuber ""SinowBeats"" originate from?",Scotland,England,Sweden,Germany
1205,Entertainment: Cartoon & Animations,Easy,True / False,"In the ""Shrek"" film franchise, Donkey is played by Eddie Murphy.",True,False,,
1206,Entertainment: Video Games,Hard,Multiple Choice,The creation of the  Entertainment Software Ratings Board (ESRB) is often associated with Mortal Kombat and what FMV video game?,Night Trap,Sewer Shark,The Daedalus Encounter,Corpse Killer
1207,Entertainment: Music,Medium,Multiple Choice,Which of these is NOT the name of an album released by American rapper Viper?,The Life of Pablo,Kill Urself My Man,You'll Cowards Don't Even Smoke Crack,Yo Wife Handcuffin' Me
1208,History,Hard,Multiple Choice,Spain was formed in 1469 with the marriage of Isabella I of Castile and Ferdinand II of what other Iberian kingdom?,Aragon,Galicia,León,Navarre
1209,Entertainment: Music,Medium,True / False,Ashley Frangipane performs under the stage name Halsey.,True,False,,
1210,Geography,Hard,Multiple Choice,What is the area of Vatican City?,0.44km^2,0.10km^2,0.86km^2,12.00km^2
1211,History,Medium,Multiple Choice,Who assassinated Archduke Franz Ferdinand?,Gavrilo Princip,Nedeljko Čabrinović,Oskar Potiorek,Ferdinand Cohen-Blind
1212,Politics,Easy,True / False,"One of Barack Obama's United States presidential campaign slogan's was ""Yes We Can"".",True,False,,
1213,Entertainment: Television,Easy,Multiple Choice,"What is the real name of the famous spanish humorist, El Risitas?",Juan Joya Borga,Gabriel Garcia Marquez,Jesus Quintero,Ernesto Guevara
1214,Geography,Medium,True / False,The Southeast Asian island of Borneo is politically divided among 3 countries.,True,False,,
1215,Geography,Easy,Multiple Choice,What is Russia's second-largest city?,Saint Petersburg,Minsk,Nizhny Novgorod,Vladivostok
1216,General Knowledge,Easy,Multiple Choice,Terry Gilliam was an animator that worked with which British comedy group?,Monty Python,The Goodies‎,The League of Gentlemen‎,The Penny Dreadfuls
1217,Entertainment: Japanese Anime & Manga,Hard,Multiple Choice,"In ""Hunter x Hunter"", which of the following is NOT a type of Nen aura?",Restoration,Emission,Transmutation,Specialization
1218,Entertainment: Japanese Anime & Manga,Medium,Multiple Choice,"Who voices the character ""Reigen""  in the English dub of ""Mob Psycho 100""?",Chris Niosi,Max Mittelman,Kyle McCarley,Casey Mongillo
1219,Science: Computers,Easy,Multiple Choice,Color model CMYK stands for?,"Cyan, Magenta, Yellow, and Black","Cream, Maroon, Yellow, and Black","Cyan, Magenta, Yellow, and Khaki","Cream, Maroon, Yellow, and Khaki"
1220,Entertainment: Film,Easy,Multiple Choice,"Which of the following is not the name of a ""Bond Girl""? ",Vanessa Kensington,Pam Bouvier,Mary Goodnight,Wai Lin
1221,Geography,Hard,Multiple Choice,The emblem on the flag of the Republic of Tajikistan features a sunrise over mountains below what symbol?,Crown,Bird,Sickle,Tree
1222,Entertainment: Television,Medium,True / False,"In the TV series Red Dwarf, Kryten's full name is Kryten 2X4B-523P.",True,False,,
1223,Science & Nature,Easy,True / False,Psychology is the science of behavior and mind.,True,False,,
1224,Art,Medium,Multiple Choice,Which artist’s studio was known as 'The Factory'?,Andy Warhol,Roy Lichtenstein,David Hockney,Peter Blake
1225,General Knowledge,Medium,Multiple Choice, In which country was the Michelin tire company founded in 1889?,France,United Kingdom,Italy,Germany
1226,Entertainment: Comics,Medium,Multiple Choice,"Which issue of the ""Sonic the Hedgehog"" comic did Scourge the Hedgehog make his first appearance?",Sonic the Hedgehog #11,Sonic Universe #32,Sonic the Hedgehog #161,Sonic the Hedgehog #47
1227,Entertainment: Video Games,Medium,Multiple Choice,One of the Nintendo Entertainment System voice channels supports playback of sound samples. Which one?,DMC,Noise,Triangle,Square
1228,Science: Computers,Medium,Multiple Choice,.rs is the top-level domain for what country?,Serbia,Romania,Russia,Rwanda
1229,General Knowledge,Medium,Multiple Choice,"What is the Italian word for ""tomato""?",Pomodoro,Aglio,Cipolla,Peperoncino
1230,Entertainment: Film,Medium,Multiple Choice,"What Queen song plays during the final fight scene of the film ""Hardcore Henry""?",Don't Stop Me Now,Brighton Rock,Another Bites the Dust,We Will Rock You
1231,Science & Nature,Easy,True / False,Salt is 100% composed of Sodium.,False,True,,
1232,Geography,Easy,Multiple Choice,What state is the largest state of the United States of America?,Alaska,California,Texas,Washington
1233,Entertainment: Video Games,Easy,True / False,Peter Molyneux was the founder of Bullfrog Productions.,True,False,,
1234,Entertainment: Books,Hard,Multiple Choice,"According to Bram Stoker's novel, in which British coastal town did Dracula come ashore?",Whitby,Scarborough,Brighton,Portsmouth
1235,History,Easy,Multiple Choice,Which one of these countries was NOT in the Central Powers during WWI?,Spain,Austria-Hungary,Turkey,Germany
1236,General Knowledge,Medium,Multiple Choice,What character was once considered to be the 27th letter of the alphabet?,Ampersand,Interrobang,Tilde,Pilcrow
1237,Entertainment: Music,Medium,Multiple Choice,What album did Gorillaz release in 2017?,Humanz,Plastic Beach,The Fall,Demon Days
1238,Entertainment: Film,Easy,Multiple Choice,"In the 1992 film ""Army of Darkness"", what name does Ash give to his double-barreled shotgun?",Boomstick,Bloomstick,Blastbranch,2-Pump Chump
1239,Entertainment: Television,Hard,Multiple Choice,Which actor from The Young Ones also played Lord Flashheart in one episode of Blackadder II?,Rik Mayall,Adrian Edmondson,Nigel Planer,Christopher Ryan
1240,Entertainment: Music,Medium,Multiple Choice,"What is the real name of rapper, The Notorious B.I.G?",Christopher Wallace,Calvin Cordozar Broadus Jr.,O'Shea Jackson,Eric Lynn Wright
1241,General Knowledge,Medium,Multiple Choice,"Which iconic Disneyland attraction was closed in 2017 to be remodeled as a ""Guardians of the Galaxy"" themed ride?",Twilight Zone Tower of Terror,The Haunted Mansion,Pirates of the Caribbean,Peter Pan's Flight
1242,General Knowledge,Medium,Multiple Choice,Which country has the most Trappist breweries?,Belgium,Netherlands,France,USA
1243,Entertainment: Video Games,Easy,Multiple Choice,"Who created the ""Metal Gear"" Series?",Hideo Kojima,Hiroshi Yamauchi,Shigeru Miyamoto,Gunpei Yokoi
1244,Entertainment: Television,Easy,Multiple Choice,Guy's Grocery Games is hosted by which presenter?,Guy Fieri,Guy Martin,Guy Ritchie,Ainsley Harriott
1245,Entertainment: Japanese Anime & Manga,Medium,Multiple Choice,"In ""Toriko"", which of the following Heavenly Kings has an enhanced sense of Hearing?",Zebra,Coco,Sunny,Toriko
1246,Entertainment: Film,Hard,Multiple Choice,"Which one of these films did David Lynch direct, but not write?",The Straight Story,Inland Empire,Lost Highway,Twin Peaks Fire Walk With Me
1247,Entertainment: Video Games,Easy,Multiple Choice,"In the video game, Half-life, what event started the Half-life universe as we know today?",The Resonance Cascade,World War 3,The Xen Attack,The Black Mesa Nuke
1248,Science: Gadgets,Medium,Multiple Choice,"Which company designed the ""Betamax"" video cassette format?",Sony,Panasonic,LG,Fujitsu
1249,Politics,Easy,True / False,Donald Trump won the popular vote in the 2016 United States presidential election.,False,True,,
1250,Entertainment: Film,Hard,Multiple Choice,Which movie did NOT feature the late actor John Candy?,Ghostbusters,Little Shop Of Horrors,Home Alone,Planes Trains and Automobiles
1251,Entertainment: Music,Hard,Multiple Choice,"Which of these artists did NOT remix the song ""Faded"" by Alan Walker?",Skrillex,Tiësto,Slushii,Dash Berlin
1252,Entertainment: Video Games,Hard,Multiple Choice,"In the Lego Island trilogy, who taught Pepper Roni how to read?",Officer Laura Brick,Papa Brickolini,Officer Nick Brick,Mama Brickolini
1253,Art,Medium,Multiple Choice,Who painted the epic mural Guernica?,Pablo Picasso,Francisco Goya,Leonardo da Vinci,Henri Matisse
1254,Entertainment: Music,Medium,Multiple Choice,Which of these is NOT an album released by The Beatles?,The Wall,Abbey Road,Magical Mystery Tour,Revolver
1255,History,Hard,Multiple Choice,What year was the United States Declaration of Independence signed?,1776,1775,1774,1777
1256,History,Medium,Multiple Choice,When did Vesuvius destroy the city of Pompeii? ,79 AD,62 AD,31 BC,54 BC
1257,Entertainment: Television,Hard,Multiple Choice,"In season one of the US Kitchen Nightmares, Gordan Ramsay tried to save 10 different restaurants. How many ended up closing afterwards?",9,6,3,0
1258,Entertainment: Video Games,Medium,Multiple Choice,Which game was the first time Mario was voiced by Charles Martinet?,Mario's Game Gallery,Super Mario 64,Mario Tennis,Dr. Mario 64
1259,Art,Easy,True / False,Leonardo da Vinci's Mona Lisa does not have eyebrows.,True,False,,
1260,Mythology,Medium,Multiple Choice,What is the name of the first human being in Norse mythology?,Ask,Asmund,Ake,Asger
1261,Geography,Easy,Multiple Choice,How many countries does Mexico border?,3,2,4,1
1262,Entertainment: Books,Easy,True / False,"""Green Eggs and Ham"" consists of only 50 different words.",True,False,,
1263,Entertainment: Video Games,Easy,Multiple Choice,Who voices GLaDOS in the Portal games?,Ellen McLain,Michelle Forbes ,Mary Kae Irvin ,Natasha Radski
1264,Celebrities,Hard,Multiple Choice,"What was the religion of famous singer ""Freddie Mercury""?",Zoroastrianism,Paganism,Ashurism,Judaism
1265,Entertainment: Cartoon & Animations,Medium,Multiple Choice,What animated internet character is known to answer emails with his boxing gloves?,Strong Bad,Strong Sad,Strong Mad,Strong Glad
1266,Science & Nature,Hard,Multiple Choice,Muscle fiber is constructed of bundles small long organelles called what?,Myofibrils,Epimysium,Myofiaments,Myocardium
1267,Sports,Medium,Multiple Choice,Which of the following player scored a hat-trick during their Manchester United debut?,Wayne Rooney,Cristiano Ronaldo,Robin Van Persie,David Beckham
1268,Science & Nature,Medium,Multiple Choice,Deuterium is an isotope of which element?,Hydrogen,Nitrogen,Helium,Neon
1269,Entertainment: Television,Medium,Multiple Choice,"At which university do ""The Big Bang Theory"" characters Mr. Wolowitz and Drs. Cooper, Hofstadter and Koothrappali work?",Caltech,UCLA,MIT,UC Berkeley 
1270,Science: Gadgets,Medium,True / False,"iRobot's revolutionary floor-cleaning vacuum, the Roomba, was first invented in 2002",True,False,,
1271,Science: Computers,Medium,Multiple Choice,Which internet company began life as an online bookstore called 'Cadabra'?,Amazon,eBay,Overstock,Shopify
1272,Science: Mathematics,Hard,Multiple Choice,Which of these did mathematician Leonhard Euler NOT develop?,An improvement to the Fast Fourier Transform,A method of solving first-order differential equations,"An identity linking the numbers e, pi and i","A formula linking vertices, edges and faces on a graph"
1273,History,Hard,Multiple Choice,The pantheon in Rome was used to worship what god?,Any god they wanted,Athena,Zeus,Both Athena and Zeus
1274,Entertainment: Video Games,Medium,Multiple Choice,"In the first Left 4 Dead, you can play as either of these four characters.","Francis, Bill, Zoey, and Louis","Bender, Andrew, Allison, and Brian","Coach, Ellis, Nick, and Rochelle","Harry, Ron, Hermione and Dumbledore"
1275,General Knowledge,Easy,Multiple Choice,What do sailors call the right side of a boat?,Starboard,Port,Stern,Bow
1276,Entertainment: Video Games,Hard,Multiple Choice,"In the remake of ""Resident Evil 2"", which medallion does not exist?",Dragon Medallion,Lion Medallion,Unicorn Medallion,Maiden Medallion
1277,General Knowledge,Easy,True / False,Gumbo is a stew that originated in Louisiana.,True,False,,
1278,Celebrities,Medium,Multiple Choice,When was Elvis Presley born?,"January 8, 1935","December 13, 1931","July 18, 1940","April 17, 1938"
1279,Entertainment: Video Games,Easy,Multiple Choice,Which Elite Four member from the first generation of Pokémon became the champion in the next generation?,Lance,Agatha,Bruno,Lorelei
1280,General Knowledge,Easy,Multiple Choice,What zodiac sign is represented by a pair of scales?,Libra,Aries,Capricorn,Sagittarius
1281,Celebrities,Medium,Multiple Choice,What is Doug Walker's YouTube name?,The Nostalgia Critic,The Angry Video Game Nerd,AngryJoeShow,The Cinema Snob
1282,Entertainment: Books,Medium,Multiple Choice,"What was the last message of the Dolphins in ""The Hitchhiker's Guide to the Galaxy""?","""So long, and thanks for all the fish.""","""The answer is 42.""","""Land of the brave.""","""Goodbye cruel world!"""
1283,Entertainment: Video Games,Medium,True / False,"In the Resident Evil series, Leon S. Kennedy is a member of STARS.",False,True,,
1284,Entertainment: Japanese Anime & Manga,Medium,Multiple Choice,"In ""Black Lagoon"", what colour is Rock's tie?",Teal,Crimson,Dark Brown,Black
1285,Entertainment: Musicals & Theatres,Medium,Multiple Choice,"When was the play ""Macbeth"" written?",1606,1605,1723,1628
1286,Politics,Medium,True / False,Theresa May was the first female Prime Minister of the United Kingdom.,False,True,,
1287,Entertainment: Television,Easy,Multiple Choice,"In Game of Thrones, what is Littlefinger's real name?",Petyr Baelish,Podrick Payne,Lancel Lannister,Torrhen Karstark
1288,Vehicles,Medium,Multiple Choice,Enzo Ferrari was originally an auto racer for what manufacturer before founding his own car company?,Alfa Romeo,Auto Union,Mercedes Benz,Bentley
1289,Entertainment: Video Games,Easy,Multiple Choice,What is the last name of the primary female protagonist of Final Fantasy VIII?,Heartilly,Loire,Almasy,Trepe
1290,Geography,Medium,Multiple Choice,On which continent is the country of Angola located?,Africa,South America,Europe,Asia
1291,Entertainment: Film,Medium,Multiple Choice,What mutated animals act as monsters in the movie 'Night of the Lepus'?,Rabbits,Dogs,Rats,Bats
1292,Science & Nature,Medium,True / False,"The ""Gympie Stinger"" is the deadliest plant in the world.",False,True,,
1293,Entertainment: Television,Medium,Multiple Choice,What year did the television company BBC officially launch the channel BBC One?,1936,1948,1932,1955
1294,Entertainment: Video Games,Easy,Multiple Choice,"What video game sparked controversy because of its hidden ""Hot Coffee"" minigame?",Grand Theft Auto: San Andreas,Grand Theft Auto: Vice City,Hitman: Blood Money,Cooking Mama
1295,Entertainment: Film,Easy,Multiple Choice,"Who in Pulp Fiction says ""No, they got the metric system there, they wouldn't know what the f*** a Quarter Pounder is.""",Vincent Vega,Jules Winnfield,Jimmie Dimmick,Butch Coolidge
1296,Celebrities,Medium,Multiple Choice,Who out of these actresses is the youngest?,Kiernan Shipka,Ariel Winter,Emma Watson,Bonnie Wright
1297,History,Hard,Multiple Choice,"During World War I, which nation's monarchs were blood related?","England, Germany, Russia","France, Russia, Germany","Serbia, Russia, Croatia","Germany, Spain, Austria"
1298,Entertainment: Video Games,Medium,Multiple Choice,What was the name of the Secret Organization in the Hotline Miami series? ,50 Blessings,American Blessings,50 Saints,USSR's Blessings
1299,History,Medium,Multiple Choice,The Little Entente was an alliance formed against which nation?,Hungary,Germany,France,Prussia
1300,Entertainment: Comics,Hard,True / False,"In the comic book ""Archie"", Betty is friends with Veronica because she is rich.",False,True,,
1301,General Knowledge,Hard,Multiple Choice,"The word ""abulia"" means which of the following?",The inability to make decisions,The inability to stand up,The inability to concentrate on anything,A feverish desire to rip one's clothes off
1302,Entertainment: Music,Medium,Multiple Choice,According to the RIAA: Which artist has sold the most albums by the million?,The Beatles,Elvis Presley,Michael Jackson,Pink Floyd
1303,Entertainment: Video Games,Medium,Multiple Choice,"In ""Halo 2"", what is the name of the monitor of Installation 05?",2401 Penitent Tangent,343 Guilty Spark,031 Exuberant Witness,252 Biodis Expolsion
1304,Entertainment: Video Games,Easy,Multiple Choice,"In Final Fantasy XIV, what is the name of the Deep Dungeon that was introduced in the expansion pack, Heavensward?",Palace of the Dead,Heaven on High,Aetherochemical Research Facility,Sunken Temple of Qarn
1305,Entertainment: Comics,Medium,Multiple Choice,Who was the first American Vampire (Scott Snyder's American Vampire)?,Skinner Sweet,Hattie Hargrove,Pearl Jones,"James ""Jim"" Book"
1306,Entertainment: Video Games,Hard,Multiple Choice,"In ""Super Mario Sunshine"", how do you unlock the ""Corona Mountain"" level?",By clearing every 7th episode,By obtaining 70 Shines,"By clearing every episode involving a ""Secret""",By unlocking every nozzle F.L.U.D.D can use
1307,Entertainment: Music,Easy,Multiple Choice,What was Daft Punk's first studio album?,Homework,Discovery,Random Access Memories,Human After All
1308,Science & Nature,Medium,Multiple Choice,What is the colour of unoxidized blood?,Red,Blue,Purple,Green
1309,History,Medium,Multiple Choice,Which of the following ancient Near Eastern peoples still exists as a modern ethnic group?,Assyrians,Babylonians,Hittites,Elamites
1310,General Knowledge,Medium,True / False,"The commercial UK channel ITV stands for ""International Television"".",False,True,,
1311,General Knowledge,Easy,Multiple Choice,What fruit is a traditional ingredient of a Black Forest Gateau?,Cherries,Apricots,Raisins,Apples
1312,Science: Computers,Easy,Multiple Choice,How many kilobytes in one gigabyte (in decimal)?,1000000,1024,1000,1048576
1313,Science: Computers,Hard,Multiple Choice,What was the name of the first Bulgarian personal computer?,IMKO-1,Pravetz 82,Pravetz 8D,IZOT 1030
1314,Sports,Easy,Multiple Choice,Who won the 2015 Formula 1 World Championship?,Lewis Hamilton,Nico Rosberg,Sebastian Vettel,Jenson Button
1315,Entertainment: Video Games,Easy,True / False,"In ""Super Mario 64"", collecting 100 coins on a level will give you a 1-UP.",False,True,,
1316,Sports,Hard,Multiple Choice,What is “The Sport of Kings”?,Horse Racing,Chess,Jousting,Fencing
1317,Entertainment: Music,Medium,Multiple Choice,"Which musical group won the Brit Awards in 1985, with George Michael as a member?",Wham!,Frankie Goes to Hollywood,U2,Culture Club
1318,Sports,Easy,Multiple Choice,Who won the UEFA Champions League in 2016?,Real Madrid C.F.,FC Bayern Munich,Atletico Madrid,Manchester City F.C.
1319,Entertainment: Film,Medium,Multiple Choice,"In the Mad Max franchise, what type of car is the Pursuit Special driven by Max?",Ford Falcon,Holden Monaro,Chrysler Valiant Charger,Pontiac Firebird
1320,Entertainment: Video Games,Medium,Multiple Choice,How many times do you fight the Imprisoned in The Legend of Zelda: Skyward Sword?,3,2,4,5
1321,Entertainment: Television,Easy,Multiple Choice,"In the show ""Tengen Toppa Gurren Lagann"" what is the name of the character who force everyone to live underground?",Lordgenome,Kingloname,Lord Genome,King Loname
1322,General Knowledge,Easy,Multiple Choice,Which sign of the zodiac is represented by the Crab?,Cancer,Libra,Virgo,Sagittarius
1323,Entertainment: Cartoon & Animations,Hard,Multiple Choice,"In the ""Star Wars"" universe, what species is Grand Admiral Thrawn?",Chiss,Gungans,Pantorans,Twi'lek
1324,Entertainment: Video Games,Medium,Multiple Choice,"Which company made the Japanese RPG ""Dragon Quest""?",Square Enix,Capcom,Konami,Blizzard
1325,Science: Computers,Hard,Multiple Choice,Which of these is not a layer in the OSI model for data communications?,Connection Layer,Application Layer,Transport Layer,Physical Layer
1326,Entertainment: Video Games,Hard,Multiple Choice,"In ""The Witness"", how many lasers must be activated to get into the mountain area?",7,8,5,12
1327,Entertainment: Video Games,Easy,Multiple Choice,What does IWHBYD stand for on the skull in the Halo series?,I Would Have Been Your Daddy,I Wanna Have Babies You Down,I Would Hate Being Your Driver,I Would Have Bought Your Dog
1328,Geography,Medium,Multiple Choice,Which German city is located on the River Isar?,Munich,Berlin,Hamburg,Dortmund
1329,History,Medium,Multiple Choice,When was the United States National Security Agency established?,"November 4, 1952","July 26, 1908"," July 1, 1973"," November 25, 2002"
1330,Entertainment: Japanese Anime & Manga,Medium,Multiple Choice,"What year does Part 7 of ""JoJo's Bizarre Adventure"" take place in?",1890,1888,1999,2003
1331,Animals,Easy,Multiple Choice,What is the name of a rabbit's abode?,Burrow,Nest,Den,Dray
1332,Science & Nature,Easy,True / False,The Sun is considered a star.,True,False,,
1333,Entertainment: Film,Easy,Multiple Choice,"Who played the female lead in the 1933 film ""King Kong""?",Fay Wray,Jean Harlow,Vivien Leigh,Mae West
1334,Science: Computers,Medium,True / False,"""Windows NT"" is a monolithic kernel.",False,True,,
1335,Entertainment: Books,Medium,Multiple Choice,What book series published by Jim Butcher follows a wizard in modern day Chicago?,The Dresden Files,A Hat in Time,The Cinder Spires,My Life as a Teenage Wizard
1336,Science & Nature,Hard,Multiple Choice,All of the following human genetic haplogroup names are shared between Y-chromosome and mitochondrial DNA haplogroups EXCEPT:,Haplogroup U,Haplogroup L,Haplogroup T,Haplogroup J
1337,History,Medium,Multiple Choice,Where and when was the first cardboard box made for industrial use?,"England, 1817","United States, 1817","England, 1917","United States, 1917"
1338,Entertainment: Music,Medium,Multiple Choice,"Which French duo had UK hits in 1998 with the songs 'Sexy Boy', 'Kelly Watch The Stars' & 'All I Need'?",Air,Fire,Earth,Water
1339,General Knowledge,Easy,Multiple Choice,What is the perimeter of a circle more commonly known as?,Circumference,Diameter,Radius,Arc
1340,Science & Nature,Medium,Multiple Choice,"The moons, Miranda, Ariel, Umbriel, Titania and Oberon orbit which planet?",Uranus,Jupiter,Venus,Neptune
1341,Entertainment: Music,Medium,Multiple Choice,"Who recorded the album called ""Down to the Moon"" in 1986?",Andreas Vollenweider,Jean-Michel Jarre,Bing Crosby,Enya
1342,History,Hard,Multiple Choice,"During the Spanish Civil War (1936), Francisco Franco fought for which political faction?",Nationalist Spain,Republican Spain,Popular Front,Papal State
1343,Entertainment: Television,Easy,True / False,"""The Simpsons"" family is named after creator Matt Groening's real family.",True,False,,
1344,Art,Hard,True / False,The Statue of Liberty's official name is “Liberty Enlightening the World”.,True,False,,
1345,Entertainment: Television,Medium,Multiple Choice,"Who was the star of the TV series ""24""?",Kiefer Sutherland,Kevin Bacon,Hugh Laurie,Rob Lowe
1346,Entertainment: Music,Easy,True / False,"The alternative rock band, They Might Be Giants, released their album 'Flood' in 1990. ",True,False,,
1347,Entertainment: Music,Easy,Multiple Choice,Which of the following songs did Elton John perform following Princess Diane's passing?,Candles in the Wind,I Guess That's Why They Call It The Blues,Your Song,Island Girl
1348,Entertainment: Video Games,Easy,Multiple Choice,What is the first Sony PlayStation console that runs on CD?,PS,PS2,PS3,PS4
1349,Entertainment: Music,Easy,Multiple Choice,"The four strings on a violin are the G string, D string, A string, and...",E string,C string,B string,F string
1350,Entertainment: Video Games,Easy,Multiple Choice,"In the ""Metal Gear Solid"" series, what's the name of Solid Snake's brother?",Liquid Snake,Kulus Snake,Billy Snake,Gilur Snake
1351,Entertainment: Music,Medium,Multiple Choice,"Which alternative rock band released the critically-acclaimed album ""OK Computer""?",Radiohead,R.E.M.,Nirvana,Coldplay
1352,Entertainment: Video Games,Medium,Multiple Choice,In which year did the first Monster Hunter game get released?,2004,2006,2005,2002
1353,Entertainment: Music,Medium,Multiple Choice,"Which of these songs by artist Eminem contain the lyric ""Nice to meet you. Hi, my name is... I forgot my name!""?",Rain Man,Without Me,Kim,Square Dance
1354,Entertainment: Video Games,Easy,True / False,Doki Doki Literature Club was developed in Japan.,False,True,,
1355,Entertainment: Television,Medium,Multiple Choice,Which of following is rude and dishonorable by Klingon standards?,Taking his D'k tahg,Insulting and laughing at him at the dinner table,Reaching over and taking his meal,Punching him and taking his ship station position
1356,Entertainment: Television,Easy,Multiple Choice,"What is the name of Chris's brother in ""Everybody Hates Chris""?",Drew,Jerome,Greg,Joe
1357,Entertainment: Film,Hard,Multiple Choice,How old was Laurence Fishburne when Francis Ford Coppola cast him in Apocalypse Now (1979)? ,14,16,18,20
1358,Entertainment: Music,Medium,Multiple Choice,In what year was Tchaikovsky's 1812 Overture composed?,1880,1812,1790,1840
1359,Vehicles,Easy,Multiple Choice,Which Italian city is home of the car manufacturer 'Fiat'?,Turin,Maranello,Modena,Rome
1360,Science: Computers,Easy,Multiple Choice,What does CPU stand for?,Central Processing Unit,Central Process Unit,Computer Personal Unit,Central Processor Unit
1361,Entertainment: Video Games,Hard,Multiple Choice,"In ""Starbound"", what is the max HP of the monster ""Punchy""?","50,000 HP","9,000,000 HP",100 HP,"150,000 HP"
1362,Entertainment: Japanese Anime & Manga,Easy,Multiple Choice,"What name is the main character Chihiro given in the 2001 movie ""Spirited Away""?",Sen (Thousand),Hyaku (Hundred),Ichiman (Ten thousand),Juu (Ten)
1363,Entertainment: Television,Medium,Multiple Choice,"""The A Team"" first aired in the USA and in the UK in what year?",1983,1981,1985,1987
1364,Entertainment: Comics,Medium,Multiple Choice,"In Marvel Comics, Taurus is the founder and leader of which criminal organization?",Zodiac,Scorpio,Tiger Mafia,The Union
1365,History,Medium,Multiple Choice,In what year did Texas secede from Mexico?,1836,1838,1845,1844
1366,Entertainment: Video Games,Easy,Multiple Choice,"In Pokemon Red & Blue, what is the name of HM05?",Flash,Strength,Cut,Fly
1367,General Knowledge,Easy,Multiple Choice,What is the currency of India and Pakistan as well as a few other Asian countries?,Rupee,Riyal,Peso,Dinar
1368,Entertainment: Film,Medium,Multiple Choice,"In Tron: Legacy, Kevin Flynn wrote a program to create the perfect system. What was the program's name?",Clu,Tron,MCP,Quorra
1369,General Knowledge,Medium,Multiple Choice,Which mountain has the highest peak in South America?,"Aconcagua, Argentina","Ojos del Salado, Argentina/Chile border","Monte Pissis, Argentina","Huascarán, Peru"
1370,Animals,Medium,True / False,Sea sponges can have hearts.,False,True,,
1371,Entertainment: Film,Medium,Multiple Choice,In what year was the first Transformers movie released?,1986,2007,1984,2009
1372,Entertainment: Music,Medium,Multiple Choice,Which popular rock band has a one-armed drummer?,Def Leppard,The Beatles,Lynyrd Skynyrd,Foreigner
1373,Entertainment: Board Games,Medium,Multiple Choice,"In poker, ""EV"" means what?",Expected Value,Equity Value,Equivalent Variation,Equity Variation
1374,Mythology,Medium,Multiple Choice,Hel was the daughter of which Norse Mythological figure?,Loki,Thor,Odin,Balder
1375,Entertainment: Video Games,Easy,Multiple Choice,"In Grand Theft Auto V, what was Michael De Santa's former surname?",Townley,De Santos,Watson,Simpson
1376,General Knowledge,Easy,True / False,Vietnam's national flag is a red star in front of a yellow background.,False,True,,
1377,Entertainment: Japanese Anime & Manga,Medium,Multiple Choice,The main antagonist of the second part of JoJo's Bizarre Adventure is which of the following?,Kars,Erina Joestar,Santana,Wired Beck
1378,General Knowledge,Easy,Multiple Choice,Which sign of the zodiac comes between Virgo and Scorpio?,Libra,Gemini,Taurus,Capricorn
1379,Entertainment: Video Games,Medium,Multiple Choice,"In ""PUBATTLEGROUNDS"" what is the name of the Military Base island?",Sosnovka,Novorepnoye,Mylta,Yasnaya
1380,Entertainment: Video Games,Hard,Multiple Choice,"In the Pokémon series, what is Palkia's hidden ability?",Telepathy,Pressure,Water Bubble,Hydration
1381,Science & Nature,Medium,Multiple Choice,What was the first living creature in space?,Fruit Flies ,Monkey,Dog,Mouse
1382,Science: Computers,Easy,True / False,Ada Lovelace is often considered the first computer programmer.,True,False,,
1383,Entertainment: Film,Medium,Multiple Choice,In which movie does Robin Williams' character have to disguise themselves into a woman?,Mrs. Doubtfire,Old Dogs,Jumanji,Awakenings
1384,Animals,Medium,Multiple Choice,What dog breed is one of the oldest breeds of dog and has flourished since before 400 BCE.,Pugs,Bulldogs,Boxers,Chihuahua
1385,Entertainment: Television,Medium,Multiple Choice,When did Spongebob Squarepants first air?,"May 1, 1999","July 20, 2000","February 6, 2003","June 27, 1997"
1386,Geography,Hard,Multiple Choice,The Andaman and Nicobar Islands in South East Asia are controlled by which country?,India,Vietnam,Thailand,Indonesia
1387,Vehicles,Easy,Multiple Choice,The LS3 engine is how many cubic inches?,376,346,364,427
1388,Entertainment: Japanese Anime & Manga,Easy,Multiple Choice,"What animation studio produced ""Gurren Lagann""?",Gainax,Kyoto Animation,Pierrot,A-1 Pictures
1389,Entertainment: Music,Hard,Multiple Choice,"What year did Dire Straits's Song ""Money for Nothing"" release?",1985,1973,1980,1991
1390,Geography,Medium,Multiple Choice,What is the only country in the world with a flag that doesn't have four right angles?,Nepal,Panama,Angola,Egypt
1391,Vehicles,Easy,Multiple Choice,The LS1 engine is how many cubic inches?,346,350,355,360
1392,General Knowledge,Easy,True / False,Dihydrogen Monoxide was banned due to health risks after being discovered in 1983 inside swimming pools and drinking water.,False,True,,
1393,Entertainment: Music,Medium,Multiple Choice,"Madonna's song ""Hung Up"" includes a piece from which popular 70s song?",Gimmie! Gimmie! Gimme! (A Man After Midnight),Staying Alive,Night Fever,The Chain
1394,Entertainment: Japanese Anime & Manga,Medium,Multiple Choice,"What is the name of the final villain in the manga series ""Bleach""?",Yhwach,Juha Bach,Yuhabah,Juhabach
1395,Mythology,Medium,Multiple Choice,Hera is god of...,Marriage,Agriculture,Sea,War
1396,Entertainment: Television,Medium,True / False,"In ""Star Trek"", Klingons are commonly referred to as ""Black Elves"".",False,True,,
1397,Science & Nature,Medium,Multiple Choice,What part of the body produces insulin?,Pancreas,Kidney,Liver,Stomach
1398,Entertainment: Japanese Anime & Manga,Easy,Multiple Choice,"What year did ""Attack on Titan"" first air?",2013,2014,2012,2015
1399,Entertainment: Japanese Anime & Manga,Easy,Multiple Choice,"In the 9th Pokemon movie, who is the Prince of the Sea?",Manaphy,Ash,May,Phantom
1400,Science: Computers,Medium,Multiple Choice,.at is the top-level domain for what country?,Austria,Argentina,Australia,Angola
1401,History,Medium,Multiple Choice,The Korean War started in what year?,1950,1945,1960,1912
1402,Animals,Easy,Multiple Choice,What color is a Steller's Jay?,blue and black,blue and grey,blue and white,grey and black
1403,Sports,Easy,Multiple Choice,How many soccer players should be on the field at the same time?,22,20,24,26
1404,Entertainment: Board Games,Easy,True / False,"""PAYDAY: The Heist"" is a sequel to the board game ""Payday"".",False,True,,
1405,Science & Nature,Easy,True / False,The Earth revolves around the Sun in one year.,True,False,,
1406,Science & Nature,Hard,True / False,The chemical element Lithium is named after the country of Lithuania.,False,True,,
1407,Science & Nature,Easy,Multiple Choice,What is an example of a bacterial pathogen?,Cholera,Measles ,AIDS,Ringworm
1408,Science & Nature,Hard,Multiple Choice,"The word ""science"" stems from the word ""scire"" meaning what?",To know,To measure,To live,To count
1409,History,Medium,Multiple Choice,What was Genghis Khan's real name?,Temüjin,Möngke,Ögedei,Temür
1410,Entertainment: Video Games,Easy,Multiple Choice,What ingredients are required to make a cake in Minecraft?,"Milk, Sugar, Egg, and Wheat","Milk, Bread, Egg, and Wheat","Milk, Sugar Cane, Egg, and Wheat","Milk, Sugar, and Wheat"
1411,Entertainment: Television,Easy,Multiple Choice,"Who played the Waitress in the Spam sketch of ""Monty Python's Flying Circus""?",Terry Jones,Eric Idle,Graham Chapman,John Cleese
1412,Geography,Easy,Multiple Choice,What is the only state in the United States that does not have a flag in a shape with 4 edges?,Ohio,Florida,Idaho,New Mexico
1413,Entertainment: Television,Medium,Multiple Choice,What is the name of the main antagonists in Battlestar Galactica?,The Cylons,The Collective,The Federation,The Rebels
1414,Entertainment: Music,Easy,Multiple Choice,What collaborative album was released by Kanye West and Jay-Z in 2011?,Watch the Throne,Distant Relatives,What a Time to be Alive,Unfinished Business
1415,General Knowledge,Hard,Multiple Choice,"The word ""astasia"" means which of the following?",The inability to stand up,The inability to make decisions,The inability to concentrate on anything,A feverish desire to rip one's clothes off
1416,Entertainment: Video Games,Easy,Multiple Choice,Which Nintendo 64 game did NOT have Luigi in it?,Super Mario 64,Mario Party 2,Paper Mario,Super Smash Bros.
1417,Entertainment: Video Games,Easy,True / False,"In Heroes of the Storm, the Cursed Hollow map gimmick requires players to kill the undead to curse the enemy team.",False,True,,
1418,Entertainment: Video Games,Medium,Multiple Choice,"In ""The Legend of Zelda: Ocarina of Time,"" what is the maximum amount of rupees that Link can carry?",500,999,1000,5000
1419,Entertainment: Video Games,Hard,Multiple Choice,"Which is the model number of the common laser rifle found in Fallout 3, Fallout: New Vegas, and Fallout 4?",AER9,AER10,AER12,AER14
1420,History,Easy,Multiple Choice,When did the Battle of the Somme begin?,"July 1st, 1916","August 1st, 1916","July 2nd, 1916","June 30th, 1916"
1421,Entertainment: Video Games,Medium,Multiple Choice,"Who created the pump ""F.L.U.D.D."" Mario uses in Super Mario Sunshine?",Elvin Gadd,Robert Fludd,Nirona,Crygor
1422,General Knowledge,Medium,True / False,The vapor produced by e-cigarettes is actually water.,False,True,,
1423,Science: Computers,Medium,Multiple Choice,"When was the programming language ""C#"" released?",2000,1998,1999,2001
1424,Entertainment: Books,Easy,Multiple Choice,What's Harry Potter's dad's name?,James Potter,Joey Potter,Frank Potter,Hairy Potter Sr.
1425,History,Hard,Multiple Choice,In what year did the Battle of Verdun take place?,1916,1917,1915,1918
1426,History,Medium,Multiple Choice,What was the bloodiest single-day battle during the American Civil War?,The Battle of Antietam,The Siege of Vicksburg,The Battle of Gettysburg,The Battles of Chancellorsville
1427,Vehicles,Medium,True / False,Bugatti was an Italian car manufacturer.,False,True,,
1428,History,Easy,Multiple Choice,How many manned moon landings have there been?,6,1,3,7
1429,Geography,Medium,Multiple Choice,Which of the following cities is the capital of Latvia?,Riga,Minsk,Tallinn,Vilnius
1430,Entertainment: Music,Easy,Multiple Choice,"Which song on Daft Punk's ""Random Access Memories"" features Pharrell Williams?",Get Lucky,Doin' It Right,Instant Crush,The Game of Love
1431,Geography,Medium,True / False,Antarctica is the largest desert in the world.,True,False,,
1432,Entertainment: Television,Medium,Multiple Choice,What is the name of the race horse that Tony Soprano becomes attached to?,Pie-O-My,Man o' war,Bada Bing,Honest Earnings
1433,Animals,Hard,Multiple Choice,What is the average amount of chinchillas born into a single litter?,2-3,10-15,5-8,15-18
1434,Entertainment: Board Games,Easy,Multiple Choice,"On a standard Monopoly board, which square is diagonally opposite 'Go'? ",Free Parking,Go to Jail,Jail,The Electric Company
1435,Entertainment: Video Games,Medium,Multiple Choice,In Kingdom Hearts which of the following people can NOT wield a keyblade?,Larxene,Xehanort,Lea,Mickey
1436,Science: Computers,Medium,Multiple Choice,Linus Torvalds created which of these?,Linux,Microsoft Windows,Python,Wikipedia
1437,Entertainment: Television,Hard,Multiple Choice,"In ""Donkey Kong Country"", why does Donkey Kong want to know the secret of the crystal coconut?",He's the big kahuna.,To find out where all the bananas are.,Because Diddy Kong forced him.,He wants to punish brutes.
1438,Entertainment: Video Games,Medium,Multiple Choice,Who is the main villain of the Crash Bandicoot series?,Dr. Neo Cortex,Dr. Evo-Cortex,Dr. Cortox,Sir Cartex
1439,Entertainment: Television,Medium,Multiple Choice,"Which of the following figures did NOT have a cameo on ""The Drew Carey Show"" (1995-2004)?",Bill Cosby,Donald Trump,"""Weird Al"" Yankovic",Daffy Duck
1440,Entertainment: Video Games,Hard,Multiple Choice,What is the name of the main character in the video game VA-11 HALL-A: Cyberpunk Bartender Action?,Jill,Dana,Alma,Anna
1441,Geography,Easy,True / False,"Rhode Island is actually located on the US mainland, despite its name.",True,False,,
1442,Entertainment: Television,Easy,Multiple Choice,"In the cartoon 'SpongeBob SquarePants', what did the acronym E.V.I.L stand for?",Every Villain Is Lemons,Every Villain Is Lemonade,Every Villain Is Limes,Each Villain Is Lemonade
1443,Entertainment: Books,Hard,Multiple Choice,What is Hermione Granger's middle name?,Jean,Jane,Emma,Jo
1444,Geography,Hard,Multiple Choice,What was the original name of Ho Chi Minh City?,Saigon,Hanoi,Dar Es Salaam,Angkor Wat
1445,Entertainment: Video Games,Medium,Multiple Choice,Which of the following Terran units from the RTS game Starcraft was first introduced in the expansion Brood War?,Medic,Wraith,Science Vessel,SCV
1446,Entertainment: Board Games,Hard,Multiple Choice,"In Magic: The Gathering, what card's flavor text is ""Catch!""?",Lava Axe,Stone-Throwing Devils,Ember Shot,Throwing Knife
1447,Science & Nature,Medium,Multiple Choice,The Axiom of Preventive Medicine states that people with ___ risk for a disease should be screened and we should treat ___ of those people.,"low, all","low, some","high, all","high, some"
1448,Entertainment: Video Games,Easy,Multiple Choice,What year was the game Team Fortress 2 released?,2007,2009,2005,2010
1449,Entertainment: Film,Medium,Multiple Choice,Who did the score to the original Blade Runner?,Vangelis,Kitaro,Yanni,Enya
1450,Animals,Medium,True / False,"""Kamea,"" the Gilbertese Islander word for dog, is derived from the English phrase ""Come here!""",True,False,,
1451,Entertainment: Film,Medium,Multiple Choice,Actress Susan Sarandon caught pneumonia during filming of which movie?,The Rocky Horror Picture Show,Thelma and Louise,Dead Man Walking,Enchanted
1452,Entertainment: Japanese Anime & Manga,Easy,Multiple Choice,"What anime studio was in charge of the hit anime ""Made in Abyss""?",Kinema Citrus,Trigger,Studio 3hz,8bit
1453,Entertainment: Video Games,Medium,Multiple Choice,"In the Super Mario Bros. series, what game is the  ""Carrot"" power-up from?",Super Mario Land 2: The 6 Golden Coins,Super Mario World,Super Mario Land,Super Mario 3D Land
1454,Entertainment: Video Games,Easy,Multiple Choice,Which of these is NOT the name of a rival gang in the video game Saint's Row 2?,The Zin Empire,The Brotherhood,The Ronin,The Sons of Samedi
1455,General Knowledge,Easy,True / False,The disease cancer in itself is not contagious.,True,False,,
1456,Art,Hard,Multiple Choice,"Who painted ""American Gothic""?",Grant Wood,Anita Malfatti,Pablo Picasso,Marc Chagall
1457,Entertainment: Musicals & Theatres,Hard,True / False,"The protagonist's names in 'Who's Afraid of Virginia Woolf', George and Martha, were derived from George Washington and his wife.",True,False,,
1458,Entertainment: Video Games,Easy,True / False,"""Sonic the Hedgehog 2"" originally was going to have a time travel system.",True,False,,
1459,Entertainment: Video Games,Medium,Multiple Choice,"In Divinity: Original Sin 2, who is the earliest companion you can acquire?",The Red Prince,Fane,Sebille,Beast
1460,Entertainment: Music,Easy,Multiple Choice,"Which famous artist featured on Rowdy Rebel's 2015 song ""Computers""?",Bobby Shmurda ,Lil Wayne,Will.I.AM,Kendrick Lamar
1461,Entertainment: Comics,Medium,Multiple Choice,What is the name of the main character in the webcomic Gunnerkrigg Court by Tom Siddell?,Antimony,Bismuth,Mercury,Cobalt
1462,General Knowledge,Easy,True / False,Bulls are attracted to the color red.,False,True,,
1463,Animals,Easy,Multiple Choice,How many legs do butterflies have?,6,2,4,0
1464,Entertainment: Video Games,Easy,Multiple Choice,Which race in Guild Wars 2 believes in the Eternal Alchemy?,Asura,Humans,Norn,Charr
1465,Entertainment: Music,Medium,Multiple Choice,Who sang backup vocals on Rockwell's hit 1984 single 'Somebody's Watching Me'?,Michael Jackson,Paul McCartney,Elton John,Prince
1466,Entertainment: Cartoon & Animations,Easy,Multiple Choice,"What was the name of the sea witch in the 1989 Disney film ""The Little Mermaid""?",Ursula,Madam Mim,Maleficent,Lady Tremaine
1467,Animals,Hard,Multiple Choice,What was the name of the Ethiopian Wolf before they knew it was related to wolves?,Simien Jackel,Ethiopian Coyote,Amharic Fox,Canis Simiensis
1468,Entertainment: Film,Easy,Multiple Choice,Which of these actors have NOT played Spiderman in the movies?,Michael Cera,Tobey Maguire,Andrew Garfield,Tom Holland
1469,Entertainment: Video Games,Medium,Multiple Choice,"In the co-op shooter Payday 2, which contact helps you break out Hoxton?",The Dentist,Vlad,The Elephant,The Butcher
1470,Entertainment: Video Games,Medium,Multiple Choice,What is the name of the 8th installment in the Fire Emblem series?,The Sacred Stones,Blazing Sword,Awakening,Path of Radiance
1471,General Knowledge,Hard,Multiple Choice,To which language family does Kazakh belong?,Turkic,Mongolic,Indo-European,Uralic
1472,Entertainment: Video Games,Medium,Multiple Choice,Which of the following Mario Kart 8 Deluxe items will NOT make you invincible?,Golden Mushroom,Star,Bullet Bill,Boo
1473,Entertainment: Music,Hard,Multiple Choice,What is Justin Bieber's debut Album?,My World 2.0,U Smile,Baby,Purpose
1474,Entertainment: Video Games,Easy,Multiple Choice,Which of the following is not a character in the Street Fighter series?,Mai Shiranui,Laura Matsuda,Sakura Kasugano,Ibuki
1475,Entertainment: Television,Easy,Multiple Choice,Who won Big Brother 2014 UK?,Helen Wood,Christopher Hall,Pauline Bennett,"Pavandeep ""Pav"" Paul"
1476,Entertainment: Film,Easy,Multiple Choice,Which James Bond film had the theme song written and performed by English singer-songwriter Adele?,Skyfall,Casino Royale,Quantum Solace,Spectre
1477,Entertainment: Music,Hard,True / False,The band STRFKR was also briefly known as Pyramiddd.,True,False,,
1478,Entertainment: Video Games,Medium,Multiple Choice,Which of the following Pokémon games released first?,Pokémon Crystal,Pokémon Platinum,Pokémon FireRed,Pokémon Black
1479,Geography,Medium,Multiple Choice,Which English county will you find the University of East Anglia?,Norfolk,Suffolk,Essex,Cambridgeshire
1480,Politics,Medium,Multiple Choice,"What was the personal nickname of the 40th Governor of the US State Louisiana, Huey Long?",The Kingfish,The Champ,The Hoot Owl,The Oracle
1481,Entertainment: Video Games,Easy,Multiple Choice,Who is the main character of the game Half-Life: Opposing Force?,Adrian Shephard,Gordon Freeman,Alyx Vance,Barney Calhoun
1482,Science: Computers,Medium,Multiple Choice,What is the number of keys on a standard Windows Keyboard?,104,64,94,76
1483,Entertainment: Television,Hard,Multiple Choice,"Who was the winner of ""Big Brother"" Season 10?",Dan Gheesling,Bryce Kranyik,Ryan Sutfin,Chris Mundorf
1484,Science & Nature,Medium,Multiple Choice,Which one of these scientists conducted the Gold Foil Experiment which concluded that atoms are mostly made of empty space?,Ernest Rutherford,Joseph John Thomson,Archimedes,Niels Henrik David Bohr
1485,Entertainment: Video Games,Easy,Multiple Choice,"In World of Warcraft's Mists of Pandaria expansion, What was the level cap?",90,85,80,75
1486,Entertainment: Video Games,Easy,True / False,"Valve's ""Portal"" and ""Half-Life"" franchises exist within the same in-game universe.",True,False,,
1487,Art,Easy,Multiple Choice,What is the world's oldest known piece of fiction?,Epic of Gilgamesh,Papyrus of Ani,Code of Hammurabi,Rosetta Stone
1488,General Knowledge,Easy,True / False,It is automatically considered entrapment in the United States if the police sell you illegal substances without revealing themselves.,False,True,,
1489,Science: Computers,Hard,Multiple Choice,What port does HTTP run on?,80,53,443,23
1490,Geography,Medium,Multiple Choice,What island in the Canary Islands was the scene of one of the worst air disasters in history with the collision of two jumbo jets?,Tenerife,Fuerteventura,Gran Canaria,Maui
1491,Entertainment: Video Games,Easy,Multiple Choice,Who created the digital distribution platform Steam?,Valve,Pixeltail Games,Ubisoft,Electronic Arts
1492,Entertainment: Video Games,Hard,Multiple Choice,"Before Super Smash Bros. contained Nintendo characters, what was it known as internally?",Dragon King: The Fighting Game,Contest of Champions,Smash and Pummel,Fighter of the Ages: Conquest
1493,Art,Medium,Multiple Choice,Which Greek sculptor designed the Athena Parthenos statue inside the Parthenon?,Phidias,Scopas,Hesiod,Praxiteles
1494,Politics,Medium,True / False,"Taiwan officially calls itself ""the Republic of China"".",True,False,,
1495,Science & Nature,Hard,Multiple Choice,What is the same in Celsius and Fahrenheit?,-40,32,-39,-42
1496,History,Medium,True / False,"Sir Issac Newton served as a Member of Parliament, but the only recorded time he spoke was to complain about a draft in the chambers.",True,False,,
1497,Entertainment: Comics,Medium,Multiple Choice,Who is the second person to take up the mantle of Night Owl in the Watchmen graphic novel?,Daniel Dreiberg,Nelson Gardner,Hollis Mason,Adrian Veidt
1498,General Knowledge,Medium,Multiple Choice,Scotch whisky and Drambuie make up which cocktail?,Rusty Nail,Screwdriver,Sex on the Beach,Manhattan
1499,Entertainment: Music,Medium,Multiple Choice,"Who had hits in the 70s with the songs ""Lonely Boy"" and ""Never Let Her Slip Away""?",Andrew Gold,Elton John,Leo Sayer,Barry White 
1500,Entertainment: Television,Medium,Multiple Choice,"In ""Breaking Bad,"" which main character was planned to be killed in Season 1 but wasn't because the show creator liked the actor?",Jesse Pinkman,Saul Goodman,Gus Fring,Hank Schrader
1501,Entertainment: Video Games,Medium,True / False,"Hidden in the files for ""Mario Kart Arcade GP"" is a picture of the Beslan school hostage crisis.",True,False,,
1502,History,Hard,Multiple Choice,The Arab Spring was a series of protests and rebellions that began in which of these Arab nations?,Tunisia,Morocco,Syria,Egypt
1503,Entertainment: Film,Hard,Multiple Choice,Which sci-fi cult films plot concerns aliens attempting to prevent humans from creating a doomsday weapon?,Plan 9 from Outer Space,The Man from Planet X,It Came from Outer Space,The Day The Earth Stood Still
1504,Entertainment: Video Games,Easy,Multiple Choice,The Touhou Project series of games is often associated with which genre?,Shoot 'em up,Strategy,FPS,Casual
1505,Science: Mathematics,Easy,Multiple Choice,What type of angle is greater than 90°?,Obtuse,Acute,Right,Straight
1506,Entertainment: Video Games,Easy,Multiple Choice,"The ""Day of Defeat"" series of games take place during which war?",World War II,World War I,Vietnam War,Iraq War
1507,Entertainment: Television,Medium,Multiple Choice,"In Naruto: Shippuden, which of the following elements is a ""Kekkei Tōta?""",Particle Style,Any Doujutsu,Shadow Style,Ice Style
1508,Entertainment: Film,Easy,Multiple Choice,"In the 2012 film, ""The Lorax"", who is the antagonist?",Aloysius O'Hare,Ted Wiggins,The Once-Ler,Grammy Norma
1509,Entertainment: Board Games,Hard,Multiple Choice,"In standard Monopoly, what's the rent if you land on Park Place with no houses?",$35,$30,$50,$45
1510,Geography,Easy,Multiple Choice,"Which US state is nicknamed ""The Golden State""?",California,Florida,New Mexico,Alaska
1511,Entertainment: Film,Hard,Multiple Choice,"In the 1964 film ""Zulu"", what song does the British Army company sing before the final battle?",Men of Harlech,Scotland the Brave,Colonel Bogey March,The British Grenadiers
1512,Science & Nature,Medium,Multiple Choice,"Where did the dog breed ""Chihuahua"" originate?",Mexico,France,Spain,Russia
1513,Sports,Medium,Multiple Choice,Which soccer team won the Copa América 2015 Championship ?,Chile,Argentina,Brazil,Paraguay
1514,Science: Mathematics,Medium,Multiple Choice,Which mathematician refused the Fields Medal?,Grigori Perelman,Andrew Wiles,Terence Tao,Edward Witten
1515,History,Hard,Multiple Choice,Which King of England was faced with the Peasants' Revolt in 1381?,Richard II,Edward III,Edward II,Henry IV
1516,Entertainment: Film,Medium,Multiple Choice,What is Lilo's last name from Lilo and Stitch?,Pelekai,Anoaʻi,Kealoha,Kuʻulei
1517,Entertainment: Comics,Hard,Multiple Choice,"In the Marvel Universe, the planet of Svartalfheim is home to what race?",Dark Elves,Frost Giants,Kronans,Skrulls
1518,Art,Medium,Multiple Choice,Which of these are the name of a famous marker brand?,Copic,Dopix,Cofix,Marx
1519,Geography,Hard,Multiple Choice,Which of these countries is NOT a part of the Asian continent?,Suriname,Georgia,Russia,Singapore
1520,Entertainment: Film,Hard,Multiple Choice,"In what year did Clint Eastwood star as Inspector Harry Callahan in the film ""Dirty Harry""?",1971,1975,1983,1969
1521,History,Medium,Multiple Choice,America's Strategic Defense System during the Cold War was nicknamed after this famous movie.,Star Wars,Jaws,Blade Runner,Alien
1522,Entertainment: Japanese Anime & Manga,Easy,Multiple Choice,Who is the true moon princess in Sailor Moon?,Sailor Moon,Sailor Venus,Sailor Mars,Sailor Jupiter
1523,Entertainment: Video Games,Easy,Multiple Choice,Rocket League is a game which features..,Cars,Helicopters,Planes,Submarines
1524,Science: Computers,Medium,Multiple Choice,On which day did the World Wide Web go online?,"December 20, 1990","December 17, 1996","November 12, 1990","November 24, 1995"
1525,Science & Nature,Hard,Multiple Choice,Which Landsat Satellite currently has had the longest operational life?,Landsat 5,Landsat 8,Landsat 7,Landsat 6
1526,General Knowledge,Medium,Multiple Choice,Directly between the Washington Monument and the Reflecting Pool is a memorial to which war?,World War II,Vietnam War,American Civil War,American Revolutionary War
1527,Entertainment: Video Games,Medium,Multiple Choice,"Which one of the following actors did not voice a character in ""Saints Row: The Third""?",Ron Jeremy,Sasha Grey,Burt Reynolds,Hulk Hogan
1528,General Knowledge,Hard,Multiple Choice,"Going by the International Code of Signals, which single flag is interpreted as ""I require assistance (not distress)""?",Victor,Kilo,Papa,Delta
1529,Sports,Medium,Multiple Choice,Which of the following pitchers was named National League Rookie of the Year for the 2013 season?,Jose Fernandez,Jacob deGrom,Shelby Miller,Matt Harvey
1530,History,Medium,Multiple Choice,When did Jamaica receive its independence from England? ,1962,1492,1963,1987
1531,General Knowledge,Hard,True / False,"NCIS stands for ""Navy Corps Investigative Service""",False,True,,
1532,Entertainment: Video Games,Medium,Multiple Choice,"In the game The World Ends With You, all of these characters act as a game partner with Neku for a week except:",Rhyme,Shiki,Joshua,Beat
1533,Entertainment: Music,Medium,Multiple Choice,A piccolo is a smaller version of what instrument?,Flute,Trumpet,Harp,Violin
1534,Entertainment: Video Games,Medium,Multiple Choice,"When was Chapter 1 of the Source Engine mod ""Underhell"" released?","September 1st, 2013","March 3rd, 2011","September 12th, 2013","October 2nd, 2012"
1535,Entertainment: Film,Medium,Multiple Choice,Who is revealed to be the villain at the end of the first live action Scooby Doo movie?,Scrappy Doo,Old Man Mason,The Local News Team,Fred
1536,Science & Nature,Easy,Multiple Choice,What organelle aids in synthesis of DNA in cells?,Ribosomes,Nuclei,Lysosomes,Mitochondria
1537,Animals,Hard,Multiple Choice,"Which of the following is another name for the ""Poecilotheria Metallica Tarantula""?",Gooty,Hopper,Silver Stripe,Woebegone
1538,Entertainment: Video Games,Hard,Multiple Choice,"What video game company developed the 2004 racing game ""Burnout 3: Takedown""?",Criterion Games,EA Black Box,Codemasters,Rockstar Games
1539,Entertainment: Video Games,Easy,Multiple Choice,What type of Pokémon is Charizard?,Fire/Flying,Fire,Dragon,Fire/Dragon
1540,Entertainment: Video Games,Easy,Multiple Choice,"In World of Warcraft, What was the original level cap?",60,70,50,100
1541,Celebrities,Easy,Multiple Choice,Aubrey Graham is better known as,Drake,Travis Scott,Lil Wayne,2 Chainz
1542,General Knowledge,Easy,True / False,"""Ananas"" is mostly used as the word for Pineapple in other languages.",True,False,,
1543,Entertainment: Video Games,Medium,Multiple Choice,"Which of these is NOT DLC for the video game called ""Tabletop Simulator""?",The Binding of Isaac: Four Souls,Three Kingdoms Redux,Superfight,Mr. Game!
1544,Entertainment: Video Games,Hard,Multiple Choice,What was the name of Sonic the Hedgehog's original human girlfriend?,Madonna,Celeste,Sierra,Nina
1545,History,Easy,True / False,"United States President John F. Kennedy was assassinated during his presidential motorcade in Atlanta, Georgia on November 22nd, 1963.",False,True,,
1546,Vehicles,Medium,Multiple Choice,Which car brand does NOT belong to General Motors?,Ford,Buick,Cadillac,Chevrolet
1547,General Knowledge,Easy,True / False,"King Gizzard & The Lizard Wizard's album ""Nonagon Infinity"" can be looped seamlessly.",True,False,,
1548,History,Medium,Multiple Choice,The minigun was designed in 1960 by which manufacturer.,General Electric,Colt Firearms,Heckler & Koch,Sig Sauer
1549,Entertainment: Video Games,Medium,Multiple Choice,"In ""Call Of Duty: Zombies"", what is the name of Samantha Maxis' dog?",Fluffy,Baxter,Fido,Henry
1550,Entertainment: Video Games,Hard,Multiple Choice,Which was the first M-rated video game developed by Squaresoft/Square Enix?,Parasite Eve,Final Fantasy VIII,Front Mission,Vagrant Story
1551,History,Medium,Multiple Choice,"In World War I, what was the name of the alliance of Germany, Austria-Hungary, the Ottoman Empire, and Bulgaria?",The Central Powers,The Axis Powers,The Federation of Empires,Authoritarian Alliance
1552,General Knowledge,Medium,Multiple Choice,"Which slogan did the fast food company, McDonald's, use before their ""I'm Lovin' It"" slogan?",We Love to See You Smile,Why Pay More!?,Have It Your Way,Making People Happy Through Food
1553,Sports,Hard,Multiple Choice,Which city features all of their professional sports teams' jersey's with the same color scheme?,Pittsburgh,New York,Seattle,Tampa Bay
1554,Animals,Easy,Multiple Choice,Hippocampus is the Latin name for which marine creature?,Seahorse,Dolphin,Whale,Octopus
1555,Politics,Medium,Multiple Choice,"Before 2016, in which other year did Donald Trump run for President?",2000,2012,1988,2008
1556,Geography,Easy,True / False,California is larger than Japan.,True,False,,
1557,History,Easy,Multiple Choice,Which of the following African countries was most successful in resisting colonization?,Ethiopia,Côte d’Ivoire,Congo,Namibia
1558,Science & Nature,Medium,Multiple Choice,What is the chemical formula for ammonia?,NH3,CO2,NO3,CH4
1559,Entertainment: Video Games,Hard,Multiple Choice,"Who is the victim mentioned in the second KG-8 incident, in Ace attorney Investigations, Case 4?",Deid Mann,Frank Sahwit,Shey De Killer,Raymond Shields
1560,General Knowledge,Easy,Multiple Choice,Which of the following is the IATA code for Manchester Airport?,MAN,EGLL,LHR,EGCC
1561,Science: Computers,Easy,Multiple Choice,What does SSD stand for?,Solid State Drive,Solution Source Disk,Solid State Disk,Source Solution Drive
1562,Entertainment: Music,Easy,Multiple Choice,Which brass instrument has the lowest pitch in an orchestra?,Tuba,Trumpet,Saxophone,Trombone
1563,History,Medium,True / False,Oxford University is older than the Aztec Empire. ,True,False,,
1564,Science: Mathematics,Medium,Multiple Choice,"To the nearest whole number, how many radians are in a whole circle?",6,3,4,5
1565,Entertainment: Video Games,Medium,Multiple Choice,One of the early prototypes of the Sega Dreamcast controller resembled which of the following?,Television Remote,Tablet,Hairdryer,Flip Phone
1566,Geography,Easy,True / False,Colombia is named after Christopher Columbus.,True,False,,
1567,Entertainment: Video Games,Hard,Multiple Choice,"In the game ""The Sims"", how many Simoleons does each family start with?","20,000","10,000","15,000","25,000"
1568,Entertainment: Video Games,Medium,True / False,POLYBIUS is a myth arcade cabinet/game,True,False,,
1569,Sports,Medium,Multiple Choice,What city did the Lakers represent before relocating to Los Angeles?,Minneapolis,Philadelphia,Chicago,San Francisco
1570,Entertainment: Video Games,Medium,Multiple Choice,"In Dead by Daylight, which killer perk applies the mangled effect?",Sloppy Butcher,Knock Out,Thanatophobia,Enduring
1571,Science: Computers,Medium,True / False,"A Boolean value of ""0"" represents which of these words?",False,True,,
1572,General Knowledge,Medium,Multiple Choice,When was WhatsApp founded?,2009,2007,2012,2010
1573,Sports,Medium,Multiple Choice,Which professional wrestler fell from the rafters to his death during a live Pay-Per-View event in 1999?,Owen Hart,Chris Benoit,Lex Luger,Al Snow
1574,Science & Nature,Medium,True / False,Sugar contains fat.,False,True,,
1575,Entertainment: Video Games,Medium,Multiple Choice,"When Halo 3: ODST was unveiled in 2008, it had a different title. What was the game formally called?",Halo 3: Recon,Halo 3: Helljumpers,Halo 3: Phantom,Halo 3: Guerilla
1576,Entertainment: Video Games,Medium,Multiple Choice,"Which of these is not one of Dracula's relics found in the video game ""Castlevania II: Simon's Quest""?",The Tooth,The Nail,The Eyeball,The Rib Bone
1577,Entertainment: Video Games,Medium,Multiple Choice,"In the game ""Dead By Daylight,"" which character starts with the perk ""Bond"".",Dwight Fairfield,Claudette Morell,Meg Thomas,Jake Park
1578,Entertainment: Video Games,Medium,Multiple Choice,"In the PAYDAY series, who is the iconic leader of the PAYDAY gang?",Dallas,Wolf,Chains,Hoxton
1579,Entertainment: Board Games,Medium,Multiple Choice,Which of the following is not a color of mana in Magic: The Gathering?,Yellow,White,Green,Blue
1580,Entertainment: Film,Medium,Multiple Choice,"According to the Star Wars lore, what is Han Solo's home planet?",Corellia,Tatooine,Naboo,Coruscant
1581,Entertainment: Video Games,Easy,Multiple Choice,What vehicle in PUBG has the highest top speed?,Motorcycle,PG-117,Dacia,Buggy
1582,Science & Nature,Easy,Multiple Choice,What is the largest animal currently on Earth?,Blue Whale,Orca,Colossal Squid,Giraffe
1583,History,Medium,Multiple Choice,What was the capital of South Vietnam before the Vietnam War?,Saigon,Ho Chi Minh City,Hanoi,Hue
1584,Entertainment: Cartoon & Animations,Easy,Multiple Choice,"In ""Avatar: The Last Airbender"", which element does Aang begin to learn after being defrosted?",Water,Air,Earth,Fire
1585,Entertainment: Music,Easy,Multiple Choice,Who is the lead singer of Foo Fighters?,Dave Grohl,Dave Mustaine,James Hetfield,Little Red Riding Hood
1586,Entertainment: Comics,Medium,Multiple Choice,Who authored The Adventures of Tintin?,Hergé,E.P. Jacobs,Rin Tin Tin,Chic Young
1587,Vehicles,Hard,Multiple Choice,"In 2014, over 6 million General Motors vehicles were recalled due to what critical flaw?",Faulty ignition switch,Malfunctioning gas pedal,Breaking fuel lines,Faulty brake pads
1588,Entertainment: Television,Medium,Multiple Choice,"How many seasons did the TV show ""Donkey Kong Country"" last?",2,1,4,5
1589,Entertainment: Film,Hard,True / False,"The weapon Clint Eastwood uses in ""Dirty Harry"" was a .44 Automag.",False,True,,
1590,History,Easy,Multiple Choice,Who was the first prime minister of Canada?,John Macdonald,John Abbott,Alexander Mackenzie,Robert Borden
1591,General Knowledge,Medium,Multiple Choice,"What are the tallest twin buildings in the world, with a height of 1,483 ft (451.9 m)?","Petronas Twin Towers, Malaysia","Emirates Towers, United Arab Emirates","Huaguoyuan Towers, China","Palm Towers, Qatar"
1592,Entertainment: Video Games,Hard,Multiple Choice,"In the Gamecube Version of ""Resident Evil"" what text document is open on the monitor of the computer in the Visual Data Room?",A GDC Document,Text Document on Herbs,Nothing,Document on B.O.Ws
1593,Entertainment: Video Games,Medium,Multiple Choice,When was the original Star Wars: Battlefront II released?,"October 31, 2005","December 18, 2004","November 21, 2006","September 9, 2007"
1594,Science: Computers,Medium,True / False,MacOS is based on Linux.,False,True,,
1595,Entertainment: Video Games,Medium,Multiple Choice,What level do you have to be to get a service medal on CS:GO?,40,50,30,20
1596,Entertainment: Board Games,Hard,Multiple Choice,"What was the development code name for the ""Urza's Destiny"" expansion for ""Magic: The Gathering"", released in 1999?",Chimichanga,Burrito,Taquito,Enchilada
1597,Science & Nature,Medium,Multiple Choice,About how old is Earth?,4.5 Billion Years,3.5 Billion Years,2.5 Billion Years,5.5 Billion Years
1598,Entertainment: Video Games,Easy,Multiple Choice,Who is the last boss in Night In The Woods' Demontower minigame?,The Blood Thief,Mega Hairball ,King Skellie ,Krampus 
1599,General Knowledge,Hard,Multiple Choice,In the fictional SCP universe what “Object Class” is given to SCP’s that cannot be contained.,Apollyon,Thaumiel,Keter-Thaumiel,Esoteric/Narrative Classes
1600,History,Medium,Multiple Choice,When did the Crisis of the Third Century begin?,235 AD,235 BC,242 AD,210 AD
1601,Geography,Easy,Multiple Choice,What is the official language of Costa Rica?,Spanish,English,Portuguese,Creole
1602,Entertainment: Film,Medium,Multiple Choice,"Which actor plays the character ""Tommy Jarvis"" in ""Friday the 13th: The Final Chapter"" (1984)?",Corey Feldman,Macaulay Culkin,Mel Gibson,Mark Hamill
1603,General Knowledge,Easy,Multiple Choice,Which country has the Union Jack in its flag?,New Zealand,South Africa,Canada,Hong Kong
1604,Sports,Easy,Multiple Choice,Who won the 2016 Formula 1 World Driver's Championship?,Nico Rosberg,Lewis Hamilton,Max Verstappen,Kimi Raikkonen
1605,Entertainment: Music,Medium,Multiple Choice,Pink Floyd made this song for their previous lead singer Syd Barrett.,Shine On You Crazy Diamond,Wish You Were Here,Have A Cigar,Welcome to the Machine
1606,Entertainment: Video Games,Hard,Multiple Choice,"Meryl Silverburgh, a video game character from the Metal Gear series, was originally a character in which game?",Policenauts,Gradius,Contra,Castlevania: Symphony of the Night
1607,Entertainment: Books,Easy,Multiple Choice,"Who was the author of the 1954 novel, ""Lord of the Flies""?",William Golding,Stephen King,F. Scott Fitzgerald,Hunter Fox
1608,Entertainment: Video Games,Easy,Multiple Choice,"In the game Nuclear Throne, which character starts with the least HP?",Melting,Crystal,Rebel,Yung Venuz (Y.V.)
1609,Entertainment: Video Games,Medium,Multiple Choice,"In Overwatch, what is Lúcio's full name?",Lúcio Correia Dos Santos,Lúcio Luiz Lós Guilherme,Lúcio João Lucas,Lúcio Chupar Prima
1610,General Knowledge,Hard,Multiple Choice,What is the longest bridge in the world?,"Danyang–Kunshan Grand Bridge, China","Lake Pontchartrain Causeway, United States","King Fahd Causeway Bridge I, Saudi Arabia","Sultan Abdul Halim Muadzam Shah Bridge, Malaysia"
1611,Entertainment: Japanese Anime & Manga,Medium,Multiple Choice,"What is the name of the device that allows for infinite energy in the anime ""Dimension W""?",Coils,Wires,Collectors,Tesla
1612,Sports,Medium,Multiple Choice,"Who won the ""Champions League"" in 1999?",Manchester United,Barcelona,Bayern Munich,Liverpool
1613,Entertainment: Video Games,Hard,Multiple Choice,"In ""Call Of Duty: Zombies"", which map's opening cutscene shows ""Richtofen"" killing another version of himself?",The Giant,Shadows Of Evil,Der Eisendrache,Moon
1614,Geography,Hard,True / False,There is 47 prefectures in Japan.,True,False,,
1615,Vehicles,Medium,Multiple Choice,Which country has the international vehicle registration letter 'A'?,Austria,Afghanistan,Australia,Armenia
1616,Entertainment: Video Games,Medium,Multiple Choice,"Which stage was planned to be a part of ""Sonic the Hedgehog 2"", but was scrapped during development?",Genocide City Zone,Stardust Speedway Zone,Sky High Zone ,Clockwork Zone
1617,Entertainment: Japanese Anime & Manga,Medium,Multiple Choice,"In ""One Piece"", which one of the following is NOT an Ancient Weapon?",Jupiter,Uranus,Poseidon,Pluton
1618,Entertainment: Cartoon & Animations,Easy,Multiple Choice,Which 'Family Guy' character got his own spin-off show in 2009?,Cleveland Brown,Glenn Quagmire,Joe Swanson,The Greased-up Deaf Guy
1619,General Knowledge,Medium,Multiple Choice,What is the full title of the Prime Minister of the UK?,First Lord of the Treasury,Duke of Cambridge,Her Majesty's Loyal Opposition,Manager of the Crown Estate
1620,General Knowledge,Hard,Multiple Choice,"Which musician has collaborated with American producer Porter Robinson and released the 2016 song ""Shelter""?",Madeon,Mat Zo,deadmau5,Zedd
1621,Mythology,Hard,Multiple Choice,Which of the following is NOT a god in Norse Mythology.,Jens,Loki,Tyr,Snotra
1622,General Knowledge,Medium,Multiple Choice,"When did the website ""Facebook"" launch?",2004,2005,2003,2006
1623,Science: Computers,Medium,Multiple Choice,What is the correct term for the metal object in between the CPU and the CPU fan within a computer system?,Heat Sink,CPU Vent,Temperature Decipator,Heat Vent
1624,Entertainment: Music,Medium,Multiple Choice,Which of these is the name of an American psychedelic rock band formed in 2002 by Benjamin Goldwasser and Andrew VanWyngarden?,MGMT,MSTRKRFT,STRFKR,SBTRKT
1625,Entertainment: Video Games,Medium,Multiple Choice,"What is the perk that was introduced in the ""Call Of Duty: Zombies"" map, ""Mob Of The Dead""?",Electric Cherry,Quick Revive,Vulture Aid,Tombstone
1626,Entertainment: Music,Easy,Multiple Choice,Which Canadian reggae musician had a 1993 hit with the song 'Informer'?,Snow,Rain,Hail,Sleet
1627,General Knowledge,Easy,Multiple Choice,"In past times, what would a gentleman keep in his fob pocket?",Watch,Money,Keys,Notebook
1628,Geography,Medium,Multiple Choice,Which of these countries is located the FURTHEST away from the South China Sea?,Bangladesh,Malaysia,Vietnam,Philippines
1629,Entertainment: Video Games,Easy,Multiple Choice,"What was the first video game in the Batman ""Arkham"" series?",Arkham Asylum,Arkham Knight,Arkham City,Arkham Origins
1630,Entertainment: Video Games,Medium,Multiple Choice,"When was the video game publisher ""Ubisoft"" founded ?",March 1986,April 1990,June 2001,August 1956
1631,Entertainment: Music,Easy,Multiple Choice,Which member of the Foo Fighters was previously the drummer for Nirvana?,Dave Grohl,Taylor Hawkins,Nate Mendel,Chris Shiflett
1632,Sports,Medium,Multiple Choice,"Which country did Kabaddi, a contact sport involving tackling, originate from?",India,Australia,Turkey,Cambodia
1633,Science: Computers,Hard,Multiple Choice,Which of these is not a key value of Agile software development?,Comprehensive documentation,Individuals and interactions,Customer collaboration,Responding to change
1634,Entertainment: Music,Easy,True / False,"Michael Jackson wrote The Simpsons song ""Do the Bartman"".",False,True,,
1635,Science & Nature,Medium,Multiple Choice,"When the Falcon Heavy was launched on it's test flight, what was the only part of the operation that failed?",Center Core Landing,Side Booster Landing,Deployment of Starman,Ignition and Liftoff
1636,General Knowledge,Medium,Multiple Choice,Which mountain has the highest peak in Europe?,"Mount Elbrus, Russia","Shkhara, Georgia","Mount Ararat, Turkey","Mont Blanc, France"
1637,Science: Computers,Medium,Multiple Choice,What does the acronym CDN stand for in terms of networking?,Content Delivery Network,Content Distribution Network,Computational Data Network,Compressed Data Network
1638,Science & Nature,Easy,Multiple Choice,What is the standard SI unit for distance?,Metre,Angstrom,Foot,Fathom
1639,Vehicles,Medium,Multiple Choice,What do the 4 Rings in Audi's Logo represent?,Previously independent automobile manufacturers,States in which Audi makes the most sales,Main cities vital to Audi,Countries in which Audi makes the most sales
1640,Entertainment: Video Games,Easy,Multiple Choice,"In ""Xenoblade Chronicles 2"", Which party member cannot use normal blades?",Tora,Rex,Zeke,Nia
1641,Art,Easy,Multiple Choice,Which painting was not made by Vincent Van Gogh?,The Ninth Wave,Café Terrace at Night,Bedroom In Arles,Starry Night
1642,Entertainment: Japanese Anime & Manga,Medium,Multiple Choice,"Which animation studio animated the 2016 anime ""Mob Psycho 100""?",Bones,A-1 Pictures,Shaft,Madhouse
1643,Geography,Hard,Multiple Choice,Which of these is NOT a real tectonic plate?,Atlantic Plate,North American Plate,Eurasian Plate,Nazca Plate
1644,Sports,Medium,True / False,The Olympics tennis court is a giant green screen.,True,False,,
1645,Animals,Medium,True / False,You can tell the age of a ladybird by counting the spots on his back.,False,True,,
1646,Entertainment: Video Games,Easy,True / False,"In the game ""Destiny,"" the three subclasses of the Hunter are Bladedancer, Nightstalker, and Sunsinger.",False,True,,
1647,Politics,Hard,Multiple Choice,What year did the effort to deploy the Common Core State Standards (CCSS) in the US begin?,2009,2012,2006,1997
1648,Vehicles,Medium,True / False,The General Motors EV1 was the first street-legal production electric vehicle.,False,True,,
1649,Sports,Easy,Multiple Choice,Which boxer was banned for taking a bite out of Evander Holyfield's ear in 1997?,Mike Tyson,Roy Jones Jr.,Evander Holyfield,Lennox Lewis
1650,History,Easy,True / False,Kublai Khan is the grandchild of Genghis Khan?,True,False,,
1651,Entertainment: Books,Easy,True / False,"The ""Berenstein Bears"" is the correct spelling of the educational children's book series' name.",False,True,,
1652,Sports,Medium,Multiple Choice,Who has played the most tournaments on the Brazilian national soccer team?,Cafu,Ronaldo,Kaká,Roberto Carlos
1653,Animals,Hard,Multiple Choice,Which of these is a colony of polyps and not a jellyfish?,Portuguese Man-of-War,Sea Wasp,Irukandji,Sea Nettle
1654,Sports,Easy,Multiple Choice,"Which player holds the NHL record of 2,857 points?",Wayne Gretzky,Mario Lemieux ,Sidney Crosby,Gordie Howe
1655,Entertainment: Japanese Anime & Manga,Hard,Multiple Choice,"Which animation studio produced the anime adaptation of ""xxxHolic""?",Production I.G,Sunrise,Xebec,Kyoto Animation
1656,Entertainment: Film,Medium,True / False,"Stanley Kubrick's ""Dr. Strangelove"" (1964) originally ended with a large pie fight in the war room.",True,False,,
1657,Entertainment: Music,Easy,Multiple Choice,Of which 90s boy band was Justin Timberlake a member?,*NSYNC,Backstreet Boys,Westlife,Boyzone
1658,Entertainment: Video Games,Easy,Multiple Choice,The most graphically violent game to precede the creation of the ESRB (Entertainment Software Rating Board) was...,Mortal Kombat,Duke Nukem,Resident Evil,Doom
1659,Science: Computers,Easy,True / False,Time on Computers is measured via the EPOX System.,False,True,,
1660,Entertainment: Video Games,Medium,Multiple Choice,In what engine was Titanfall made in?,Source Engine,Frostbite 3,Unreal Engine,Cryengine
1661,Entertainment: Cartoon & Animations,Medium,Multiple Choice,"Before becoming the Autobot leader, Optimus Prime was known by what name on Cybertron?",Orion Pax,Long Haul,P-138,Teletran-1
1662,Entertainment: Music,Medium,True / False,"Green Day's album 'American Idiot' is considered a ""punk rock opera.""",True,False,,
1663,Entertainment: Video Games,Medium,Multiple Choice,"Which one of the first four titles of the ""Grand Theft Auto"" franchise started the series of iconic image grid cover arts?",Grand Theft Auto III,Grand Theft Auto,Grand Theft Auto II,Grand Theft Auto Vice City
1664,General Knowledge,Easy,True / False,"In 2010, Twitter and the United States Library of Congress partnered together to archive every tweet by American citizens.",True,False,,
1665,Geography,Medium,Multiple Choice,What was the African nation of Zimbabwe formerly known as?,Rhodesia,Zambia,Mozambique, Bulawayo
1666,History,Hard,Multiple Choice,The Battle of Hastings was fought in which year?,1066,911,1204,1420
1667,Entertainment: Japanese Anime & Manga,Medium,Multiple Choice,"The heroine of ""Humanity Has Declined"" is a mediator between humans and what?",Fairies,Elves,The Earth,Animals
1668,Science & Nature,Easy,Multiple Choice,Which of these Elements is a metalloid?,Antimony,Tin,Bromine,Rubidium
1669,Vehicles,Hard,Multiple Choice,Which car is the first mass-produced hybrid vehicle?,Toyota Prius,Chevrolet Volt,Honda Fit,Peugeot 308 R HYbrid
1670,Geography,Medium,Multiple Choice,"Which of these American cities has fewer than 1,000,000 people?","San Francisco, California","Phoenix, Arizona","San Antonio, Texas","Philadelphia, Pennsylvania"
1671,General Knowledge,Easy,Multiple Choice,"According to Sherlock Holmes, ""If you eliminate the impossible, whatever remains, however improbable, must be the...""",Truth,Answer,Cause,Source
1672,Geography,Easy,Multiple Choice,Which US state has the highest population?,California,New York,Texas,Florida
1673,General Knowledge,Easy,Multiple Choice,"In aerodynamics, which force pushes an object upwards?",Lift,Drag,Weight,Thrust
1674,Entertainment: Video Games,Medium,Multiple Choice,"In the Half-Life 2 universe, how long did it take for the Combine to take complete control of the earth?",7 hours,3 months,24 hours,1 week
1675,Entertainment: Books,Hard,Multiple Choice,"Which author and poet famously wrote the line, ""The female of the species is more deadly than the male""?",Rudyard Kipling,Edgar Allan Poe,William Shakespeare,William Wordsworth
1676,Entertainment: Television,Easy,Multiple Choice,"Which of these characters in ""Stranger Things"" has the power of Telekinesis?",Eleven,Mike,Lucas,Karen
1677,General Knowledge,Easy,Multiple Choice,Which of these Marvel games was released on the Playstation 2?,Spider-Man 2,Silver Surfer,Howard the Duck,Wolverine: Adamantium Rage
1678,Science & Nature,Easy,Multiple Choice,Which noble gas has the lowest atomic number?,Helium,Neon,Argon,Krypton
1679,Entertainment: Video Games,Medium,Multiple Choice,The city of Rockport is featured in which of the following video games?,Need for Speed: Most Wanted (2005),Infamous 2,Saints Row: The Third,Burnout Revenge
1680,Geography,Medium,Multiple Choice,How many states are in Australia?,6,7,8,5
1681,Sports,Medium,Multiple Choice,What cricketing term denotes a batsman being dismissed with a score of zero?,Duck,Bye,Beamer,Carry
1682,Entertainment: Film,Medium,Multiple Choice,"In what year was the movie ""Police Academy"" released?",1984,1986,1985,1983
1683,Entertainment: Video Games,Easy,Multiple Choice,M.U.G.E.N. is the name for what type of Game Engine?,Fighting Game,Platforming Game,Shooter Game,Puzzle Game
1684,Entertainment: Video Games,Hard,Multiple Choice,What was the world's first video game?,Draughts,Spacewar!,Pong,Space Travel
1685,Entertainment: Comics,Medium,Multiple Choice,What was the name of the first Robin in the Batman comics?,Dick Grayson,Bruce Wayne,Jason Todd,Tim Drake
1686,History,Hard,Multiple Choice,When did Lithuania declare independence from the Soviet Union?,"March 11th, 1990","December 25th, 1991","December 5th, 1991","April 20th, 1989"
1687,Entertainment: Video Games,Medium,Multiple Choice,Which of these is not the name of a city in the Grand Theft Auto series?,San Andreas,San Fierro,Las Venturas,Vice City
1688,Entertainment: Film,Easy,Multiple Choice,Who directed Marvel's Avengers Endgame?,The Russo Brothers,Zack Synder,Josh Whedon,Kevin Feige
1689,General Knowledge,Easy,Multiple Choice,How many syllables make up a haiku?,17,15,10,21
1690,Science & Nature,Medium,Multiple Choice,"In human biology, a circadium rhythm relates to a period of roughly how many hours?",24,8,16,32
1691,Vehicles,Easy,Multiple Choice,How many wheels does a unicycle have?,1,4,3,6
1692,Entertainment: Video Games,Hard,Multiple Choice,"In Geometry Dash, what is level 13?",Electroman Adventures,Theory of Everything,Clubstep ,Clutterfunk
1693,Entertainment: Books,Hard,Multiple Choice,"In the Magic: The Gathering universe, which plane does the Homelands expansion take place in?",Ulgrotha,Bant,Llanowar,Tazeem
1694,Entertainment: Cartoon & Animations,Easy,Multiple Choice,Which of these cartoons had a character named Heinz Doofenshmirtz?,Phineas & Ferb,Ren & Stimpy,Ben 10,Batman: The Animated Series
1695,Entertainment: Music,Hard,Multiple Choice,Artis Leon Ivey Jr. is better known as which rap artist?,Coolio,Dr Dre,Snoop Dogg,Ice T
1696,Entertainment: Video Games,Medium,Multiple Choice,Which of these video game series have NOT had a promotional item appear in Team Fortress 2?,Half-Life,Quake,The Binding of Isaac,Fallout
1697,Entertainment: Video Games,Easy,True / False,Donkey Kong was originally set to be a Popeye arcade game.,True,False,,
1698,Entertainment: Television,Medium,True / False,"The author behind the acclaimed novel ""Leaving Las Vegas"" also wrote an episode of Rugrats.",True,False,,
1699,History,Medium,Multiple Choice,Who was the leader of Sweden in the Great Northern War?,Charles XII,Per Albin Hansson,Peter the Great,Gustavus Adolphus
1700,Politics,Medium,Multiple Choice,"Between 1973 to 1990, what country was ruled by dictator Augusto Pinochet?",Chile,Ethiopia,Indonesia,Nicaragua
1701,Entertainment: Video Games,Medium,Multiple Choice,Which of these is NOT a name of a city in the main island of PLAYERUNKNOWN'S BATTLEGROUNDS?,Belushya Guba,Yasnaya Polyana,Pochinki,Georgopol
1702,History,Hard,Multiple Choice,Which of these positions did the astronomer and physicist Isaac Newton not hold?,Surveyor to the City of London,Professor of Mathematics,Warden of the Royal Mint,Member of Parliament
1703,Entertainment: Video Games,Hard,Multiple Choice,Which achievement name is shared between Team Fortress 2 and Left 4 Dead 2?,"Rode Hard, Put Away Wet",The Quick and the Dead,Cache Grab,F in Chemistry
1704,Entertainment: Japanese Anime & Manga,Easy,Multiple Choice,"In Digimon, what is the Japanese name for the final evolutionary stage?",Ultimate,Mega,Adult,Champion
1705,Entertainment: Film,Medium,Multiple Choice,"Which of the following actors does not play a role in the movie ""The Usual Suspects?""",Steve Buscemi,Kevin Spacey,Benicio Del Toro,Gabriel Byrne
1706,Entertainment: Film,Medium,Multiple Choice,"In the Friday The 13th series, what is Jason's mother's first name?",Pamela,Mary,Christine,Angeline
1707,Entertainment: Music,Hard,Multiple Choice,What was the name of the rock band that Nobuo Uematsu formed that played songs from various Final Fantasy games?,The Black Mages,The Final Fantasies,The Espers,The Rock Summoners
1708,History,Medium,Multiple Choice,"When Christopher Columbus sailed to America, what was the first region he arrived in?",The Bahamas Archipelago,Florida,Isthmus of Panama,Nicaragua
1709,Entertainment: Video Games,Medium,True / False,"The first Maxis game to feature the fictional language ""Simlish"" was The Sims (2000).",False,True,,
1710,Geography,Medium,Multiple Choice,Where are the Nazca Lines located?,Peru,Brazil,Colombia,Ecuador
1711,History,Hard,Multiple Choice,The ontological argument for the proof of God's existence is first attributed to whom?,Anselm of Canterbury,René Descartes,Immanuel Kant,Aristotle
1712,History,Hard,Multiple Choice,Which naval battle was considered the turning point of the Pacific Ocean Theater during World War 2?,Battle of Midway,Attack on Truk Island,Attack on Pearl Harbor,Battle of the Coral Sea
1713,Geography,Medium,Multiple Choice,The Japanese district Akihabara is also known by what nickname?,Electric Town,Moon Walk River,Otaku Central ,Big Eyes
1714,Politics,Medium,Multiple Choice,What are the first names of the first father and son pair that were both Prime Ministers of Canada?,Justin and Pierre,John and Louis,Brian and Justin,Brian and Pierre
1715,General Knowledge,Hard,Multiple Choice,Roughly how many ingested apple seeds would it take to receive a fatal dose of cyanide?,200,20,"2,000","20,000"
1716,Entertainment: Music,Medium,Multiple Choice,"Which of these bands was a featuring artist in Compton rapper Kendrick Lamar's 2017 album, ""DAMN.""?",U2,Radiohead,Coldplay,Bon Jovi
1717,Entertainment: Music,Medium,Multiple Choice,Which artist released his third and final studio album 'Electric Ladyland' before his death in 1970?,Jimi Hendrix,Prince,Eric Clapton,Captain Sensible
1718,General Knowledge,Medium,Multiple Choice,"According to the United States' CDC, one in how many Americans die annually due to smoking?",Five,Twenty,Ten,One hundred
1719,Entertainment: Music,Hard,Multiple Choice,"What is the English title of the vaporwave track ""リサフランク420 / 現代のコンピュー"" by Macintosh Plus (Vektroid)?",Lisa Frank 420 / Modern Computing,Smoke Weed 420 / Everyday,Make Your Move 420 / My Mind,It's All In Your Head 420 / Understand
1720,Entertainment: Music,Easy,True / False,Scatman John's real name was John Paul Larkin.,True,False,,
1721,General Knowledge,Medium,Multiple Choice,"What Latin phrase roughly translates to ""seize the day""?",Carpe diem,Memento mori,Plus ultra,Sic semper tyrannis
1722,Entertainment: Video Games,Medium,Multiple Choice,Which is the protagonist of Bioshock Infinite?,Booker DeWitt,Zachary Comstock,Arthas Menethil,Herbie Hancock
1723,Entertainment: Video Games,Hard,Multiple Choice,Which of the following commercial vehicles from Grand Theft Auto IV did NOT reappear in Grand Theft Auto V?,Steed,Mule,Benson,Pony
1724,Entertainment: Japanese Anime & Manga,Medium,Multiple Choice,"In the ""Toaru Majutsu no Index"" anime, Touma Kamijou is a level 0 esper that has the ability to do what?",Dispell any esper or magical powers,Teleport,Make telepathic communications,Create electricity from his own body
1725,History,Medium,Multiple Choice,"What is the name of the ship which was only a few miles away from the RMS Titanic when it struck an iceberg on April 14, 1912?",Californian,Carpathia,Cristol,Commerce
1726,Entertainment: Film,Medium,Multiple Choice,"Before getting the shotgun, what did the titular hobo in 'Hobo with a Shotgun' want to purchase?",a lawnmower,a revolver,a guitar,a suit
1727,Science: Mathematics,Hard,Multiple Choice,Which of the following famous mathematicians died in a duel at the age of 20?,Galois,Abel,Euler,Gauss
1728,Sports,Hard,Multiple Choice,Which is Kenesisa Bekele's personal best at marathon?,2:01:41,2:01:12,2:01:45,2:01:51
1729,Vehicles,Medium,Multiple Choice,Which one is NOT the function of engine oil in car engines?,Combustion,Lubrication,Cooling,Reduce corrosion
1730,Entertainment: Television,Hard,Multiple Choice,"Which PBS station was the first station to air ""Monty Python's Flying Circus"" (1969-1974) in the United States?",KERA (Dallas-Fort Worth),KLCS (Los Angeles),WETA (Washington D.C.),WNET (New York City)
1731,Entertainment: Television,Medium,Multiple Choice,Which character does voice actress Tara Strong NOT voice?,Bubbles (2016),Twilight Sparkle,Timmy Turner,Harley Quinn
1732,Vehicles,Medium,Multiple Choice,Which of the following vehicles featured a full glass roof at base model?,Renault Avantime,Chevy Volt,Mercedes-Benz A-Class,Honda Odyssey
1733,Entertainment: Board Games,Easy,True / False,The top human players can easily beat the top computers at chess,False,True,,
1734,Entertainment: Video Games,Easy,Multiple Choice,"What were the first two blocks in ""Minecraft""?",Grass and Cobblestone,Grass and Stone,Crafting Table and Cobblestone,Cobblestone and Stone
1735,Entertainment: Music,Medium,Multiple Choice,"Which member of the British pop group ""The Spice Girls"" was known as Ginger Spice?",Geri Halliwell,Melanie Brown,Emma Bunton,Victoria Beckham
1736,Entertainment: Comics,Medium,True / False,"In the webcomic Homestuck, the first character introduced is Dave Strider.",False,True,,
1737,Entertainment: Comics,Medium,Multiple Choice,"In ""Sonic the Hedgehog"" comic, who was the creator of Roboticizer? ",Professor Charles the Hedgehog,Julian Robotnik,Ivo Robotnik,Snively Robotnik
1738,Entertainment: Video Games,Easy,Multiple Choice,The acronym DOTA stands for,Defense of the Ancients,Defense of the Artifacts,Defense of the Antiques,Defense of the Animated
1739,Entertainment: Television,Medium,Multiple Choice,"In what year did ""The Big Bang Theory"" debut on CBS?",2007,2008,2006,2009
1740,Entertainment: Japanese Anime & Manga,Hard,True / False,"The character Plum from ""No Game No Life"" is a girl.",False,True,,
1741,History,Easy,Multiple Choice,"Which modern country is known as ""The Graveyard of Empires""?",Afghanistan,China,Iraq,Russia
1742,Entertainment: Books,Easy,Multiple Choice,What is the name of the fourth book in Stephen King's The Dark Tower series?,Wizard and Glass,Wolves of the Calla,Hearts in Atlantis,The Dark Half
1743,Entertainment: Film,Easy,Multiple Choice,"What is the orange and white bot's name in ""Star Wars: The Force Awakens""?",BB-8,BB-3,AA-A,R2-D2
1744,Entertainment: Video Games,Medium,Multiple Choice,Who is the main antagonist of Silent Hill 4?,Walter Sullivan,Alessa Gillespie,Pyramid Head,Claudia Wolf
1745,History,Medium,Multiple Choice,Who is attributed credit for recording the epic poem The Odyssey?,Homer,Aristotle,Odysseus,Socrates
1746,Entertainment: Cartoon & Animations,Medium,Multiple Choice,"In ""The Simpsons"", where did Homer and Marge first meet?",At Summer Camp,At High School,At Church,At 742 Evergreen Terrace
1747,Geography,Hard,Multiple Choice,Which of the following is a castle?,Elizabeth Castle,Frank Castle,Richard Castle,Olivia Castle
1748,Mythology,Easy,Multiple Choice,Which of the following is not true about the life of Tiresias?,Sailed with the Argonauts to find the golden fleece,"Athena turned him into a woman, and then years later back into a man",Hera blinded him after he agreed with Zeus in an argument,Revealed to Oedipus that Oedipus had married his own mother
1749,Entertainment: Japanese Anime & Manga,Hard,Multiple Choice,"Which animation studio animated ""To Love-Ru""?",Xebec,Trigger,Sunrise,Kyoto Animation
1750,History,Medium,Multiple Choice,Adolf Hitler was born on which date?,"April 20, 1889","June 12, 1889","February 6, 1889","April 16, 1889"
1751,Entertainment: Video Games,Medium,Multiple Choice,Which of these is NOT a terrorist faction in Counter-Strike (2000)?,Midwest Militia,Phoenix Connection,Elite Crew,Guerrilla Warfare
1752,Entertainment: Board Games,Easy,Multiple Choice,"In a standard game of Monopoly, what colour are the two cheapest properties?",Brown,Green,Yellow,Blue
1753,Entertainment: Music,Easy,Multiple Choice,"Sting, the lead vocalist of The Police, primarily plays what instrument?",Bass Guitar,Drums,Guitar,Keyboards
1754,Entertainment: Video Games,Medium,Multiple Choice,"In the ARPG ""Path of Exile,"" what is the highest amount of sockets that an item can have?",6,5,4,8
1755,Entertainment: Television,Easy,True / False,"In ""Doctor Who"", the Doctor gets his TARDIS by stealing it.",True,False,,
1756,Animals,Easy,True / False,"The freshwater amphibian, the Axolotl, can regrow it's limbs.",True,False,,
1757,Entertainment: Film,Easy,Multiple Choice,"What breed of dog was Marley in the film ""Marley & Me"" (2008)?",Labrador Retriever,Golden Retriever,Dalmatian,Shiba Inu
1758,Entertainment: Music,Easy,Multiple Choice,"What was the name of singer Frank Ocean's second studio album, which was released on August 20, 2016?",Blonde,Brunette,Black,Burgundy
1759,Science & Nature,Hard,Multiple Choice,Which is the chemical name of H2O?,Dihydrogen Monoxide,Ammonium chloride,Anhydrous Sodium Carbonate,Manganese dioxide
1760,Entertainment: Books,Medium,Multiple Choice,Which Russian author wrote the epic novel War and Peace?,Leo Tolstoy,Fyodor Dostoyevsky,Alexander Pushkin,Vladimir Nabokov
1761,Entertainment: Japanese Anime & Manga,Hard,Multiple Choice,Who is One Punch Man voiced by in the Japanese version.,Makoto Furukawa,Zach Aguilar,Kaito Ishikawa,Max Mittelman 
1762,Geography,Hard,Multiple Choice,"Where is the fast food chain ""Panda Express"" headquartered?","Rosemead, California","Sacramento, California","Fresno, California","San Diego, California"
1763,History,Hard,Multiple Choice,"In the Seven Wonders of the World, which wonder is the only that has survived to this day?",Great Pyramid of Giza,Colossus of Rhodes,Lighthouse of Alexandria,Statue of Zeus at Olympia
1764,Science: Computers,Easy,Multiple Choice,What is the domain name for the country Tuvalu?,.tv,.tu,.tt,.tl
1765,Entertainment: Video Games,Easy,Multiple Choice,"What is the hardest possible difficulty in ""Deus Ex: Mankind Divided""?",I Never Asked For This,Nightmare,Extreme,Guru
1766,History,Medium,Multiple Choice,In which year was Constantinople conquered by the Turks?,1453,1435,1454,1440
1767,Science & Nature,Medium,Multiple Choice,"The ""Tibia"" is found in which part of the body?",Leg,Arm,Hand,Head
1768,Entertainment: Japanese Anime & Manga,Medium,Multiple Choice,In the anime Assassination Classroom what is the class that Korosensei teaches?,Class 3-E,Class 3-A,Class 3-B,Class 3-D
1769,History,Medium,Multiple Choice,"Which of the following years is commonly referred to as the ""Year Without a Summer""?",1816,1823,1813,1808
1770,Entertainment: Japanese Anime & Manga,Easy,Multiple Choice,"In the 2012 animated film ""Wolf Children"", what are the names of the wolf children?",Ame & Yuki,Hana & Yuki,Ame & Hana,Chuck & Anna
1771,Entertainment: Cartoon & Animations,Hard,Multiple Choice,"What was the release date of the first episode of ""The Powerpuff Girls""?","November 18, 1998","June 25, 1999","July 28, 2000","April 14, 2001"
1772,Entertainment: Video Games,Medium,Multiple Choice,What is not a default game mode in Counter-Strike (2000)?,Arms Race,Hostage Rescue,Bomb Defusal,Assassination
1773,Entertainment: Film,Medium,Multiple Choice,"Which documentary film maker wrote and starred in the film ""My Scientology Movie"" which first debuted in 2015?",Louis Theroux,Errol Morris,Joe Berlinger,Adam Curtis
1774,Animals,Easy,Multiple Choice,"Snakes and lizards are known to flick their tongue, this behavior is to?",Capture scent particles,Taste the sweet air,Threaten other species,Attract female mates
1775,Entertainment: Video Games,Easy,Multiple Choice,What was the Maximum Level in World of Warcraft: Battle for Azeroth?,120,100,90,150
1776,Entertainment: Video Games,Medium,True / False,"In the video game ""Transistor"", ""Red"" is the name of the main character.",True,False,,
1777,General Knowledge,Easy,Multiple Choice,"""A3"", ""B1"", and ""Legal"" are typical names of sizes for what object?",Paper,Airplanes,Law books,Phone screens
1778,Entertainment: Video Games,Medium,Multiple Choice,What was the character Kirby originally going to be named?,Popopo,Dedede,Waddle Dee,Prince Puff
1779,Entertainment: Comics,Hard,Multiple Choice,What are the Three Virtues of Bionicle?,"Unity, Duty, Destiny","Build, Play, Change","Work, Play, Live","Forge, Build, Fight"
1780,Entertainment: Music,Hard,Multiple Choice,Which of these songs is NOT included in the Suicide Squad OST?,Skies on Fire - AC/DC,Heathens - Twenty One Pilots,Without Me - Eminem,Fortunate Son - Creedence Clearwater Revival
1781,Entertainment: Music,Easy,Multiple Choice,"What band featured Sting, Stewart Copeland and Andy Summers?",The Police,Def Leppard,The Cure,Bon Jovi
1782,Geography,Medium,Multiple Choice,What is the capital of Peru?,Lima,Santiago,Montevideo,Buenos Aires
1783,Entertainment: Video Games,Hard,Multiple Choice,"In the ""Ace Attorney"" series, who was the truly responsible of the forging of the autopsy report of the pivotal IS-7 incident?",Bansai Ichiyanagi,Manfred Von Karma,Gregory Edgeworth,Tateyuki Shigaraki
1784,Entertainment: Japanese Anime & Manga,Medium,Multiple Choice,"In the series JoJo's Bizarre Adventure, which main character makes the greatest number of recurring appearances?",Jotaro Kujo,Giorno Giovanna,Joseph Joestar,Josuke Higashikata
1785,Entertainment: Music,Easy,Multiple Choice,Which genre of music is John Coltrane primarily associated with?,Jazz,Rock and Roll,Death Metal,Folk
1786,Entertainment: Video Games,Medium,Multiple Choice,What is Solid Snake's real name?,David,Solid Snake,John,Huey
1787,Entertainment: Books,Medium,Multiple Choice,"Who wrote the children's story ""The Little Match Girl""?",Hans Christian Andersen,Charles Dickens,Lewis Carroll,Oscar Wilde
1788,Entertainment: Cartoon & Animations,Medium,Multiple Choice,"Which singer provided the voice of Metroid's Mother Brain in the animated series ""Captain N: The Game Master""?",Levi Stubbs,Freddie Mercury,Janet Jackson,Joan Jett
1789,Science & Nature,Hard,Multiple Choice,How many legs is it biologically impossible for a centipede to have?,100,26,50,74
1790,History,Medium,Multiple Choice,The fraudelent doctor John R. Brinkley acummulated great fame and wealth in the early 1900s offering what service?,Goat testicles transplant,Pig blood transfusion,Cow liver transplant,Turkey breast implants
1791,Entertainment: Books,Easy,Multiple Choice,What is the title of the first Sherlock Holmes book by Arthur Conan Doyle?,A Study in Scarlet,The Sign of the Four,A Case of Identity,The Doings of Raffles Haw
1792,Science: Mathematics,Easy,Multiple Choice,What is the least number of sides a polygon can have?,3,1,2,7
1793,Entertainment: Video Games,Medium,Multiple Choice,"In Minecraft, how many items can a single piece of coal smelt when used in a furnace?",8,12,10,6
1794,Entertainment: Cartoon & Animations,Medium,Multiple Choice,"Which ""Toy Story"" character was voiced by Don Rickles?",Mr. Potato Head,Slinky Dog,Hamm,Rex
1795,Entertainment: Video Games,Medium,Multiple Choice,"In the 2015 RPG ""Undertale"", which character do you first encounter after falling down into the underground?",Flowey,Toriel,Sans,Papyrus
1796,Entertainment: Music,Easy,Multiple Choice,Which term best describes the connection of two sections of a musical piece through a transitional passage?,Bridge,Coda,Capo,Binary Form
1797,Entertainment: Board Games,Easy,True / False,"The Angry Video Game Nerd's alter ego is ""Board James"".",True,False,,
1798,Science & Nature,Medium,Multiple Choice,On which mission did the Space Shuttle Columbia break up upon re-entry?,STS-107,STS-51-L,STS-61-C,STS-109
1799,Animals,Easy,True / False,A flock of crows is known as a homicide.,False,True,,
1800,General Knowledge,Medium,True / False,"The bikini is named after the ""Bikini Atoll"", an island where the United States conducted tests on atomic bombs.",True,False,,
1801,Entertainment: Film,Medium,Multiple Choice,"Which stand-up comedian voiced the talking parrot ""Iago"" in Disney's 1992 adaptation of Aladdin?",Gilbert Gottfried,Robin Williams,Pauly Shore,Jonathan Freeman
1802,General Knowledge,Easy,Multiple Choice,In which year did Ghana gain independence?,1957,1947,1960,1958
1803,General Knowledge,Medium,Multiple Choice,Amsterdam Centraal station is twinned with what station?,London Liverpool Street,Frankfurt (Main) Hauptbahnhof,Paris Gare du Nord,Brussels Midi
1804,Science & Nature,Easy,Multiple Choice,How many planets make up our Solar System?,8,7,9,6
1805,Science: Computers,Medium,True / False,Early RAM was directly seated onto the motherboard and could not be easily removed.,True,False,,
1806,Entertainment: Video Games,Easy,Multiple Choice,"In Animal Crossing, who is the manager of the town shop?",Tom Nook,Mr. Resetti,Gracie,K.K. Slider
1807,Animals,Easy,Multiple Choice,"By definition, where does an abyssopelagic animal live?",At the bottom of the ocean,In the desert,On top of a mountain,Inside a tree
1808,Entertainment: Japanese Anime & Manga,Easy,Multiple Choice,Which Pokémon and it's evolutions were banned from appearing in a main role after the Episode 38 Incident?,The Porygon Line,The Pikachu Line,The Elekid Line,The Magby Line
1809,General Knowledge,Medium,True / False,"The French word to travel is ""Travail""",False,True,,
1810,Entertainment: Video Games,Hard,Multiple Choice,"In ""Halo"", what is the name of the planet which Installation 04 orbits?",Threshold,Substance,Sanghelios,Te
1811,Entertainment: Video Games,Hard,Multiple Choice,"In the game Enter the Gungeon, which one of these is not a playable character?",The Wizard,The Bullet,The Robot,The Cultist
1812,Entertainment: Video Games,Medium,Multiple Choice,"In World of Warcraft lore, who was first to have the title ""The Ashbringer""?",Alexandros Mograine,Tirion Fordring,Arthas Menethil,Uther the Lightbringer
1813,Entertainment: Board Games,Medium,Multiple Choice,Who was the first official world chess champion?,Wilhelm Steinitz,José Raúl Capablanca,Emanuel Lasker,Bobby Fischer
1814,History,Hard,Multiple Choice,What Southeast Asian country was formerly known as 'Lan Xang'?,Laos,Cambodia,Vietnam,Thailand
1815,General Knowledge,Hard,Multiple Choice,"Located in Chile, El Teniente is the world's largest underground mine for what metal?",Copper,Iron,Nickel,Silver
1816,Entertainment: Video Games,Hard,Multiple Choice,"Which occupation did John Tanner, the main protagonist for Driver and Driver 2, had before turning into an undercover cop?",Racing Driver,Taxi Driver,Delivery Driver,Getaway Driver
1817,Geography,Easy,True / False,Greenland is almost as big as Africa.,False,True,,
1818,Sports,Easy,Multiple Choice,Who won the premier league title in the 2015-2016 season following a fairy tale run?,Leicester City,Tottenham Hotspur,Watford,Stoke City
1819,Art,Hard,Multiple Choice,Albrecht Dürer's birthplace and place of death were in...,Nürnberg,Augsburg,Bamberg,Berlin
1820,Entertainment: Japanese Anime & Manga,Easy,Multiple Choice,"Who is the colossal titan in ""Attack On Titan""?",Bertolt Hoover,Reiner,Eren,Sasha
1821,Science & Nature,Easy,True / False,Great Whites sometimes perform the bump-and-bite attack (a test bite) on victims.,True,False,,
1822,Entertainment: Music,Easy,Multiple Choice,"Kanye West's ""Gold Digger"" featured which Oscar-winning actor?",Jamie Foxx,Alec Baldwin,Dwayne Johnson, Bruce Willis
1823,Science & Nature,Easy,Multiple Choice,What is the elemental symbol for mercury?,Hg,Me,Mc,Hy
1824,Entertainment: Video Games,Medium,Multiple Choice,"Which car is NOT featured in ""Need for Speed: Hot Pursuit 2""?",Toyota MR2,Ford Crown Victoria,BMW Z8,McLaren F1
1825,General Knowledge,Easy,Multiple Choice,What company owns Outlook?,Microsoft,Google,Apple,Yahoo
1826,Celebrities,Medium,Multiple Choice,"Which radio personality calls himself ""The King of All Media""?",Howard Stern,Rush Limbaugh,Pete Tong,Ryan Seacrest
1827,Entertainment: Video Games,Medium,Multiple Choice,Which of these is not a Fallout protagonist?,Tunnel Snake,Courier,Lone Wanderer,Vault Dweller
1828,Entertainment: Video Games,Hard,Multiple Choice,"In the ""Devil May Cry"" franchise, which game is chronologically first?",Devil May Cry 3: Dante's Awakening ,Devil May Cry 4,Devil May Cry,Devil May Cry 2
1829,Science: Computers,Easy,True / False,The logo for Snapchat is a Bell.,False,True,,
1830,Entertainment: Video Games,Medium,Multiple Choice,Who is credited with having created the world's first video game Easter Egg?,Warren Robinett,Julius Smith,Will Crowther,Don Woods
1831,Entertainment: Cartoon & Animations,Hard,Multiple Choice,"Which of the following films was Don Bluth both the writer, director, and producer for?",All Dogs Go To Heaven,Titan A.E.,Anastasia,The Land Before Time
1832,Entertainment: Comics,Hard,Multiple Choice,"What are the names of the two ""Canon fan trolls"" in ""Homestuck""?",Mierfa Durgas and Nektan Whelan,The Wrycrown and Voksea Olkido,Aikter Frekik and Xagrai Ollomu,Grekei Ceknux and Riya Camacho
1833,Geography,Medium,Multiple Choice,What is the capital city of New Zealand?,Wellington,Auckland,Christchurch,Melbourne
1834,History,Hard,Multiple Choice,What was the name of the German offensive operation in October 1941 to take Moscow before winter?,Operation Typhoon,Operation Sunflower,Operation Barbarossa,Case Blue
1835,Entertainment: Music,Easy,Multiple Choice,"Which classical composer wrote the ""Moonlight Sonata""?",Ludvig Van Beethoven,Chief Keef,Wolfgang Amadeus Mozart,Johannes Brahms
1836,Entertainment: Television,Medium,True / False,The television show Doctor Who first aired in 1963.,True,False,,
1837,Entertainment: Music,Medium,Multiple Choice,"Which Beatle wrote and sang the song ""Why Don't We Do It in the Road"" after being inspired by seeing two monkeys copulating in the street?",Paul,John,George,Ringo
1838,Geography,Hard,Multiple Choice,Llanfair­pwllgwyngyll­gogery­chwyrn­drobwll­llan­tysilio­gogo­goch is located on which Welsh island?,Anglesey,Barry,Bardsey,Caldey
1839,Entertainment: Video Games,Medium,Multiple Choice,"In ""Resident Evil 2"", what is Leon Kennedy's middle name?",Scott,Shaun,Simon,Sam
1840,Entertainment: Video Games,Easy,Multiple Choice,Which Kirby game first introduced Copy Abilities?,Kirby's Adventure,Kirby Super Star,Kirby's Dream Land 2,Kirby's Dream Land
1841,Entertainment: Video Games,Hard,Multiple Choice,"What is the plane of existence in MicroProse's 1997 ""Magic the Gathering""?",Shandalar,Theros,Ravnica,Amonkhet
1842,Vehicles,Easy,True / False,The full English name of the car manufacturer BMW is Bavarian Motor Works,True,False,,
1843,Entertainment: Board Games,Easy,Multiple Choice,The board game Monopoly takes its street names from which real American city?,"Atlantic City, New Jersey","Las Vegas, Nevada","Duluth, Minnesota","Charleston, South Carolina"
1844,Entertainment: Video Games,Easy,True / False,"In the ""S.T.A.L.K.E.R."" series, the Freedom faction wishes to destroy the supernatural area known as  ""the Zone"".",False,True,,
1845,Mythology,Hard,Multiple Choice,Who did Hippomenes defeat in a footrace?,Atalanta,Peleus,Theseus,Jason
1846,Mythology,Hard,Multiple Choice,Which Norse God has a horse named Sleipnir?,Odin,Thor,Frigg,Balder
1847,Geography,Easy,Multiple Choice,Guyana is in which continent?,South America,Africa,North America,Asia
1848,Animals,Easy,Multiple Choice,How many teeth does an adult rabbit have?,28,30,26,24
1849,History,Medium,Multiple Choice,"During the Mongolian invasions of Japan, what were the Mongol boats mostly stopped by?",Typhoons,Tornados,Economic depression,Samurai
1850,History,Medium,Multiple Choice,"Which British monarch was also known as ""William of Orange""?",William III,William I,William II,William IV
1851,Geography,Hard,True / False,"In the Canadian province of Alberta, the city of Calgary is located further north than the city of Edmonton.",False,True,,
1852,Entertainment: Comics,Medium,Multiple Choice,What's the name of Batman's parents?,Thomas & Martha,Joey & Jackie,Jason & Sarah,Todd & Mira
1853,History,Medium,True / False,The M41 Walker Bulldog remains in service in some countries to this day.,True,False,,
1854,Geography,Medium,True / False,Gothenburg is the capital of Sweden.,False,True,,
1855,Geography,Easy,Multiple Choice,Which nation claims ownership of Antarctica?,"No one, but there are claims.",United States of America,United Nations,Australia
1856,Entertainment: Comics,Medium,True / False,The X-Men's Storm and Nightcrawler were originally planned to be characters in DC Comics' Legion of Super-Heroes.,True,False,,
1857,Vehicles,Medium,Multiple Choice,"What country is the Hussarya supercar, made by the car manufacturer ""Arrinera"", assembled in?",Poland,China,Sweden,Italy
1858,Celebrities,Easy,Multiple Choice,What does film maker Dan Bell typically focus his films on?,Abandoned Buildings and Dead Malls,Historic Landmarks,Action Films,Documentaries 
1859,Entertainment: Television,Medium,Multiple Choice,"In ""The Big Bang Theory"", what is Howard Wolowitz's nickname in World of Warcraft?",Wolowizard,Sheldor,Rajesh,Priya
1860,Entertainment: Music,Easy,Multiple Choice,"Which one of these songs did the group ""Men At Work"" NOT make?",Safety Dance,Down Under,Who Can It Be Now?,It's a Mistake
1861,Vehicles,Medium,Multiple Choice,Which of these cars is NOT considered one of the 5 Modern Supercars by Ferrari?,Testarossa,Enzo Ferrari,F40,288 GTO
1862,Entertainment: Video Games,Easy,Multiple Choice,What is the name of the City in Saints Row The Third?,Steelport,Stilwater,Carcer,Liberty
1863,General Knowledge,Easy,Multiple Choice,Who is the youngest person to receive a Nobel Prize?,Malala Yousafzai,Lawrence Bragg,Werner Heisenberg,Yasser Arafat
1864,Entertainment: Television,Easy,Multiple Choice,"In the television show Breaking Bad, what is the street name of Walter and Jesse's notorious product?",Blue Sky,Baby Blue,Rock Candy,Pure Glass
1865,Entertainment: Video Games,Medium,Multiple Choice,What two characters from the game Undertale are never in a relationship or not related?,Frisk & Chara,Sans & Papyrus,Toriel & Asgore,Alphys & Undyne
1866,Entertainment: Japanese Anime & Manga,Easy,Multiple Choice,What is the age of Ash Ketchum in Pokemon when he starts his journey?,10,11,12,9
1867,Entertainment: Video Games,Easy,Multiple Choice,"What is the name of the game developer who created ""Call Of Duty: Zombies""?",Treyarch,Sledgehammer Games,Infinity Ward,Naughty Dog
1868,Entertainment: Books,Medium,Multiple Choice,"Where does Stephen King's ""IT"" take place?","Derry, Maine","Rockford, Illinois","Innsmouth, Massachusetts","Kingsland, Texas"
1869,Science: Computers,Easy,True / False,A Mac is not a PC,False,True,,
1870,Politics,Easy,True / False,The 2016 United States Presidential Election is the first time Hillary Clinton has run for President.,False,True,,
1871,History,Easy,Multiple Choice,Which game was the Game of the Year in 2018?,God of War,Detroit: Become Human,Red Dead Redemption 2,A Way Out
1872,Entertainment: Music,Easy,Multiple Choice,'The Safety Dance' was the biggest hit single for which Canadian act?,Men Without Hats,Crash Test Dummies,The Tragically Hip,Broken Social Scene
1873,Entertainment: Video Games,Medium,Multiple Choice,"Which of these characters was almost added into Super Smash Bros. Melee, but not included as the game was too far in development?",Solid Snake,Pit,Meta Knight,R.O.B.
1874,History,Easy,Multiple Choice,In what year was the M1911 pistol designed?,1911,1907,1899,1917
1875,Entertainment: Video Games,Medium,Multiple Choice,Which of the following created and directed the Katamari Damacy series?,Keita Takahashi,Hideki Kamiya,Shu Takumi,Shinji Mikami
1876,Geography,Easy,Multiple Choice,"Which of the following European languages is classified as a ""language isolate?""",Basque,Galician,Maltese,Hungarian
1877,Entertainment: Video Games,Medium,True / False,"In Rocket League, you can play Basketball.",True,False,,
1878,General Knowledge,Hard,Multiple Choice,The Panama Canal was officially opened by which US president?,Woodrow Wilson,Calvin Coolidge,Herbert Hoover,Theodore Roosevelt
1879,Entertainment: Video Games,Medium,Multiple Choice,Which Game Development company made No Man's Sky?,Hello Games,Dovetail Games,Valve,Blizzard Entertainment
1880,Science & Nature,Hard,Multiple Choice,What does the scientific name of the Cambrian-Period sea creature Anomalocaris mean?,Abnormal Shrimp,Deformed Fish,Strange Crab,Anomalous Clam
1881,History,Easy,True / False,Adolf Hitler was a german soldier in World War I.,True,False,,
1882,History,Easy,Multiple Choice,Who discovered Penicillin?,Alexander Flemming,Marie Curie,Alfred Nobel,Louis Pasteur
1883,Entertainment: Video Games,Easy,Multiple Choice,"What is the boss round featured in the ""Call Of Duty: Zombies"" map ""Five""?",The Pentagon Thief,Hellhounds,Jumping Jacks,Napalm Zombie
1884,Entertainment: Video Games,Hard,Multiple Choice,"In the Super Mario Bros. Series, what is Yoshi's scientific name?",T. Yoshisaur Munchakoopas,Yoshi,T. Yoshisotop Munchakoopas,Yossy
1885,Entertainment: Japanese Anime & Manga,Medium,Multiple Choice,What studio animated Fullmetal Alchemist?,Bones,Trigger,Pierrot,xebec
1886,Entertainment: Japanese Anime & Manga,Medium,Multiple Choice,The main protagonist of the fifth part of JoJo's Bizarre Adventure is which of the following?,Giorno Giovanna,Guido Mista,Jonathan Joestar,Joey JoJo
1887,Entertainment: Music,Easy,Multiple Choice,"Which artist released the 2012 single ""Harlem Shake"", which was used in numerous YouTube videos in 2013?",Baauer,RL Grime,NGHTMRE,Flosstradamus
1888,Entertainment: Television,Medium,Multiple Choice,Which British writer wrote for both Doctor Who and Sherlock?,Steven Moffatt,Phil Ford,Russell T Davies,Toby Whithouse
1889,Entertainment: Video Games,Medium,Multiple Choice,Which is not a playable character in the 2005 video game Killer7?,Frank Smith,Mask de Smith,Dan Smith,Coyote Smith
1890,Sports,Easy,Multiple Choice,What team won the 2016 MLS Cup?,Seattle Sounders,Colorado Rapids,Toronto FC,Montreal Impact
1891,Entertainment: Comics,Medium,Multiple Choice,"Which Doom Patrol member was a later addition, first appearing in 1989?",Crazy Jane,Elast-Girl,Robotman,Negative Man
1892,Entertainment: Video Games,Hard,Multiple Choice,"In which game did the character ""Mario"" make his first appearance?",Donkey Kong,Super Mario Bros.,Super Mario Land,Mario Bros.
1893,Sports,Medium,Multiple Choice,What year was hockey legend Wayne Gretzky born?,1961,1965,1959,1963
1894,Entertainment: Books,Medium,Multiple Choice,"Who is the protagonist of the book: ""The Catcher in the Rye"" by J.D. Salinger",Holden Caulfield,Holden David,Jerome Caulfield,Jerome David
1895,Geography,Hard,Multiple Choice,Which of the following landlocked countries is entirely contained within another country?,Lesotho,Burkina Faso,Mongolia,Luxembourg
1896,Entertainment: Video Games,Hard,Multiple Choice,"In the Mario Kart series, which game introduced the ""Shield Drifting"" mechanic?",Mario Kart Arcade GP DX,Mario Kart: Double Dash,Mario Kart Super Circuit,Mario Kart DS
1897,Geography,Easy,Multiple Choice,How many stars are featured on New Zealand's flag?,4,5,2,0
1898,Entertainment: Music,Easy,Multiple Choice,"""Doctor Jones"", ""Turn Back Time"" and ""Barbie Girl"" were UK number ones for which Eurodance group?",Aqua,Vengaboys,Eiffel 65,Sash!
1899,Entertainment: Musicals & Theatres,Medium,Multiple Choice,Which of these musicals won the Tony Award for Best Musical?,Rent,The Color Purple,American Idiot,Newsies
1900,Entertainment: Music,Medium,Multiple Choice,What was George Michael's chart-topping 1987 debut studio album?,Faith,Songs from the Last Century,Patience,Older
1901,General Knowledge,Easy,Multiple Choice,What is the name of the main Character from the Series: Dead Space?,Isaac Clarke,Ellen Ripley,Commander Shepard,Captain Kirk
1902,Entertainment: Film,Medium,Multiple Choice,"The 1939 movie ""The Wizard of Oz"" contained a horse that changed color, what material did they use to achieve this effect?",Gelatin,Dye,Paint,CGI Effect
1903,Entertainment: Video Games,Easy,True / False,"In Pokémon, Arbok evolves into Seviper.",False,True,,
1904,General Knowledge,Hard,Multiple Choice,What is the name of the currency used in Ethiopia?,Birr,Dirham,U.S. Dollar,Rand
1905,Entertainment: Japanese Anime & Manga,Hard,Multiple Choice,"Which one of these characters is from ""Legendz : Tale of the Dragon Kings""?",Shiron,Jack,Axia,Drum
1906,Science & Nature,Easy,Multiple Choice,71% of the Earth's surface is made up of,Water,Deserts,Continents,Forests
1907,Entertainment: Video Games,Medium,True / False,"In ""Resident Evil"", only Chris has access to the grenade launcher.",False,True,,
1908,Geography,Easy,Multiple Choice,"If soccer is called football in England, what is American football called in England?",American football,Combball,Handball,Touchdown
1909,Entertainment: Video Games,Hard,True / False,"In The Witcher 3, the Zoltan Chivay Gwent card can be found under the Hanged Man's Tree.",True,False,,
1910,Entertainment: Video Games,Medium,Multiple Choice,"In which order do you need to hit some Deku Scrubs to open the first boss door in ""Ocarina of Time""?","2, 3, 1","1, 2, 3","1, 3, 2","2, 1, 3"
1911,Entertainment: Video Games,Easy,Multiple Choice,"Which of these is NOT a main playable character in ""Grand Theft Auto V""?",Lamar,Trevor,Michael,Franklin
1912,Entertainment: Music,Medium,Multiple Choice,Liam Howlett founded which electronic music group in 1990?,The Prodigy,The Chemical Brothers,The Crystal Method,Infected Mushroom
1913,Entertainment: Music,Medium,Multiple Choice,"'I'm never gonna dance again, guilty feet have got no rhythm' were lyrics from which Wham! hit single?",Careless Whisper,Wake Me Up Before You Go-Go,Last Christmas,Everything She Wants
1914,Entertainment: Video Games,Easy,True / False,"In ""Space Station 13"",  the station has a clown aboard it.",True,False,,
1915,Entertainment: Music,Medium,Multiple Choice,"Who is the vocalist and frontman of rock band ""Guns N' Roses""?",Axl Rose,Kurt Cobain,Slash,Bono
1916,Entertainment: Video Games,Easy,Multiple Choice,"Who is the founder of Team Fortress 2's fictional company ""Mann Co""?",Zepheniah Mann,Cave Johnson,Wallace Breem,Saxton Hale
1917,History,Medium,Multiple Choice,In what year did the North American Video Game Crash occur?,1983,1982,1993,1970
1918,History,Medium,True / False,The first televised presidential debate was between Jimmy Carter and Gerald Ford.,False,True,,
1919,Entertainment: Video Games,Medium,True / False,Resident Evil 4 was originally meant to be a Nintendo GameCube exclusive.,True,False,,
1920,Science: Computers,Easy,True / False,"The name of the programming language AWK is abbreviated from the names of the developers – Aho, Weinberger, and Kernighan.",True,False,,
1921,Geography,Medium,Multiple Choice,What is the busiest port in Europe?,Port of Rotterdam,Port of Antwerp,Port of Hamburg,Port of Amsterdam
1922,Science: Mathematics,Medium,Multiple Choice,Which of these probability distributions is NOT discrete?,Normal,Binomial,Poisson,Hyper-geometric
1923,Science & Nature,Easy,Multiple Choice,What is the hottest planet in the solar system,Venus,Jupiter,Mercury ,Mars
1924,Geography,Easy,True / False,Ottawa is the capital of Canada.,True,False,,
1925,Entertainment: Music,Easy,Multiple Choice,A classic 1976 song by Blue Oyster Cult features the advice “Don’t Fear The” what?,Reaper,Dark,Silence,Clowns
1926,Sports,Medium,True / False,Tennis was once known as Racquetball.,False,True,,
1927,Science & Nature,Hard,Multiple Choice,"Which of the following plastic is commonly used for window frames, gutters and drain pipes?",Polyvinylchloride (PVC) ,Polyethylene (PE),Polypropylene (PP),Polystyrene (PS)
1928,General Knowledge,Easy,Multiple Choice,"What is the French word for ""fish""?",poisson,fiche,escargot,mer
1929,Entertainment: Video Games,Easy,True / False,"In ""Undertale"", the main character of the game is Sans.",False,True,,
1930,Entertainment: Video Games,Medium,True / False,"In ""Deus Ex: Mankind Divided"", Adam Jensen can die from overclocking.",False,True,,
1931,History,Hard,Multiple Choice,What year was the first Pizza Hut restaurant opened?,1958,1976,1965,1942
1932,Science: Computers,Medium,Multiple Choice,Which of the following is a personal computer made by the Japanese company Fujitsu?,FM-7,PC-9801,Xmillennium ,MSX
1933,Entertainment: Video Games,Hard,Multiple Choice,"Which of the Master levels in ""Super Monkey Ball"" is also used in the arcade version of the game, simply named ""Monkey Ball""?",MASTER 9 - Bridge Master,MASTER 3 - Stamina Master,MASTER 10 - Monkey Master,MASTER 6 - Roll Master
1934,History,Hard,Multiple Choice,Who assassinated President James A. Garfield?,Charles Guiteau,Sirhan Sirhan,Leon Czolgosz,John Wilkes Booth
1935,General Knowledge,Easy,Multiple Choice,What does VR stand for?,Virtual Reality,Very Real,Visual Recognition,Voice Recognition
1936,Entertainment: Music,Easy,Multiple Choice,Which of these is NOT considered a woodwind instrument?,Trombone,Oboe,Clarinet,Bassoon
1937,Entertainment: Television,Medium,Multiple Choice,In Game of Thrones what is the name of Jon Snow's sword?,Longclaw,Oathkeeper,Widow's Wail,Needle
1938,Entertainment: Film,Medium,Multiple Choice,The killer in the 1981 film 'My Bloody Valentine' wears what sort of outfit?,Mining gear,Clown costume,Santa suit,Police uniform
1939,General Knowledge,Easy,Multiple Choice,What nuts are used in the production of marzipan?,Almonds,Peanuts,Walnuts,Pistachios
1940,Art,Easy,Multiple Choice,Who painted the Mona Lisa?,Leonardo da Vinci,Pablo Picasso,Claude Monet,Vincent van Gogh
1941,Sports,Medium,Multiple Choice,Hockey player Wayne Gretzky was born in what Canadian province?,Ontario,British Columbia,Quebec,Alberta
1942,Entertainment: Video Games,Medium,Multiple Choice,"In Fallout 4, which type of power armor is first encountered in the early mission ""When Freedom Calls"" in a crashed Vertibird?",T-45,T-51,T-60,X-01
1943,Entertainment: Music,Medium,True / False,"""The Division Bell"" is the final album of the progressive rock band Pink Floyd.",False,True,,
1944,Entertainment: Music,Hard,Multiple Choice,The key of sharps does the key of G# minor contain?,5,3,7,0
1945,Entertainment: Video Games,Medium,Multiple Choice,Which of the following is NOT an official game in Nintendo's Super Smash Bros. series?,Super Smash Bros. Crusade,Super Smash Bros. Melee,Super Smash Bros. Brawl,Super Smash Bros. for Nintendo 3DS and Wii U
1946,Entertainment: Video Games,Medium,Multiple Choice,"In the game Pokémon Conquest, how many kingdoms make up the region of Ransei?",17,18,15,16
1947,Entertainment: Music,Medium,Multiple Choice,Which one of these artists appears in the album Deltron 3030?,Dan the Automater,Lamarr Kendrick,Danger Mouse,CeeLo Green
1948,Entertainment: Musicals & Theatres,Hard,Multiple Choice,"In Macbeth, the eyes of what animals were used in the Witches' cauldron?",Newts,Humans,Sharks,Squids
1949,Science & Nature,Easy,Multiple Choice,The human heart has how many chambers?,4,2,6,3
1950,General Knowledge,Medium,Multiple Choice,What is the most-visited website out of these options?,Google,YouTube,Facebook,Wikipedia
1951,Art,Medium,Multiple Choice,What nationality was the surrealist painter Salvador Dali?,Spanish,Italian,French,Portuguese
1952,Entertainment: Japanese Anime & Manga,Medium,Multiple Choice,What was studio Trigger's first original long-form animated series for television?,Kill la Kill,Kiznaiver,Inferno Cop,Gurren Lagann
1953,Entertainment: Video Games,Easy,Multiple Choice,What year was Super Mario Bros. released?,1985,1983,1987,1986
1954,Sports,Medium,Multiple Choice,"Who won the 1994 San Marino Grand Prix, the race in which Ayrton Senna was killed?",Michael Schumacher,Nicola Larini,Gerhard Berger,Mika Häkkinen
1955,Entertainment: Video Games,Easy,Multiple Choice,"In the game ""Fire Emblem: Shadow Dragon"", what is the central protagonist's name?",Marth,Roy,Eliwood,Robin
1956,Entertainment: Video Games,Easy,Multiple Choice,"Which character in Undertale tells you that you're ""gonna have a bad time""?",Sans,Undyne,Asgore,Asriel Dreemurr
1957,Sports,Medium,Multiple Choice,What is the oldest team in the NFL?,Arizona Cardinals,Chicago Bears,Green Bay Packers,New York Giants
1958,Entertainment: Video Games,Easy,Multiple Choice,"What's the name of the main protagonist in the ""Legend of Zelda"" franchise?",Link,Mario,Zelda,Pit
1959,History,Easy,True / False,The Tiananmen Square protests of 1989 were held in Hong Kong.,False,True,,
1960,Science: Mathematics,Medium,Multiple Choice,"Which greek mathematician ran through the streets of Syracuse naked while shouting ""Eureka"" after discovering the principle of displacement?",Archimedes,Euclid,Homer,Eratosthenes
1961,Entertainment: Music,Medium,Multiple Choice,"Which song by Swedish electronic musician Avicii samples the song ""Something's Got A Hold On Me"" by Etta James?",Levels,Fade Into Darkness,Silhouettes,Seek Bromance
1962,Entertainment: Video Games,Hard,Multiple Choice,"In the popular MOBA League of Legends, which of the following champions is nicknamed ""the Virtuoso""?",Jhin,Kayle,Ezreal,Camille
1963,History,Medium,Multiple Choice,Hong Kong was a part of which country's territory before Britain regained it in 1945?,Japan,China,Phillipines,French Indonesia
1964,Entertainment: Video Games,Medium,Multiple Choice,Who composed the soundtrack for the game VVVVVV?,Magnus Pålsson,Terry Cavanagh,Danny Baranowsky,Joel Zimmerman
1965,Science & Nature,Medium,Multiple Choice,What mineral has the lowest number on the Mohs scale?,Talc,Quartz,Diamond,Gypsum
1966,Entertainment: Film,Hard,Multiple Choice,"What three movies, in order from release date, make up the ""Dollars Trilogy""?","""A Fistful of Dollars"", ""For a Few Dollars More"", ""The Good, the Bad, and the Ugly""","""The Good, the Bad, and the Ugly"", ""For A Few Dollars More"", ""A Fistful of Dollars""","""For a Few Dollars More"", ""The Good, the Bad, and the Ugly"", ""A Fistful of Dollars""","""For a Few Dollars More"", ""A Fistful of Dollars"", ""The Good, the Bad, and the Ugly"""
1967,General Knowledge,Medium,Multiple Choice,In which country was the 1992 Summer Olympics Games held?,Spain,Russia,Korea,USA
1968,Science & Nature,Easy,Multiple Choice,About what percentage of the Earth's surface is water? ,70%,30%,50%,90%
1969,Geography,Medium,Multiple Choice,Which Canadian province has Charlottetown as its capital?,Prince Edward Island,Saskachewan,Northwest Terrirories,Ontario
1970,Entertainment: Television,Easy,Multiple Choice,"How many seasons did ""Stargate SG-1"" have?",10,3,7,12
1971,Science & Nature,Medium,Multiple Choice,Which chemical element has the lowest boiling point?,Helium,Hydrogen,Neon,Nitrogen
1972,General Knowledge,Hard,Multiple Choice,"In flight systems, what does the initialism ""TCAS"" stand for?",Traffic Collision Avoidance System,Traffic Communication Alert System,Traffic Configuration Alignment System,Traffic Call-sign Abbreviation System
1973,Entertainment: Video Games,Hard,True / False,"The Paradox Interactive game ""Stellaris"" was released in 2016.",True,False,,
1974,History,Medium,Multiple Choice,How many times was Albert Einstein married in his lifetime?,Twice,Five,Thrice,Once
1975,General Knowledge,Medium,True / False,The pickled gherkin was first added to hamburgers because a US health law required all fast-food to include a source of Vitamin C.,False,True,,
1976,History,Hard,Multiple Choice,What was the last colony the UK ceded marking the end of the British Empire?,Hong Kong,India,Australia,Ireland
1977,Science: Gadgets,Easy,Multiple Choice,What round is a classic AK-47 chambered in?,7.62x39mm,7.62x51mm,5.56x45mm,5.45x39mm
1978,Sports,Easy,True / False,Roger Federer is a famous soccer player.,False,True,,
1979,Science: Mathematics,Hard,True / False,"The binary number ""101001101"" is equivalent to the Decimal number ""334""",False,True,,
1980,Entertainment: Music,Easy,Multiple Choice,"Whose albums included ""Back in Black"" and ""Ballbreaker""?",AC/DC,Iron Maiden,Black Sabbath,Metallica
1981,Vehicles,Medium,Multiple Choice,Which of the following is NOT a Russian car manufacturer?,BYD,Silant,Dragon,GAZ
1982,Entertainment: Board Games,Medium,Multiple Choice,"The board game, Nightmare was released in what year?",1991,1992,1989,1995
1983,Entertainment: Video Games,Easy,Multiple Choice,In World of Warcraft the default UI color that signifies Druid is what?,Orange,Brown,Green,Blue
1984,Geography,Hard,Multiple Choice,What city is known as the Rose Capital of the World?,"Tyler, Texas","San Diego, California","Miami, Florida","Anaheim, California"
1985,History,Medium,True / False,The Fourth Crusade lasted from 1095-1099 AD.,False,True,,
1986,Entertainment: Video Games,Medium,Multiple Choice,"In Terraria, which of these items is NOT crafted at a Mythril Anvil?",Ankh Charm,Venom Staff,Sky Fracture,Orichalcum Tools
1987,Geography,Medium,Multiple Choice,Which country ranks first in the number of historically active volcanoes?,Indonesia,Japan,USA,India
1988,Sports,Easy,Multiple Choice,"In bowling, what is the term used for getting three consecutive strikes?",Turkey,Flamingo,Birdie,Eagle
1989,Entertainment: Music,Medium,Multiple Choice,The Proclaimers - I'm Gonna Be (500 Miles) reached what position on the US Hot 100 Charts in 1993?,3rd,8th,1st,5th
1990,Celebrities,Easy,Multiple Choice,Neil Hamburger is played by which comedian?,Gregg Turkington,Nathan Fielder,Tim Heidecker,Todd Glass
1991,General Knowledge,Hard,Multiple Choice,Disney's Haunted Mansion is home to a trio of Hitchhiking Ghosts. Which of these is NOT one of them?,Harry,Gus,Phineas,Ezra
1992,Entertainment: Board Games,Medium,Multiple Choice,Who was world chess champion between 1894 and 1921,Emanuel Lasker,José Raúl Capablanca,Wilhelm Steinitz,Bobby Fischer
1993,Entertainment: Video Games,Easy,True / False,"In ""Need for Speed: Porsche Unleashed"", the player can only drive cars manufactured by Porsche.",True,False,,
1994,Entertainment: Japanese Anime & Manga,Medium,Multiple Choice,"What year did ""Attack on Titan"" Season 2 begin airing?",2017,2018,2019,2020
1995,Geography,Medium,True / False,"""Mongolia"" was a part of the now non-existent U.S.S.R.",False,True,,
1996,Entertainment: Video Games,Medium,Multiple Choice,Which city hosted the CS:GO Dreamhack Open 2015?,Cluj-Napoca,Cologne,Atlanta,London
1997,Sports,Hard,Multiple Choice,Which of these NHL players have never won a Hart Trophy for Regular Season MVP?,Steve Yzerman,Chris Pronger,Jose Theodore,Henrik Sedin
1998,Entertainment: Music,Medium,Multiple Choice,How many members are in the Japanese rock band SCANDAL?,4,5,2,18
1999,Entertainment: Video Games,Medium,Multiple Choice,"In Team Fortress 2, which class wields a shotgun?",Everyone Listed,Heavy,Soldier,Engineer
2000,Entertainment: Video Games,Medium,Multiple Choice,What country is Sean Matsuda from in Street Fighter?,Brazil,Japan,USA,UK
2001,Geography,Medium,Multiple Choice,Which one of these archipelagos are NOT a part of the United Kingdom?,The Channel Islands ,Orkney Islands,Isles of Scilly,Shetland Islands 
2002,Sports,Hard,Multiple Choice,Which male player won the gold medal of table tennis singles in 2016 Olympics Games?,Ma Long (China),Zhang Jike (China),Jun Mizutani (Japan),Vladimir Samsonov (Belarus)
2003,Geography,Hard,Multiple Choice,Ouagadougou is the capital of which African country?,Burkina Faso,Central African Republic,Senegal,Zambia
2004,Entertainment: Music,Easy,Multiple Choice,"In what year was Avril Lavigne’s first studio album, “Let Go”, released?",2002,2001,2004,2005
2005,Entertainment: Video Games,Medium,Multiple Choice,Where was the Sniper character in Team Fortress 2 born?,New Zealand,South Africa,Antarctica,Australia
2006,General Knowledge,Medium,Multiple Choice,What are the three starter Pokemon available in Pokemon Black and White?,"Snivy, Tepig, Oshawott","Snivy, Fennekin, Froakie","Chespin, Tepig, Froakie","Chespin, Fennekin, Oshawott"
2007,History,Medium,Multiple Choice,What was the code name for the German invasion of the Soviet Union in WW2?,Operation Barbarossa,Operation Kaiserschlact,Operation Unthinkable,Operation Molotov
2008,History,Medium,Multiple Choice,On what day did Germany invade Poland?,"September 1, 1939","December 7, 1941","June 22, 1941","July 7, 1937"
2009,Entertainment: Film,Hard,Multiple Choice,"In what Disney movie can you spot the character ""Pac-Man"" in if you look closely enough in some scenes?",Tron,Big Hero 6,Fantasia,"Monsters, Inc."
2010,Entertainment: Cartoon & Animations,Easy,Multiple Choice,"Which of these characters live in a pineapple under the sea in the cartoon ""SpongeBob SquarePants"".",SpongeBob SquarePants ,Patrick Star,Squidward Tentacles,Mr. Krabs
2011,General Knowledge,Hard,Multiple Choice,"In the MMO RPG ""Realm of the Mad God"", what dungeon is widely considered to be the most difficult?",The Shatter's,Snake Pit,The Tomb of the Acient's,The Puppet Master's Theater
2012,Entertainment: Video Games,Hard,Multiple Choice,"In the game ""VA-11 Hall-A"" during Virgilio's ending, Virgilio opens his own:",Curry Stand,Bar,Museum,Law Firm
2013,Entertainment: Video Games,Easy,Multiple Choice,"In the 2002 video game ""Kingdom Hearts"", how many Keyblades are usable?",18,13,16,15
2014,Entertainment: Comics,Easy,Multiple Choice,What's the race of Invincible's father?,Viltrumite,Kryptonian,Kree,Irken
2015,Animals,Hard,Multiple Choice,Which of these animals is NOT a lizard?,Tuatara,Komodo Dragon,Gila Monster,Green Iguana
2016,History,Medium,True / False,Franz Joseph I was the last emperor of Austria.,False,True,,
2017,General Knowledge,Medium,Multiple Choice,What is the average life span of a garden ant?,15 years,24 hours,1 week,3 years
2018,Entertainment: Japanese Anime & Manga,Medium,Multiple Choice,Which one of these Manga titles was not created by Urasawa Naoki?,My Father's Journal,Billy Bat,20th Century Boys,Monster
2019,History,Medium,True / False,Assyrian king Sennacherib's destruction of Babylon in 689 BCE was viewed as a triumph by other Assyrian citizens.,False,True,,
2020,Entertainment: Television,Medium,Multiple Choice,"In which year did the British television series ""The Bill"" end?",2010,2001,2007,2012
2021,Science & Nature,Easy,Multiple Choice,What produces the green colour of most plant leaves?,Chlorophyll,Light refraction,Natural pigments,UV radiation
2022,Entertainment: Video Games,Medium,Multiple Choice,"What is the main character's name in ""Braid""?",Tim,Boregard,James,Jackson
2023,General Knowledge,Medium,Multiple Choice,"Out of these four buildings, which one is the tallest, with a height of 1,250 ft (381 m)?","Empire State Building, United States","Bank of China Tower, Hong Kong","Federation Tower, Russia","Gevora Hotal, United Arab Emirates"
2024,Entertainment: Video Games,Medium,Multiple Choice,"In the Pokémon series, which type is Sudowoodo, the Imitation Pokémon?",Rock,Grass,Bug,Ground
2025,Entertainment: Video Games,Easy,Multiple Choice,"The football video game series ""Pro Evolution Soccer"" is developed by which company?",Konami,Square Enix,Electronic Arts,THQ
2026,Entertainment: Film,Medium,Multiple Choice,"After India, which country produces the second most movies per year?",Nigeria,United States,China,France
2027,Entertainment: Video Games,Easy,Multiple Choice,What is the name of the largest planet in Kerbal Space Program?,Jool,Eeloo,Kerbol,Minmus
2028,History,Medium,Multiple Choice,What is the name of the famous Apache leader who died in 1909 at the age of 70?,Geronimo,Sitting Bull,Red Cloud,Crazy Horse
2029,Entertainment: Video Games,Medium,Multiple Choice,In the Kingdom Heart series who provides the english voice for Master Eraqus?,Mark Hamill,Jason Dohring,Jesse McCartney,Haley Joel Osment
2030,Entertainment: Video Games,Easy,Multiple Choice,What is the most expensive weapon in Counter-Strike: Global Offensive?,Scar-20/G3SG1,M4A1,AWP,R8 Revolver
2031,Entertainment: Video Games,Hard,Multiple Choice,Which one of these characters appeared in Marvel vs Capcom: Infinite? ,Firebrand,Wolverine,Dr. Doom,Jill Valentine
2032,Entertainment: Video Games,Easy,Multiple Choice,What was the name of the cancelled sequel of Team Fortress?,Team Fortress 2: Brotherhood of Arms,Team Fortress 2: Desert Mercenaries,Team Fortress 2: Operation Gear Grinder,Team Fortress 2: Return to Classic
2033,Entertainment: Music,Medium,True / False,"The composition ""1812 Overture"" by Tchaikovsky symbolized the War of 1812 between the United States, and Great Britain.",False,True,,
2034,Entertainment: Books,Hard,True / False,"In Harry Potter and the Deathly Hallows, Hermione destroyed the fourth Horcrux by stabbing it with the Sword of Gryffindor.",False,True,,
2035,Entertainment: Video Games,Medium,Multiple Choice,"Which of these songs does NOT play during the Ruins segments of the 2015 game ""Undertale""?",Another Medium,Anticipation,Unnecessary Tension,Ruins
2036,Science & Nature,Medium,Multiple Choice,What does the yellow diamond on the NFPA 704 fire diamond represent?,Reactivity,Health,Flammability,Radioactivity
2037,Celebrities,Hard,Multiple Choice,"Which school in Surrey, England did Steve Backshall attend?",Collingwood College,Tomlinscote School,Kings International College,Lyndhurst School
2038,Geography,Hard,Multiple Choice,Which of these African countries displays a gun on their flag?,Mozambique,Uganda,Ethiopia,Nigeria
2039,General Knowledge,Easy,Multiple Choice,"What is the Spanish word for ""donkey""?",Burro,Caballo,Toro,Perro
2040,Entertainment: Film,Medium,Multiple Choice,"Which 90's comedy cult classic features cameos appearances from Meat Loaf, Alice Cooper and Chris Farley?",Wayne's World,Bill & Ted's Excellent Adventure,Dumb and Dumber,Austin Powers: International Man of Mystery
2041,Celebrities,Hard,Multiple Choice,How tall is Tom Cruise?,5′ 7″,5′ 9″,5′ 4″,5′ 5″
2042,Entertainment: Music,Medium,Multiple Choice,From which country does the piano originate?,Italy,Germany,Austria,France
2043,Entertainment: Music,Medium,Multiple Choice,When did Tame Impala release their second album?,2012,2015,2010,1967
2044,Entertainment: Television,Hard,Multiple Choice,What was the date of original airing of the pilot episode of My Little Pony: Friendship is Magic?,"October 10th, 2010","November 6th, 2010","April 14th, 1984","May 18th, 2015"
2045,Geography,Hard,Multiple Choice,"Bir Tawil, an uninhabited track of land claimed by no country, is located along the border of which two countries?",Egypt and Sudan,Israel and Jordan,Chad and Libya,Iraq and Saudi Arabia
2046,Entertainment: Video Games,Medium,Multiple Choice,"In the Jackbox party game Monster Seeking Monster, which monster can steal two hearts from other monsters under certain conditions?",Serial Killer,Parasite,Stalker,Magic Mirror
2047,Entertainment: Television,Medium,Multiple Choice,"The first half-hour CGI cartoon, ReBoot, aired on which year?",1994,1993,1998,1999
2048,Entertainment: Video Games,Easy,Multiple Choice,"Which franchise was NOT featured in the 2015 video game ""Lego Dimensions""?",Breaking Bad,Portal,Doctor Who,Back to the Future
2049,Celebrities,Easy,Multiple Choice,Which celebrity announced his presidency in 2015?,Kanye West,Donald Trump,Leonardo DiCaprio,Miley Cyrus
2050,Science: Computers,Medium,Multiple Choice,Which of these people was NOT a founder of Apple Inc?,Jonathan Ive,Steve Jobs,Ronald Wayne,Steve Wozniak
2051,Entertainment: Music,Hard,Multiple Choice,Who won the 1989 Drum Corps International championships?,Santa Clara Vanguard,Blue Devils,The Academy,The Bluecoats
2052,Geography,Easy,Multiple Choice,What is Canada's smallest province?,Prince Edward Island,New Brunswick,Nova Scotia,Yukon
2053,Entertainment: Cartoon & Animations,Easy,Multiple Choice,What is the surname of one of the male teachers in the BBC series Postman Pat?,Pringle,Walker,Dorito,Lays
2054,Entertainment: Video Games,Medium,True / False,"In the canon ""Neptunia"" games, Neptune is always the main protagonist.",False,True,,
2055,Entertainment: Film,Medium,Multiple Choice,"In ""Jurassic World"", which company purchases InGen and creates Jurassic World?",Masrani Global Corporation ,Biology Synthetics Technologies,International Genetics Incorporated,International Genetic Technologies
2056,General Knowledge,Medium,Multiple Choice,Which of the following Ivy League universities has its official motto in Hebrew as well as in Latin?,Yale University,Princeton University,Harvard University,Columbia University
2057,Entertainment: Video Games,Easy,Multiple Choice,"In the game Dark Souls, what is the name of the region you're in for the majority of the game?",Lordran,Drangleic,Oolacile,Catarina
2058,Entertainment: Video Games,Medium,True / False,"""Return to Castle Wolfenstein"" was the only game of the Wolfenstein series where you don't play as William ""B.J."" Blazkowicz.",False,True,,
2059,History,Medium,True / False,"If you grab the bladed end of a longsword in a specific way, you will not cut yourself.",True,False,,
2060,Entertainment: Music,Hard,Multiple Choice,"In the Panic! At the Disco's song ""Nothern Downpour"", which lyric follows 'I know the world's a broken bone'.","""So melt your headaches call it home""","""So sing your song until you're home""","""So let them know they're on their own""","""So start a fire in their cold stone"""
2061,Celebrities,Medium,Multiple Choice,"How much weight did Chris Pratt lose for his role as Star-Lord in ""Guardians of the Galaxy""?",60 lbs,30 lbs,50 lbs,70 lbs
2062,Entertainment: Film,Medium,Multiple Choice,What character in the Winnie the Pooh films was added by Disney and does not appear in the original books?,Gopher,Tigger,Heffalumps,Rabbit
2063,General Knowledge,Medium,Multiple Choice,When was Hubba Bubba first introduced?,1979,1984,1972,1980
2064,Celebrities,Medium,Multiple Choice,Where was Kanye West born?,"Atlanta, Georgia","Chicago, Illinois","Los Angeles, California","Detroit, Michigan"
2065,Entertainment: Books,Medium,Multiple Choice,"In the children's book series, where is Paddington Bear originally from?",Peru,India,Iceland,Canada
2066,Entertainment: Video Games,Easy,Multiple Choice,"""The Potato Sack"" was a collection of indie games released on Steam in 2011 as a promotion for which game?",Portal 2,Left 4 Dead 2,Half-Life 3,Dota 2
2067,Sports,Easy,Multiple Choice,When was the first official international game played?,1872,1880,1863,1865
2068,Art,Hard,Multiple Choice,Paul Gauguin moved to which country in 1895?,Tahiti,France,Atuona,Lithuania
2069,Politics,Hard,Multiple Choice,Which letter do you need to have on a European driver license in order to ride any motorbikes?,A,X,D,B
2070,History,Medium,Multiple Choice,Who was the first president born in the independent United States?,Martin Van Buren,John Adams,George Washington,James Monroe 
2071,Entertainment: Japanese Anime & Manga,Hard,Multiple Choice,Which studio animated Afro Samurai?,Gonzo,Kyoto Animation,xebec,Production I.G
2072,Entertainment: Music,Easy,Multiple Choice,Who is the lead singer of Arctic Monkeys?,Alex Turner,Jamie Cook,Matt Helders,Nick O'Malley
2073,Entertainment: Comics,Easy,True / False,Deadpool's identity is Slade Wilson.,False,True,,
2074,Vehicles,Medium,Multiple Choice,Which one of the following is not made by Ford?,Camry,Fusion,Model A,F-150
2075,History,Hard,Multiple Choice,Bohdan Khmelnytsky was which of the following?,Leader of the Ukrainian Cossacks,General Secretary of the Communist Party of the USSR,Prince of Wallachia,Grand Prince of Novgorod
2076,Entertainment: Video Games,Medium,Multiple Choice,"In the ""Halo"" franchise, in what country is New Mombasa?",Kenya,India,Turkey,Slovakia
2077,Entertainment: Video Games,Medium,Multiple Choice,Which of these characters won the Super Smash Bros. Fighter Ballot in 2015?,Bayonetta,Cloud,Ryu,Megaman
2078,Geography,Easy,True / False,Bosnia and Herzegovina is a country located in the Baltic region in Europe.,False,True,,
2079,Entertainment: Video Games,Medium,Multiple Choice,"In ""Super Mario World 2: Yoshi's Island"", which of these colors is NOT represented by a Yoshi?",White,Purple,Brown,Red
2080,Science & Nature,Hard,Multiple Choice,What is the scientific name of the red fox?,Vulpes Vulpes,Vulpes Redus,Red Fox,Vulpes Vulpie
2081,General Knowledge,Medium,Multiple Choice,Coleslaw originated from which European country?,The Netherlands,United Kingdom,Denmark,Germany
2082,Entertainment: Music,Hard,Multiple Choice,"Which of the music artists did NOT perform in the Live Aid concert in Wembley Stadium, London in 1985?",The Rolling Stones,Queen,Elton John,David Bowie
2083,General Knowledge,Easy,Multiple Choice,Antibiotics are generally taken to combat what?,Bacterial infections,Viruses,Migraines,Muscular pains
2084,Entertainment: Video Games,Medium,Multiple Choice,"How much did the indie game ""Cave Story"" cost when it was first released in 2004?",$0 USD,$5 USD,$10 USD,$15 USD
2085,General Knowledge,Easy,Multiple Choice,Waluigi's first appearance was in what game?,Mario Tennis 64 (N64),Wario Land: Super Mario Land 3,Mario Party (N64),Super Smash Bros. Ultimate
2086,Entertainment: Cartoon & Animations,Medium,Multiple Choice,Which episode from The Amazing World Of Gumball won the Childrens Choice Award at the British Animation Awards in 2016?,The Shell,The Limit,The Kids,The Gripes
2087,Entertainment: Comics,Hard,Multiple Choice,"When Batman trolls the online chat rooms, what alias does he use?",JonDoe297,iAmBatman,BWayne13,BW1129
2088,Entertainment: Comics,Hard,Multiple Choice,What year was the first San Diego Comic-Con?,1970,2000,1990,1985
2089,Science & Nature,Easy,Multiple Choice,What does the letter 'S' stand for in 'NASA'?,Space,Science,Society,Star
2090,Art,Hard,Multiple Choice,"The painting ""The Starry Night"" by Vincent van Gogh was part of which art movement?",Post-Impressionism,Romanticism,Neoclassical,Impressionism
2091,Science: Gadgets,Easy,Multiple Choice,What is the name of a simple machine that is made up of a stiff arm that can move freely around a fixed point?,Lever,Wedge,Screw,Pulley
2092,General Knowledge,Medium,Multiple Choice,Only 9% of US Households owned a television in ,1950,1965,1913,1969
2093,History,Medium,True / False,Brazil used to be an empire.,True,False,,
2094,Entertainment: Television,Medium,True / False,Bob Ross was a US Air Force pilot.,False,True,,
2095,Entertainment: Video Games,Medium,True / False,Fortnite was originally intended to be a horror game.,True,False,,
2096,Entertainment: Cartoon & Animations,Easy,Multiple Choice,What type of animal is Disney's Bambi?,Deer,Elephant,Wolf,Mouse
2097,Politics,Medium,True / False,"In France, a hunting license or a sport-shooting license is needed to purchase any firearm.",True,False,,
2098,Entertainment: Video Games,Easy,Multiple Choice,Who is the leader of the Brotherhood of Nod in the Command and Conquer series?,Kane,Joseph Stalin,CABAL,Yuri
2099,General Knowledge,Easy,Multiple Choice,"What is the profession of Elon Musk's mom, Maye Musk?",Model,Professor,Biologist,Musician
2100,Entertainment: Books,Hard,Multiple Choice,"Which author co-wrote ""The Communist Manifesto"" alongside Karl Marx?",Friedrich Engels,Robert Owen,Alexander Kerensky,Paul Lafargue
2101,Entertainment: Video Games,Medium,Multiple Choice,Which of the following has Jennifer Taylor NOT voiced?,Sarah Kerrigan,Princess Peach,Zoey,Cortana
2102,Science: Computers,Easy,Multiple Choice,"On a standard American QWERTY keyboard, what symbol will you enter if you hold the shift key and press 1?",Exclamation Mark,Dollar Sign,Percent Sign,Asterisk
2103,General Knowledge,Medium,Multiple Choice,What is the last letter of the Greek alphabet?,Omega,Mu,Epsilon,Kappa
2104,Entertainment: Film,Medium,Multiple Choice,"In the 1999 movie Fight Club, which of these is not a rule of the ""fight club""?",Always wear a shirt,You do not talk about FIGHT CLUB,Only two guys to a fight,Fights will go on as long as they have to
2105,Entertainment: Video Games,Easy,Multiple Choice,"In what year was the first ""Mass Effect"" game released?",2007,2008,2009,2010
2106,Entertainment: Television,Easy,Multiple Choice,"In season one of the Netflix political drama ""House of Cards"", what government position does Frank Underwood hold?",House Majority Whip,Attorney General,President,Chief of Staff
2107,Entertainment: Video Games,Hard,Multiple Choice,"Which character, in the game ""Morenatsu"", has the most possible endings to their route, at a total of four different endings?",Shin Kuroi,Kouya Aotsuki,Soutarou Touno,Torahiko Ooshima
2108,Entertainment: Video Games,Hard,Multiple Choice,Which of these Pokemon is NOT exclusively female?,Clefairy,Salazzle,Mandibuzz,Illumise
2109,History,Medium,Multiple Choice,Which of the following Presidents of the United States was assassinated?,William McKinley,Lyndon Johnson,Chester Arthur,Franklin Roosevelt
2110,Sports,Medium,Multiple Choice,Who won NFL Super Bowl LI? (51),Patriots,Falcons,Broncos,Eagles
2111,Science: Mathematics,Medium,True / False,Zero factorial is equal to zero. ,False,True,,
2112,Science & Nature,Easy,Multiple Choice,What name is given to all baby marsupials?,Joey,Calf,Pup,Cub
2113,Entertainment: Film,Medium,Multiple Choice,"What is the name of James Dean's character in the 1955 movie ""Rebel Without a Cause""?",Jim Stark,Ned Stark,Jim Kane,Frank Stark
2114,Entertainment: Film,Hard,True / False,"""Cube"", ""Cube 2: Hypercube"" and ""Cube Zero"" were directed by the same person.",False,True,,
2115,Entertainment: Film,Medium,Multiple Choice,What film did James Cameron's Avatar dethrone as the highest-grossing film ever?,Titanic,Star Wars,Gone with the Wind,Jaws
2116,Geography,Hard,Multiple Choice,Which of these cities is NOT in England?,Edinburgh,Oxford,Manchester,Southampton
2117,Geography,Medium,Multiple Choice,What is the largest lake in the African continent?,Lake Victoria,Lake Tanganyika,Lake Malawi,Lake Turkana
2118,Entertainment: Video Games,Hard,Multiple Choice,"GoldenEye 007 on the Nintendo 64 was planned to allow you to play as all previous Bond actors, with the exception of who?",George Lazenby,Roger Moore,Sean Connery,Timothy Dalton
2119,Science: Gadgets,Medium,Multiple Choice,"Out of all of the NASA Space Shuttles, which 2 have been destroyed in disasters?",Challenger and Columbia,Enterprise and Atlantis,Discovery and Endeavour,None of the Above
2120,Entertainment: Video Games,Medium,Multiple Choice,How old is Chloe Price in Life is Strange: Before the Storm?,16,24,19,15
2121,Entertainment: Music,Medium,Multiple Choice,Pearl Jam was originally named after which sports figure?,Mookie Blaylock,Oil Can Boyd,Danger Fourpence,Blue Moon Odom
2122,Entertainment: Video Games,Medium,Multiple Choice,The character Wario was first introduced in which game of the Mario video game franchise?,Super Mario Land 2: 6 Golden Coins (1992),Super Mario Bros. 3 (1988),Wario Land: Super Mario Land 3 (1994),Mario Party (1998)
2123,Entertainment: Cartoon & Animations,Hard,Multiple Choice,"In the 1968 Cartoon Show ""Wacky Races"" what was the name of cavemen duo who rode in The Boulder Mobile?",The Slag Brothers,The Slate Brothers,The Rock Brothers,The Stone Brothers
2124,Entertainment: Books,Medium,Multiple Choice,Which of these book series is by James Patterson?,Maximum Ride,Harry Potter,The Legend of Xanth,The Bartemaeus Trilogy
2125,Animals,Hard,Multiple Choice,What is the scientific name of the Budgerigar?,Melopsittacus undulatus,Nymphicus hollandicus,Pyrrhura molinae,Ara macao
2126,Entertainment: Television,Easy,Multiple Choice,When did the TV show Rick and Morty first air on Adult Swim?,2013,2014,2016,2015
2127,Animals,Hard,Multiple Choice,What is the scientific name for the Bald Eagle?,Haliaeetus Leucocephalus ,Tyto Alba,Cyanocitta Cristata,Aquila Chrysaetos
2128,Science & Nature,Medium,Multiple Choice,Which element has the atomic number of 7?,Nitrogen,Oxygen,Hydrogen,Neon
2129,Entertainment: Comics,Medium,Multiple Choice,"In Calvin and Hobbes, what is the name of Susie's stuffed rabbit?",Mr. Bun,Mr. Bunbun,Mr. Rabbit,Mr. Hoppy
2130,Celebrities,Easy,Multiple Choice,Gwyneth Paltrow has a daughter named...?,Apple,Lily,French,Dakota
2131,Geography,Medium,Multiple Choice,What is the highest mountain in the world?,Mt. Everest,Mount Godwin Austen,Kangchenjunga,Annapurna
2132,Geography,Medium,Multiple Choice,Where is the ancient city of Petra located?,Jordan,Egypt,Israel,Italy
2133,General Knowledge,Hard,Multiple Choice,Xanthophobia is the fear of what color?,Yellow,Blue,Red,Green
2134,Entertainment: Film,Easy,Multiple Choice,"Who is the main antagonist of Christopher Nolan's 2012 film ""The Dark Knight Rises""?",Bane,The Joker,CIA,The Riddler
2135,History,Medium,True / False,There are 13 months in the Ethiopian calendar.,True,False,,
2136,Geography,Medium,Multiple Choice,What is the capital of Estonia?,Tallinn,Helsinki,Tartu,Riga
2137,Entertainment: Music,Medium,Multiple Choice,What was the birthplace of musical artist 'Sir Robert Bryson Hall II' (aka. Logic)?,"Maryland, United States","Atlanta, United States","London, United Kingdom"," Botswana, Africa"
2138,General Knowledge,Medium,Multiple Choice,Bob and Mike Bryan were well known brothers in which sport?,Tennis,Basketball,Football,Baseball
2139,Entertainment: Video Games,Hard,Multiple Choice,How many partners can you obtain in Paper Mario: The Thousand-Year Door?,7,6,9,10
2140,Entertainment: Video Games,Easy,True / False,The main antagonist in the videogame Saints Row IV is an entity known as The Mastermind.,False,True,,
2141,General Knowledge,Medium,Multiple Choice,"""Gum arabic"" is a natural gum consisting of the hardened sap of which tree species?",Acacia,Palm,Ficus,Eucalyptus
2142,Entertainment: Video Games,Hard,Multiple Choice,"In the alternate timeline in Mortal Kombat, which character was the one to slaughter the Shirai Ryu clan?",Quan Chi,Sub-Zero,Sektor,Shang Tsung
2143,Entertainment: Video Games,Easy,Multiple Choice,"What was Frank West's job in ""Dead Rising""?",Photojournalist,Janitor,Chef,Taxi Driver
2144,General Knowledge,Easy,Multiple Choice,What airline was the owner of the plane that crashed off the coast of Nova Scotia in 1998?,Swiss Air,Air France,British Airways,TWA
2145,Entertainment: Film,Hard,Multiple Choice,"What was the name of the actor who played Leatherface in the 1974 horror film, The Texas Chainsaw Massacre?",Gunnar Hansen,Edwin Neal,John Dugan,Joe Bill Hogan
2146,Entertainment: Comics,Easy,Multiple Choice,"In DC comics, what is Owlman's real name?",Thomas Wayne Jr.,Thomas Wayne,Bruce Wayne,Joseph Chill 
2147,General Knowledge,Medium,Multiple Choice,Which logical fallacy means to attack the character of your opponent rather than their arguments?,Ad hominem,Post hoc ergo propter hoc,Tu quoque,Argumentum ad populum
2148,Science: Computers,Hard,True / False,DHCP stands for Dynamic Host Configuration Port.,False,True,,
2149,Mythology,Medium,Multiple Choice,Which of the following is not one of the Greek Fates?,Narcissus,Clotho,Atropos,Lachesis
2150,Animals,Medium,True / False,Hyenas are more closely related to cats than to dogs.,True,False,,
2151,History,Medium,Multiple Choice,Which of the following is not in the Indo-European language family?,Finnish,English,Hindi,Russian
2152,Entertainment: Video Games,Medium,Multiple Choice,Which of the following is a character in the video game Destiny?,Cayde-6,Ostrava of Boletaria,Mordecai the Hunter,Leon S. Kennedy
2153,Entertainment: Film,Easy,Multiple Choice,"Who plays protagonist Ethan Hunt in the ""Mission: Impossible"" film-series?",Tom Cruise,Johnny Depp,Sean Connery,Pierce Brosnan
2154,Entertainment: Video Games,Easy,True / False,The shotgun appears in every numbered Resident Evil game.,True,False,,
2155,Science & Nature,Easy,Multiple Choice,The asteroid belt is located between which two planets?,Mars and Jupiter,Jupiter and Saturn,Mercury and Venus,Earth and Mars
2156,General Knowledge,Medium,True / False,"SCP-173 was the first SCP article written for the web-based collaborative fiction project known as the ""SCP Foundation""",True,False,,
2157,Entertainment: Video Games,Easy,Multiple Choice,"In the lore of the PAYDAY series, which criminal was arrested and then latered rescued by the PAYDAY gang?",Hoxton,Dallas,Wolf,Chains
2158,General Knowledge,Easy,Multiple Choice,In what year did Canada stop producing the penny?,2012,2013,2011,2010
2159,Entertainment: Video Games,Hard,Multiple Choice,"In ""Call Of Duty: Zombies"", ""Richtofen"" is in possession of two filled blood vials belonging to who?",Sal DeLuca and Finn O'Leary,Richtofen,Al Arlington and Sal DeLuca,Jessica Rose and Jack Vincent
2160,General Knowledge,Easy,Multiple Choice,Which type of cutlery is most suited for eating soup?,Spoon,Fork,Knife,Chopsticks
2161,Entertainment: Video Games,Hard,Multiple Choice,Which car did not appear in the 2002 Lego Game: Drome Racers?,Wasp,Raptor,Hornet,Behemoth
2162,Entertainment: Music,Easy,True / False,Lead Singer Rivers Cuomo of American rock band Weezer attended Harvard.,True,False,,
2163,Entertainment: Film,Medium,Multiple Choice,"What American actor directed and co-starred alongside Emily Blunt in 2018's horror film ""A Quiet Place""?",John Krasinski,Keanu Reeves,Willem Dafoe,Josh Brolin
2164,Entertainment: Video Games,Medium,Multiple Choice,In which U.S. state is Far Cry 5's fictional setting 'Hope County' located?,Montana,Idaho,Wyoming,North Carolina
2165,Science: Computers,Easy,Multiple Choice,What is the code name for the mobile operating system Android 7.0?,Nougat,Ice Cream Sandwich,Jelly Bean,Marshmallow
2166,Entertainment: Television,Easy,Multiple Choice,"In the TV show ""Mad Men"", what was Donald Draper's birthname?","Richard ""Dick"" Whitman",Donald Draper,John Ashbury,"Michael ""Mikey"" Wilhelm"
2167,Entertainment: Video Games,Medium,Multiple Choice,Danganronpa Another Episode: Ultra Despair Girls is set after which Danganronpa game?,Danganronpa: Trigger Happy Havoc,Danganronpa 2: Goodbye Despair,Danganronpa V3: Killing Harmony,Danganronpa 3: The End of Hope's Peak High School
2168,Sports,Hard,Multiple Choice,Which female player won the gold medal of table tennis singles in 2016 Olympics Games?,DING Ning (China),LI Xiaoxia (China),Ai FUKUHARA (Japan),Song KIM (North Korea)
2169,Entertainment: Film,Hard,Multiple Choice,The film Mad Max: Fury Road features the Dies Irae  from which composer's requiem?,Verdi,Mozart,Berlioz,Brahms
2170,Entertainment: Comics,Hard,Multiple Choice,"In the Hellboy universe, what was Abe Sapien's birth name?",Langdon Everett Caul,Lord Baltimore,Sir Edward Grey,Landis Pope
2171,General Knowledge,Easy,Multiple Choice,The likeness of which president is featured on the rare $2 bill of USA currency?,Thomas Jefferson,Martin Van Buren,Ulysses Grant,John Quincy Adams
2172,Entertainment: Board Games,Medium,Multiple Choice,Europa Universalis is a strategy video game based on which French board game?,Europa Universalis,Europe and the Universe,Europa!,Power in Europe
2173,Entertainment: Japanese Anime & Manga,Easy,Multiple Choice,What color is Ryūko Matoi's half of the Scissor Blade in the anime Kill la KIll?,Red,Green,Blue,Purple
2174,Vehicles,Easy,Multiple Choice,Which of the following car manufacturers had a war named after it?,Toyota,Honda,Ford,Volkswagen
2175,Entertainment: Film,Hard,Multiple Choice,"In Big Hero 6, what were Baymax's motions modeled after?",Baby penguins,Baby monkeys,Baby ostriches,Baby bears
2176,General Knowledge,Easy,Multiple Choice,Which country developed the AK-47 assault rifle?,Soviet Union,Iran,Israel,Poland
2177,Entertainment: Musicals & Theatres,Medium,Multiple Choice,"In which Shakespeare play does the character Marcellus say, ""Something is rotten in the state of Denmark""?",Hamlet,Macbeth,King Lear,Twelfth Night
2178,Entertainment: Video Games,Medium,Multiple Choice,"Which of these games takes place in the Irish town of Doolin, with the option to play as one of the characters, Ellen and Keats?",Folklore,Shadow of the Colossus,ICO,Beyond Good & Evil
2179,Entertainment: Japanese Anime & Manga,Medium,Multiple Choice,What studio animated Ouran High School Host Club?,Bones,Production I.G,Kyoto Animation,xebec
2180,Science & Nature,Easy,True / False,"Celiac Disease is a disease that effects the heart, causing those effected to be unable to eat meat.",False,True,,
2181,Entertainment: Video Games,Medium,True / False,"In ""League of Legends"", there exists four different types of Dragon.",False,True,,
2182,Geography,Medium,Multiple Choice,Which country claims ownership of the disputed state Kosovo?,Serbia,Croatia,Albania,Macedonia
2183,Science: Computers,Hard,Multiple Choice,What internet protocol was documented in RFC 1459?,IRC,HTTP,HTTPS,FTP
2184,Sports,Medium,True / False,"The first episode of WWF Monday Night RAW aired on January 11, 1990.",False,True,,
2185,Entertainment: Video Games,Medium,Multiple Choice,"In ""The Elder Scrolls 3: Morrowind"", which of the following factions is not joinable?",The Dark Brotherhood,Fighters Guild,Mages Guild,Thieves Guild
2186,Entertainment: Video Games,Easy,Multiple Choice,"TF2: What code does Soldier put into the door keypad in ""Meet the Spy""?",1111,1432,1337,No code
2187,Entertainment: Music,Medium,Multiple Choice,"Which novelty band was best known for their UK chart hits ""Combine Harvester"" and ""I Am a Cider Drinker"" in 1976?",The Wurzels,Goldie Lookin Chain,Bonzo Dog Doo-Dah Band,The Firm
2188,Entertainment: Video Games,Hard,Multiple Choice,Which character from the Mega Man series made a small cameo on Volt Catfish's introduction scene in CD versions of Mega Man X3?,Auto,Eddie,Tango,Rush
2189,Politics,Easy,Multiple Choice,Who was South Africa's first Black President?,Nelson Mandela,Mangosuthu Buthelezi,Steve Biko ,Bishop Tutu
2190,Science & Nature,Easy,Multiple Choice,The element involved in making human blood red is which of the following?,Iron,Copper,Iridium,Cobalt
2191,Geography,Hard,Multiple Choice,Which is the largest freshwater lake in the world?,Lake Superior ,Caspian Sea,Lake Michigan,Lake Huron
2192,Entertainment: Film,Medium,Multiple Choice,"Who was the director of ""Scott Pilgrim vs. the World (2010)""?",Edgar Wright,Phil Lord,Chris Miller,Seth Rogan
2193,Entertainment: Video Games,Medium,Multiple Choice,The first version of Blockland came out in which year?,2004,2007,2008,2006
2194,Entertainment: Video Games,Medium,Multiple Choice,"In the game Paper Mario for the Nintendo 64 the first partner you meet is a Goomba, what is its name?",Goombario,Goombella,Goombarry,Goomby
2195,Entertainment: Video Games,Medium,Multiple Choice,Which of the following games was not a launch title for the Nintendo Gamecube?,Super Mario Sunshine,Luigi’s Mansion,Star Wars Rogue Squadron II,Disney’s Tarzan Untamed
2196,Entertainment: Cartoon & Animations,Hard,True / False,"The first ever episode of Family Guy, ""Death Has A Shadow,"" aired on January 1st, 2002.",False,True,,
2197,Vehicles,Easy,Multiple Choice,Which of these automotive brands originated in Sweden?,Volvo,Mercedes,Acura,Lincoln
2198,Science & Nature,Medium,True / False,"Centripetal force is an apparent force that acts outward on a body moving around a center, arising from the body's inertia.",False,True,,
2199,History,Easy,Multiple Choice,Who was the first president of Kenya?,Jomo Kenyatta,Daniel Moi,Tom Mboya,Oginga Odinga
2200,Entertainment: Video Games,Medium,Multiple Choice,"In Portal, what color is the Morality Core?",Purple,Red,Yellow,Blue
2201,Entertainment: Music,Medium,Multiple Choice,"When was the 3rd album ""Notes from the Underground"" of the band ""Hollywood Undead"" released?",2013,2011,2014,2009
2202,Science & Nature,Hard,Multiple Choice,What is the unit of electrical inductance?,Henry,Weber,Coulomb,Mho
2203,Entertainment: Television,Medium,Multiple Choice,"In ""Spongebob Squarepants,"" what is Mr. Krabs' full name?",Eugene H. Krabs,Eugene G. Krabs,Eugene J. Krabs,Eugene D. Krabs
2204,Geography,Easy,Multiple Choice,"What is the largest country, by area, that has only one time zone?",China,Canada,India,Russia
2205,Entertainment: Video Games,Hard,Multiple Choice,When was the first Call of Duty title released?,"October 29, 2003","December 1, 2003","November 14, 2002","July 18, 2004"
2206,Animals,Easy,Multiple Choice,What is the collective noun for a group of crows?,Murder,Pack,Gaggle,Herd
2207,Entertainment: Film,Medium,Multiple Choice,"What does TIE stand for in reference to the TIE Fighter in ""Star Wars""?",Twin Ion Engine,Twin Iron Engine,Twin Intercepter Engine,Twin Inception Engine
2208,Entertainment: Film,Medium,Multiple Choice,"This movie contains the quote, ""I love the smell of napalm in the morning!""",Apocalypse Now,Platoon,The Deer Hunter,Full Metal Jacket
2209,History,Medium,Multiple Choice,In what year was the last natural case of smallpox documented?,1977,1982,1980,1990
2210,History,Medium,True / False,Ottoman Empire was created in 1299.,True,False,,
2211,General Knowledge,Medium,Multiple Choice,After how many years would you celebrate your crystal anniversary?,15,20,10,25
2212,General Knowledge,Medium,Multiple Choice,"In the Morse code, which letter is indicated by 3 dots? ",S,O,A,C
2213,Entertainment: Television,Easy,Multiple Choice,"British actor David Morrissey stars as which role in ""The Walking Dead""?",The Governor,Negan,Rick Grimes,Daryl Dixon
2214,Science & Nature,Easy,Multiple Choice,What does LASER stand for?,Light amplification by stimulated emission of radiation,Lite analysing by stereo ecorazer,Light amplifier by standby energy of radio,Life antimatter by standing entry of range
2215,General Knowledge,Easy,True / False,"When you cry in space, your tears stick to your face.",True,False,,
2216,Entertainment: Video Games,Medium,Multiple Choice,"In Need for Speed: Underground, what car does Eddie drive?",Nissan Skyline GT-R (R34),Mazda RX-7 FD3S,Acura Integra Type R,Subaru Impreza 2.5 RS
2217,General Knowledge,Medium,Multiple Choice,Which Italian automobile manufacturer gained majority control of U.S. automobile manufacturer Chrysler in 2011?,Fiat,Maserati,Alfa Romeo,Ferrari
2218,Entertainment: Japanese Anime & Manga,Medium,Multiple Choice,The main protagonist of the fourth part of JoJo's Bizarre Adventure is which of the following?,Josuke Higashikata,Yoshikage kira,Koichi Hirose,Joey JoJo
2219,Entertainment: Video Games,Hard,Multiple Choice,"In ""The Binding of Isaac"", which item instantly kills Mom and Mom's Heart?",The Bible,The Halo,Brimstone,Book of Shadows
2220,Science: Computers,Easy,Multiple Choice,Which programming language shares its name with an island in Indonesia?,Java,Python,C,Jakarta
2221,Entertainment: Video Games,Medium,True / False,"In Portal, the Companion Cube's ARE sentient.",True,False,,
2222,Entertainment: Music,Hard,Multiple Choice,"Long John Baldry, the voice of Dr. Robotnik in Adventures Of Sonic The Hedgehog, was in a band with which music artist in the 1960s?",Elton John,Freddie Mercury,Paul McCartney,Johnny Cash
2223,Entertainment: Music,Medium,Multiple Choice,"How many studio albums have the heavy metal band, 'Metallica' released in the period between 1983 and 2016?",10,7,9,12
2224,Entertainment: Books,Easy,Multiple Choice,"Who wrote ""Harry Potter""?",J.K. Rowling,J.R.R. Tolkien,Terry Pratchett,Daniel Radcliffe
2225,Entertainment: Film,Medium,Multiple Choice,Which actor auditioned for the role of Luke Skywalker?,Kurt Russell,Christopher Lambert,Laurence Fishburne,James Remar
2226,History,Medium,Multiple Choice,Which of these countries was NOT a part of the Soviet Union?,Afghanistan,Turkmenistan,Kazakhstan,Uzbekistan
2227,Entertainment: Television,Medium,Multiple Choice,This composer worked on the 2003 TV series Battlestar Galatica.,Bear McCreary,Ramin Djawadi,Jeremy Soule,Harry Gregson-Williams
2228,Entertainment: Video Games,Easy,Multiple Choice,Who is the main protagonist in Danganronpa 2: Goodbye Despair?,Hajime Hinata,Nagito Komaeda,Makoto Naegi,Junko Enoshima
2229,Science: Computers,Easy,Multiple Choice,"On Twitter, what was the original character limit for a Tweet?",140,120,160,100
2230,Entertainment: Musicals & Theatres,Hard,Multiple Choice,"Which actor has NOT portrayed Billy Flynn in the musical ""Chicago""?",Christopher Walken,David Hasselhoff,Jerry Springer,Patrick Swayze
2231,Entertainment: Japanese Anime & Manga,Medium,Multiple Choice,"In the ADV (English) Dub of the anime ""Ghost Stories"", which character is portrayed as a Pentacostal Christian?",Momoko Koigakubo,Hajime Aoyama,Satsuki Miyanoshita,Mio Itai
2232,Entertainment: Video Games,Medium,Multiple Choice,"In Terraria, which of the following items does the Martian Saucer mini-boss NOT drop?",Drill Containment Unit,Anti-Gravity Hook,Influx Waver,Cosmic Car Key
2233,Entertainment: Video Games,Easy,Multiple Choice,"In Fallout: New Vegas, which one of these casinos can you not play in?",Lucky 38,The Tops,Gammorah,Ultra-Luxe
2234,Entertainment: Video Games,Easy,Multiple Choice,"""Tomb Raider"" icon Lara Croft was originally called...",Laura Cruz,Laura Craft,Laura Croft,Lara Craft
2235,Entertainment: Japanese Anime & Manga,Hard,Multiple Choice,"Which animation studio produced ""Log Horizon""?",Satelite,Sunrise,Xebec,Production I.G
2236,Entertainment: Video Games,Medium,Multiple Choice,Mirror's Edge Catalyst takes place in the City of...?,Glass,Mirrors,Purity,Diamonds
2237,Entertainment: Music,Medium,Multiple Choice,"Which song in Drake's ""Views"" features Future?",Grammys,Too Good,Faithful,Pop Style
2238,History,Medium,Multiple Choice,Which of these 1900s tanks were designed and built BEFORE the others?,Renault FT,M4 Sherman, Panzer IV,Cromwell 
2239,Entertainment: Music,Medium,Multiple Choice,"May 16th of every year is known as __________ Day, named after a punk band prominent in the 1990s.",Lagwagon,Goldfinger,Less Than Jake,Lit
2240,Entertainment: Video Games,Easy,Multiple Choice,Which member of the Velvet Room is not a playable character in Persona 4 Arena Ultimax?,Theodore,Elizabeth,Margaret,Marie
2241,Entertainment: Music,Medium,Multiple Choice,"Typically, how many keys are on a piano?",88,24,12,96
2242,Entertainment: Film,Easy,Multiple Choice,"Which movie contains the quote, ""Say hello to my little friend!""?",Scarface,Reservoir Dogs,Heat,Goodfellas
2243,General Knowledge,Easy,Multiple Choice,What is the official language of Brazil?,Portuguese,Brazilian,Spanish,English
2244,General Knowledge,Easy,Multiple Choice,How would one say goodbye in Spanish?,Adiós, Hola,Au Revoir,Salir
2245,Entertainment: Music,Easy,Multiple Choice,"""Hallelujah"" is a song written by which Canadian recording artist?",Leonard Cohen,Kory Lefkowits,Ryan Letourneau ,Justin Bieber 
2246,Entertainment: Cartoon & Animations,Hard,Multiple Choice,"What was Maggie Simpson's first canonical word, not including the Tracey Ullman shorts?",Daddy.,Sequel?,Ja!,Rusty!
2247,Entertainment: Video Games,Hard,Multiple Choice,What do the video games No Man’s Sky and Mighty No. 9 have in common?,Both were announced in 2013.,Both were crowdfunded.,Both were developed by indie studios.,Both were released for the PlayStation 3.
2248,Entertainment: Film,Medium,True / False,"The Xenomorph from the science fiction film ""Alien"" has acidic blood.",True,False,,
2249,General Knowledge,Hard,Multiple Choice,Who founded the Khan Academy?,Sal Khan,Ben Khan,Kitt Khan,Adel Khan
2250,Geography,Hard,Multiple Choice,The Svalbard Archipelago is a dependency of which country?,Norway,Denmark,Iceland,Russia
2251,Entertainment: Video Games,Easy,Multiple Choice,"In what year was the game ""FTL: Faster Than Light"" released?",2012,2014,2013,2011
2252,Science: Mathematics,Easy,Multiple Choice,How many degrees make a full circle?,360,180,90,720
2253,Entertainment: Comics,Easy,Multiple Choice,Which one of these superhero teams appears in the Invincible comics?,Guardians of the Globe,Avengers,Justice League,Teenage Mutant Ninja Turtles
2254,Entertainment: Music,Medium,Multiple Choice,'74–'75 is a 1993 single from the album Ring by what American band?,The Connells,R.E.M.,The Ocean Blue,The Bangles
2255,General Knowledge,Medium,Multiple Choice,"The Mexican Beer ""Corona"" is what type of beer?",Pale Lager,India Pale Ale,Pilfsner,Baltic Porter
2256,Entertainment: Television,Easy,Multiple Choice,"In the TV show ""Cheers"", Sam Malone was a former relief pitcher for which baseball team?",Boston Red Sox,New York Mets,Baltimore Orioles,Milwaukee Brewers
2257,Entertainment: Video Games,Easy,Multiple Choice,"In ""Rainbow Six: Siege"", which of the following operators cannot breach reinforced walls?",Buck,Thermite,Hibana,Maverick
2258,History,Medium,Multiple Choice,What year did the Boxing Day earthquake & tsunami occur in the Indian Ocean?,2004,2006,2008,2002
2259,Science & Nature,Medium,Multiple Choice,What is the name of the Supermassive Black Hole in the centre of the Milky Way?,Sagittarius A*,Messier 87,Alpha Centauri,Andromeda
2260,Entertainment: Japanese Anime & Manga,Medium,Multiple Choice,"Who wrote and directed the animated movie ""Spirited Away"" (2001)?",Hayao Miyazaki,Isao Takahata,Mamoru Hosoda,Hidetaka Miyazaki
2261,Science: Gadgets,Easy,True / False,The iPhone 3G was the second iPhone generation.,True,False,,
2262,Science: Computers,Easy,True / False,"The programming language ""Python"" is based off a modified version of ""JavaScript"".",False,True,,
2263,Politics,Medium,True / False,"During the 2016 United States presidential election, the State of California possessed the most electoral votes, having 55.",True,False,,
2264,Entertainment: Video Games,Easy,Multiple Choice,How many carbon cars are there in Burnout Paradise?,6,4,3,5
2265,General Knowledge,Easy,Multiple Choice,The Flag of the European Union has how many stars on it?,12,10,14,16
2266,History,Medium,Multiple Choice,On which day did the attempted coup d'etat of 1991 in the Soviet Union begin?,August 19,August 21,December 26,December 24
2267,Entertainment: Musicals & Theatres,Easy,Multiple Choice,"""Doctor Who"" star David Tennant performed in a rendition of which Shakespearean play?",Hamlet,The Tempest,Othello,The Taming of the Shrew
2268,Entertainment: Music,Medium,Multiple Choice,What was David Bowie's real surname?,Jones,Johnson,Edwards,Carter
2269,Sports,Easy,Multiple Choice,"In what sport is a ""shuttlecock"" used?",Badminton,Table Tennis,Rugby,Cricket
2270,Science: Mathematics,Easy,Multiple Choice,Which two men are credited with independently discovering differential calculus? ,Newton and Leibnitz,Plato and Aristotle,Asiimov and Rutherford,Dvorak and Smith
2271,Mythology,Medium,Multiple Choice,"In African mythology, Anansi is a trickster and storyteller who takes the shape of which animal?",Spider,Wild dog,Monkey,Crocodile
2272,Entertainment: Japanese Anime & Manga,Medium,True / False,"In ""JoJo's Bizarre Adventure"", Father Enrico Pucchi uses a total of 3 stands in Part 6: Stone Ocean.",True,False,,
2273,Entertainment: Video Games,Medium,Multiple Choice,"In Splatoon 2's Hero Mode, which agent does the player take the role of?",Agent 4,Agent 1,Agent 2,Agent 3
2274,Entertainment: Video Games,Easy,Multiple Choice,How do you tame a horse in Minecraft?,By continually mounting it,By feeding it Wheat,By feeding it Sugar,By petting it
2275,History,Hard,Multiple Choice,Who was the British Prime Minister at the outbreak of the Second World War in 1939?,Neville Chamberlain,Stanley Baldwin,Winston Churchill,Ramsay MacDonald
2276,Entertainment: Film,Medium,Multiple Choice,"Who voices the main character Blu in the 2011 animated film ""Rio""?",Jesse Eisenberg,Michael Cera,Jonah Hill,Zach Galifianakis
2277,Science & Nature,Easy,Multiple Choice,What is the primary addictive substance found in tobacco?,Nicotine,Cathinone,Ephedrine,Glaucine
2278,Sports,Medium,Multiple Choice,Which player has scored the most goals in the England Premier League (EPL)?,Alan Shearer,Wayne Rooney,Lionel Messi,Didier Drogba
2279,Entertainment: Video Games,Hard,Multiple Choice,"The 'D' in the term ""D-Mail"" from the game ""Steins; Gate"" is short for what?",DeLorean,Deep,Demo,Dev
2280,Entertainment: Video Games,Medium,Multiple Choice,"In ""Clash Royale"" what is Arena 4 called?",Spell Valley,Barbarian Bowl,P.E.K.K.A's Playhouse,Royal Arena
2281,Science & Nature,Medium,Multiple Choice,Which planet in the Solar System is the closest to the Sun?,Mercury,Earth,Mars,Venus
2282,Entertainment: Video Games,Hard,Multiple Choice,"In the PAYDAY series, where did Dallas start his criminal career?","Chicago, Illinois","Dallas, Texas","New York City, New York","Boston, Massachusetts"
2283,Geography,Easy,True / False,Africa is a country.,False,True,,
2284,Entertainment: Video Games,Easy,True / False,"The ghosts in ""Pac-Man"" and ""Ms. Pac-Man"" have completely different behavior.",True,False,,
2285,Entertainment: Cartoon & Animations,Medium,Multiple Choice,"What is Dipper's real name from ""Gravity Falls""?",Mason Pines,Mable Pines,Jason Pines,Mark Pines
2286,Entertainment: Japanese Anime & Manga,Medium,Multiple Choice,"In ""Highschool DxD"", what is the name of the item some humans are born with?",Sacred Gear,Imperial Arm,Hallowed Relic,Blessed Artifact
2287,Entertainment: Music,Medium,Multiple Choice,"In The Bangles' 'Manic Monday', what time is it already?",Six o'clock,Five o'clock,Four o'clock,Seven o'clock
2288,Science: Gadgets,Easy,Multiple Choice,Which buzzword did Apple Inc. use to describe their removal of the headphone jack?,Courage,Innovation,Revolution,Bravery
2289,Celebrities,Medium,Multiple Choice,What year was O.J. Simpson aquitted of his murder charges?,1995,1992,1996,1991
2290,Science: Computers,Easy,Multiple Choice,"In networking, what does OSPF stand for?",Open Shortest Path First,Order State Part First,Order Sense Ping Find,Open Signal Path Finder
2291,Entertainment: Music,Easy,Multiple Choice,"Which band released songs suchs as ""Rio"", ""Girls on Film"", and ""The Reflex""?",Duran Duran,The Cure,New Order,Depeche Mode
2292,Entertainment: Video Games,Easy,Multiple Choice,"In Undertale, MEGALOVANIA is a theme for which character?",Sans,Flowey,Papyrus,Undyne
2293,Entertainment: Cartoon & Animations,Hard,True / False,Snagglepuss was part of the Yogi Yahooies in the 1977 show Scooby's All-Star Laff-a-Lympics.,False,True,,
2294,Geography,Medium,Multiple Choice,Where is the world's oldest still operational space launch facility located?,Kazakhstan,Russia,Iran,United States
2295,Mythology,Easy,Multiple Choice,"What weakpoint of Achilles was expoited by the Trojan prince, Paris?",Heel,Neck,Back,Calf
2296,Entertainment: Television,Hard,Multiple Choice,"Which of the following actors portrayed the Ninth Doctor in the British television show ""Doctor Who""?",Christopher Eccleston,David Tennant,Matt Smith,Tom Baker
2297,Science & Nature,Medium,Multiple Choice,How many hearts does an octopus have?,Three,One,Two,Four
2298,Entertainment: Film,Easy,Multiple Choice,Which movie includes a giant bunny-like spirit who has magic powers including growing trees?,My Neighbor Totoro,Hop,Rise of the Guardians,Alice in Wonderland
2299,Entertainment: Books,Medium,Multiple Choice,Which of the following authors was not born in England? ,Arthur Conan Doyle,Graham Greene,H G Wells,Arthur C Clarke
2300,Entertainment: Music,Medium,Multiple Choice,Which of these artists do NOT originate from France?,The Chemical Brothers,Air,Justice,Daft Punk
2301,Entertainment: Video Games,Medium,Multiple Choice,"In the ""Call Of Duty: Zombies"" map ""Moon"", there is a secondary called the QED. What does QED stand for?",Quantum Entanglement Device,Quad Ectoplasmic Driver,Question Every Dog,Quality Edward Device
2302,Entertainment: Video Games,Medium,Multiple Choice,"Who is the developer of the game ""Rocket League""?",Psyonix,People can fly,Digital Happiness,Roll7
2303,Entertainment: Comics,Medium,Multiple Choice,"In Calvin and Hobbes, what is the name of the principal at Calvin's school?",Mr. Spittle,Mr. Boreman,Mr. Spitling,Mr. Moe
2304,Entertainment: Television,Easy,Multiple Choice,"In the original Star Trek TV series, what was Captain James T. Kirk's middle name?",Tiberius,Trevor,Travis,Tyrone
2305,Entertainment: Video Games,Medium,Multiple Choice,"Which of these operators from ""Tom Clancy's Rainbow Six Siege"" has the ability to damage reinforced walls?","Jordan ""Thermite"" Trace","Eliza ""Ash"" Cohen","Seamus ""Sledge"" Cowden","Dominic ""Bandit"" Brunsmeier"
2306,Entertainment: Film,Medium,Multiple Choice,"In The Lord of the Rings: The Fellowship of the Ring, which one of the following characters from the book was left out of the film?",Tom Bombadil,Strider,Barliman Butterbur,Celeborn
2307,Geography,Hard,Multiple Choice,The Hunua Ranges is located in...,New Zealand,Nepal,China,Mexico
2308,History,Easy,Multiple Choice,Who was the Confederate general in the American Civil War?,Robert E. Lee,George A. Custer,Ulysses S. Grant,George B. McClellan
2309,Celebrities,Medium,Multiple Choice,"Nikki Diamond portrayed which Gladiator in the 1992 TV show ""Gladiators""?",Scorpio,Jet,Nightshade,Falcon
2310,Mythology,Hard,Multiple Choice,"Talos, the mythical giant bronze man, was the protector of which island?",Crete,Sardinia,Sicily,Cyprus
2311,Entertainment: Music,Medium,Multiple Choice,"Which Queen song was covered by Brittany Murphy in the 2006 film ""Happy Feet""?",Somebody to Love,Under Pressure,Flash,Bohemian Rhapsody
2312,History,Easy,Multiple Choice,When did the Byzantine Empire collapse?,1453,1299,1353,1498
2313,Entertainment: Music,Medium,Multiple Choice,"Which of these songs is not on the ""untitled"" album by Led Zeppelin?",Celebration Day,Stairway to Heaven,Black Dog,Rock and Roll
2314,Entertainment: Film,Medium,Multiple Choice,What were the Chilled Monkey Brains made from during Indiana Jones and the Temple of Doom?,Custard and Raspberry Sauce,Strawberry Ice Cream,Cherry Yogurt,Raspberry Sorbet
2315,Mythology,Easy,Multiple Choice,Which of these mythological creatures is said to be half-man and half-horse?,Centaur,Minotaur,Pegasus,Gorgon
2316,Entertainment: Video Games,Medium,Multiple Choice,"In the ""Call Of Duty: Zombies"" map ""Origins"", how many numbered power generators are there?",6,8,5,3
2317,Entertainment: Video Games,Medium,Multiple Choice,"In Yakuza 0, what is the order of the fighting styles acquired as Kazuma Kiryu?","Brawler, Rush, Beast, Legend","Legend, Rush, Brawler, Beast","Brawler, Beast, Rush, Legend","Beast, Brawler, Rush, Legend"
2318,Vehicles,Medium,True / False,"When BMW was established in 1916, it was producing automobiles.",False,True,,
2319,Sports,Medium,Multiple Choice,Which portuguese island is soccer player Cristiano Ronaldo from?,Madeira,Terceira,Santa Maria,Porto Santo
2320,Science & Nature,Hard,Multiple Choice,Which country first successfully farm-hatched and raised bluefin tuna in 1979?,Japan,France,USA,Philippines
2321,Sports,Easy,Multiple Choice,The UEFA Champions League is an annual club football competition featuring clubs from which continent?,Europe,South America,Africa,Asia
2322,Entertainment: Video Games,Medium,Multiple Choice,"Which of these is NOT a playable character race in the video game ""Starbound""?",Fenerox,Floran,Novakid,Hylotl
2323,General Knowledge,Hard,Multiple Choice,Which of these banks are NOT authorized to issue currency notes in Hong Kong?,OCBC,HSBC,Standard Chartered,Bank of China
2324,Science: Computers,Hard,Multiple Choice,Which of these was the name of a bug found in April 2014 in the publicly available OpenSSL cryptography library?,Heartbleed,Shellshock,Corrupted Blood,Shellscript
2325,Science & Nature,Easy,Multiple Choice,Rhinoplasty is a surgical procedure on what part of the human body?,Nose,Ears,Chin,Neck
2326,Entertainment: Television,Medium,True / False,"Klingons once had a period of Democracy in their history, they referred to it as the ""Dark Times"".",True,False,,
2327,General Knowledge,Easy,Multiple Choice,Why is the night sky dark? ,The universe is finite in age and size,Dust clouds absorb light ,Redshift doesn't let us see distant stars ,Quantum mechanics
2328,Science: Computers,Hard,Multiple Choice,The internet domain .fm is the country-code top-level domain for which Pacific Ocean island nation?,Micronesia,Fiji,Tuvalu,Marshall Islands
2329,Entertainment: Film,Medium,Multiple Choice,Which of these movies is NOT considered to be part of the Marvel Cinematic Universe?,Fantastic Four (2015), Spider-Man: Homecoming (2017),The Incredible Hulk (2008),Captain Marvel (2019)
2330,Entertainment: Video Games,Easy,Multiple Choice,Which of the following is not a character in the video game Doki Doki Literature Club?,Nico,Monika,Natsuki,Sayori
2331,Entertainment: Video Games,Hard,Multiple Choice,What major event caused the events of Half-Life 1?,The Resonance Cascade ,The Blue Shift,The Seven Hour War,The Narbacular Drop
2332,Entertainment: Video Games,Easy,Multiple Choice,"As of the year 2026, how many known moons does Jupiter have?",97,11,43,104
2333,Entertainment: Film,Medium,Multiple Choice,What is the birth name of Michael Keaton?,Michael Douglas,Michael Fox,Michael Richards,Michael Kane
2334,History,Medium,Multiple Choice,When did the British hand-over sovereignty of Hong Kong back to China?,1997,1999,1841,1900
2335,General Knowledge,Medium,True / False,"Kraft ""Cheez Whiz"" contains cheese culture, but doesn't actually contain cheese",True,False,,
2336,Politics,Medium,Multiple Choice,Who was the only president to not be in office in Washington D.C?,George Washington,Abraham Lincoln,Richard Nixon,Thomas Jefferson
2337,Entertainment: Japanese Anime & Manga,Easy,Multiple Choice,In the anime Noragami who is one of the main protagonists?,Yukine,Karuha,Mineha,Mayu
2338,Entertainment: Video Games,Easy,Multiple Choice,"What is the name of the main character in ""Life is Strange""?",Maxine Caulfield,Victoria Chase,Stella Hill,Chloe Price
2339,Celebrities,Hard,Multiple Choice,The eccentric natural philosopher Tycho Brahe kept what as a pet?,Moose,Dog,Bear,Goat
2340,Vehicles,Easy,Multiple Choice,"Which car tire manufacturer is famous for its ""P Zero"" line?",Pirelli,Goodyear,Bridgestone,Michelin
2341,Science: Mathematics,Medium,Multiple Choice,Which of the following dice is not a platonic solid?,10-sided die,12-sided die,20-sided die,8-sided die
2342,Entertainment: Music,Hard,Multiple Choice,What was the last Aphex Twin album released before his decade-long hiatus?,Drukqs,Windowlicker,Syro,Collected Ambient Works 85-92
2343,Geography,Hard,Multiple Choice,Which is not a country in Africa?,Guyana,Senegal,Liberia,Somalia
2344,Entertainment: Books,Medium,Multiple Choice,"Who wrote the 1967 horror novel ""Rosemary's Baby""?",Ira Levin,Stephen King,Robert Bloch,Mary Shelley
2345,Entertainment: Music,Easy,Multiple Choice,"What is the stage name of English female rapper Mathangi Arulpragasam, who is known for the song ""Paper Planes""?",M.I.A.,K.I.A.,C.I.A.,A.I.A.
2346,History,Easy,Multiple Choice,Which of the following was Brazil was a former colony under?,Portugal,Spain,The Netherlands,France
2347,Animals,Medium,Multiple Choice,What are the scales on all snakes and most lizards are made of?,Keratin,Ecdysis,Epidermis,Ankyloglossia
2348,General Knowledge,Easy,Multiple Choice,What is the name of the company in Lethal Company?,The Company,Planet Scrap Co.,Lethal Robotics,Gordian Shipping Co.
2349,General Knowledge,Easy,True / False,A scientific study on peanuts in bars found traces of over 100 unique specimens of urine.,False,True,,
2350,Entertainment: Video Games,Medium,Multiple Choice,"In World of Warcraft Lore, four Old Gods created a giant and powerful creature. What was it called? ",The Ancient One,Anomalous,Eater of Souls,The Lich King
2351,Celebrities,Medium,Multiple Choice,How old was Muhammad Ali when he died?,74,61,He's still alive,56
2352,Entertainment: Television,Hard,Multiple Choice,"In ""Star Trek"", what is the Klingon delicacy of ""gagh"" made from?",Serpent worms,Earthworms,Spaghetti noodles,Klingworms
2353,Geography,Medium,Multiple Choice,What is the capital of Brazil?,Brasilia,Rio de Janeiro,Sao Paolo,Curitiba
2354,Entertainment: Music,Hard,Multiple Choice,Which of Michael Jackson's albums sold the most copies?,Thriller,Dangerous,Bad,Off the Wall
2355,Entertainment: Television,Hard,Multiple Choice,What's Dr. Doofenshmirtz first name?,Heinz,Hans,Hank,Heidi
2356,Entertainment: Music,Hard,True / False,"The song ""Mystery Train"" was released by artist ""Little Junior's Blue Flames"" in 1953.",True,False,,
2357,Entertainment: Music,Easy,Multiple Choice,"Which rap group released the album ""Straight Outta Compton""?",N.W.A,Wu-Tang Clan,Run-D.M.C.,Beastie Boys
2358,Geography,Medium,Multiple Choice,"Which country inside the United Kingdom does NOT appear on its flag, the Union Jack?",Wales,Scotland,Ireland,Isle of Wight
2359,Entertainment: Film,Hard,Multiple Choice,"Before ""Jurassic Park III"" was finalized and the Spinosaurus was chosen, which dinosaur was going to be the star?",Baryonyx,Tyrannosaurus Rex,Velociraptor,Suchomimus
2360,Entertainment: Japanese Anime & Manga,Easy,True / False,"The anime ""Lucky Star"" follows the story of one girl who is unaware she is God.",False,True,,
2361,Politics,Hard,Multiple Choice,"In June 2017, Saudi Arabia and Egypt broke off ties with which country over its supposed support for terrorism?",Qatar,Bahrain,United States of America,Russia
2362,Entertainment: Cartoon & Animations,Easy,Multiple Choice,"Which cartoon family lives in 742 Evergreen Terrace, Springfield USA?",The Simpsons,The Hills,The Flintstones,The Griffins
2363,Entertainment: Video Games,Easy,Multiple Choice,Which of these is NOT a map included in the game Counter-Strike: Global Offensive?,Oilrig,Assault,Mirage,Cache
2364,History,Medium,True / False,The Korean War ended in 1953 without any ceasefire.,False,True,,
2365,General Knowledge,Medium,Multiple Choice,When was Nintendo founded?,"September 23rd, 1889","October 19th, 1891","March 4th, 1887","December 27th, 1894"
2366,Entertainment: Video Games,Easy,Multiple Choice,"In the game Battleblock Theater, what was the name of the voice actor who voiced the narrator?",Will Stamper,Steve Blum,Richard Epcar,Yuri Lowenthal
2367,Entertainment: Video Games,Medium,Multiple Choice,"What was the game ""Galaga"" was a sequel to?",Galaxian,Galactica,Space Invaders,Galactic Wars
2368,Entertainment: Video Games,Hard,Multiple Choice,Which of these Pokémon cannot learn Surf?,Arbok,Linoone,Tauros,Nidoking
2369,General Knowledge,Medium,Multiple Choice,"What is the romanized Japanese word for ""university""?",Daigaku,Toshokan,Jimusho,Shokudou
2370,Entertainment: Music,Medium,Multiple Choice,Which British band did Keith Moon play in until his death in 1978?,The Who,The Kinks,The Yardbirds,The Small Faces
2371,Entertainment: Music,Easy,Multiple Choice,"Which famous rapper is featured in Jack Ü (Skrillex and Diplo)'s 2015 single called ""Febreze""?",2 Chainz,Kendrick Lamar,Future,Fatman Scoop
2372,Entertainment: Video Games,Medium,Multiple Choice,"In the ""Ace Attorney"" series, what is the relationship between Apollo Justice and Trucy Wright?",They're half-siblings,They're co-workers,They're friends,They're both attorneys
2373,History,Medium,Multiple Choice,Who was the first President of the People's Republic of China?,Mao Zedong,Liu Shaoqi,Dong Biwu,Li Xiannian
2374,Entertainment: Film,Easy,Multiple Choice,"What was the title of the first Bond movie, released in 1962?",Dr. No,From Russia with Love,Goldfinger,Thunderball
2375,Entertainment: Film,Hard,Multiple Choice,"Which actress portrayed Dr. Grace Augustine in the James Cameron movie ""Avatar""?",Sigourney Weaver,Jessica Chastain,Melissa Beckett,Alyssa Monroe 
2376,History,Hard,Multiple Choice,What micro-state is considered to have the oldest constitution still in effect?,San Marino,Andorra,Monaco,Saint Kitts and Nevis
2377,General Knowledge,Medium,Multiple Choice,"The term ""scientist"" was coined in which year?",1833,1933,1942,1796
2378,Entertainment: Television,Easy,Multiple Choice,"In the show ""Dragonball Z"", what is the name of Cell's most powerful attack?",Solar Kamehameha,Super Kamehameha,Cell Kamehameha,Android Kamehameha
2379,Entertainment: Video Games,Medium,Multiple Choice,Which of these game franchises were made by Namco?,Tekken,Street Fighter,Mortal Kombat,Dragon Quest
2380,Entertainment: Video Games,Hard,Multiple Choice,"Which of these characters was considered, but ultimately not included, for Super Smash Bros. Melee?",James Bond,Diddy Kong,Mega Man,Wave Racer
2381,Science & Nature,Easy,True / False,"Water always boils at 100°C, 212°F, 373.15K, no matter where you are.",False,True,,
2382,Politics,Medium,Multiple Choice,Who is one of the co-princes of Andorra?,The president of France,The monarch of the UK,The Pope,No-one (the position is vacant)
2383,Science & Nature,Hard,Multiple Choice,Where in the human body is the Pineal Gland located?,Brain,Groin,Chest,Throat
2384,Entertainment: Television,Hard,Multiple Choice,What is the Klingon's afterlife called?,Sto-vo-kor,Valhalla,Karon'gahk,New Jersey
2385,Entertainment: Cartoon & Animations,Easy,Multiple Choice,Who is the only voice actor to have a speaking part in all of the Disney Pixar feature films? ,John Ratzenberger,Tom Hanks,Dave Foley,Geoffrey Rush
2386,Vehicles,Medium,True / False,"Mitsubishi Motors has had a 30-year partnership with Jackie Chan, whose movies have prominently featured their vehicles.",True,False,,
2387,Geography,Easy,Multiple Choice,What is the largest country in the world?,Russia,Canada,China,United States
2388,Sports,Easy,Multiple Choice,"""Stadium of Light"" is the home stadium for which soccer team?",Sunderland FC,Barcelona FC,Paris Saints-Germain,Manchester United
2389,Entertainment: Video Games,Easy,True / False,Codemasters is the developer of the Gran Turismo series.,False,True,,
2390,Entertainment: Video Games,Medium,Multiple Choice,"Ellen McLain, the voice of GLaDOS in the Portal game series, is married to the voice actor for which Team Fortress 2 character?",Sniper,Heavy,Soldier,Scout
2391,Science & Nature,Hard,Multiple Choice,What is the most potent toxin known?,Botulinum toxin,Ricin,Cyanide,Asbestos
2392,Entertainment: Music,Medium,Multiple Choice,"Which song made by MAN WITH A MISSION was used as the opening for the anime ""Log Horizon""?","""Database""","""Dead End in Tokyo""","""Raise Your Flag""","""Out of Control"""
2393,Entertainment: Film,Medium,Multiple Choice,"In the film ""John Wick"" why does John Wick get out of retirement?",His puppy is killed and his car was stolen,He was punched in the face,He got mugged,He needed money
2394,Entertainment: Video Games,Easy,Multiple Choice,Who is the creator of Touhou project?,Zun,Jun,Twilight Frontier,Tasofro
2395,Art,Hard,Multiple Choice,What French sculptor designed the Statue of Liberty? ,Frédéric Auguste Bartholdi,Jean-Léon Gérôme,Auguste Rodin,Henri Matisse
2396,Science & Nature,Medium,Multiple Choice,Which Swiss psychologist is synonymous with the concepts of introvert and extrovert personalities?,Carl Jung,Jean Piaget,Alice Miller,Hermann Rorschach
2397,Entertainment: Music,Hard,Multiple Choice,Which lyric is about Red Hot Chili Peppers frontman Anthony Kiedis?,"""A rainy Lithuanian / Is dancing as an Indian""","""Fly away on, my zephyr / I feel it more than ever""","""And I liked the dimple in your chin / Your pale blue eyes""","""You used to be so warm and affectionate...but now you're quick to get into your regret"""
2398,General Knowledge,Hard,Multiple Choice,Nephelococcygia is the practice of doing what?,Finding shapes in clouds,Sleeping with your eyes open,Breaking glass with your voice,Swimming in freezing water
2399,Entertainment: Video Games,Medium,True / False,"In World of Warcraft lore, Thrall is the original wielder of ""Doomhammer"".",False,True,,
2400,Entertainment: Video Games,Hard,Multiple Choice,"In the game ""Sonic the Hedgehog (1991)"" how many chaos emeralds could you collect?",6,8,7,9
2401,Geography,Easy,Multiple Choice,What is the Capital of the United States?,"Washington, D.C.","Los Angelas, CA","New York City, NY","Houston, TX"
2402,History,Easy,Multiple Choice,Which of these countries remained neutral during World War II?,Switzerland,United Kingdom,France,Italy
2403,Geography,Medium,Multiple Choice,The Principality of Sealand is an unrecognized micronation off the coast of what country?,The United Kingdom,Japan,Austrailia,Argentina
2404,Geography,Medium,Multiple Choice,What is the capital of Senegal?,Dakar,Nouakchott,Conakry,Monrovia
2405,Geography,Easy,Multiple Choice,What is the capital of India?,New Delhi,Beijing,Montreal,Tithi
2406,Entertainment: Music,Medium,Multiple Choice,Which country is singer Kyary Pamyu Pamyu from?,Japan,South Korea,China,Vietnam
2407,Entertainment: Music,Medium,Multiple Choice,Who had a 1976 hit with the song 'You Make Me Feel Like Dancing'?,Leo Sayer,Elton John,Billy Joel,Andy Gibb
2408,Animals,Medium,Multiple Choice,"What does ""hippopotamus"" mean and in what langauge?",River Horse (Greek),River Horse (Latin),Fat Pig (Greek),Fat Pig (Latin)
2409,Entertainment: Music,Medium,True / False,"Norwegian producer Kygo released a remix of the song ""Sexual Healing"" by Marvin Gaye.",True,False,,
2410,History,Medium,Multiple Choice,Who was the first emperor of Rome?,Augustus ,Julius Caesar,Pompey Magnus,Claudius
2411,Entertainment: Japanese Anime & Manga,Medium,Multiple Choice,"Krusty is the guild master of which guild in ""Log Horizon""?",D. D. D,Silver Sword,West Wind Brigade,Oceanic Systems (Marine Agency)
2412,Entertainment: Television,Medium,True / False,"Like his character in ""Parks and Recreation"", Aziz Ansari was born in South Carolina.",True,False,,
2413,General Knowledge,Hard,Multiple Choice,"De Eemhof, Port Zelande and Het Heijderbos are holiday villas owned by what company?",Center Parcs,Yelloh Village,Keycamp,Villa Plus
2414,Entertainment: Video Games,Hard,Multiple Choice,"What Touhou Project character's first ever appearance was as a midboss in the eighth game, Imperishable Night?",Tewi Inaba,Mystia Lorelei,Kaguya Houraisan,Rumia
2415,Vehicles,Easy,Multiple Choice,The LS2 engine is how many cubic inches?,364,346,376,402
2416,Entertainment: Television,Medium,True / False,"An episode of ""The Simpsons"" is dedicated to Moe Szyslak's bar rag.",True,False,,
2417,Entertainment: Comics,Medium,Multiple Choice,"Found in the Marvel Comics fictional universe, what is the name of the nearly indestructible metal that coats Wolverine's bones and claws?",Adamantium,Titanium,Vibranium,Carbonadium
2418,Entertainment: Film,Hard,Multiple Choice,"In the 1974 Christmas flick ""The Year Without a Santa Claus,"" what are the names of the two elves who help Mrs. Claus save Christmas?",Jingle & Jangle,Buddy & Bobby,Holly & Jolly,Snowflake & Icicle
2419,History,Medium,Multiple Choice,Which king was killed at the Battle of Bosworth Field in 1485? ,Richard III,Edward V,Henry VII,James I
2420,Entertainment: Video Games,Medium,Multiple Choice,"The cake depicted in Valve's ""Portal"" franchise most closely resembles which real-world type of cake?",Black Forest,Devil's Food,Molten Chocolate,German Chocolate
2421,Science: Computers,Medium,Multiple Choice,What does the term GPU stand for?,Graphics Processing Unit,Gaming Processor Unit,Graphite Producing Unit,Graphical Proprietary Unit
2422,Entertainment: Video Games,Easy,Multiple Choice,What's the Team Fortress 2 Scout's city of origin?,Boston,Sydney,Detroit,New York
2423,Entertainment: Video Games,Hard,Multiple Choice,"What vault in the video game ""Fallout 3"" is the home of multiple clones named Gary?",Vault 108,Vault 101,Vault 87,Vault 21
2424,Science & Nature,Hard,Multiple Choice,How much radiation does a banana emit?,0.1 Microsievert,0.3 Microsievert,0.5 Microsievert,0.7 Microsievert
2425,Art,Easy,Multiple Choice,"Who painted ""Swans Reflecting Elephants"", ""Sleep"", and ""The Persistence of Memory""?",Salvador Dali,Jackson Pollock,Vincent van Gogh,Edgar Degas
2426,Entertainment: Cartoon & Animations,Easy,Multiple Choice,"What is Everest's favorite food in the Nickelodeon/Nick Jr. series ""PAW Patrol""?",Liver,Chicken,Steak,Caribou
2427,Science & Nature,Hard,Multiple Choice,Which constellation contains the center of the Milky Way?,Sagittarius,Scorpius,Ophiuchus,Capricornus
2428,Entertainment: Japanese Anime & Manga,Medium,True / False,"In Full Metal Panic!, Whispered are those who are capable of creating Black Technology.",True,False,,
2429,Entertainment: Music,Medium,Multiple Choice,"Which of these songs is NOT in The Beatles' album ""Sgt. Pepper's Lonely Hearts Club Band""?",Strawberry Fields Forever,Getting Better,Fixing a Hole,Lucy in the Sky with Diamonds
2430,Entertainment: Film,Medium,Multiple Choice,"Which iconic character is featured in movies such as ""The Enforcer"", ""Sudden Impact"", and ""The Dead Pool""?",Dirty Harry,Indiana Jones,James Bond,Harry Potter
2431,History,Medium,True / False,"Sargon II, a king of the Neo-Assyrian Empire, was a direct descendant of Sargon of Akkad.",False,True,,
2432,Science & Nature,Easy,Multiple Choice,What is the standard atomic weight of a Plutonium nucleus?,244,94,481,128
2433,Entertainment: Film,Medium,Multiple Choice,"Which actor plays the role of the main antagonist in the 2011 movie ""Tower Heist?""",Alan Alda,Eddie Murphy,Alec Baldwin,Kevin Nealon
2434,Geography,Medium,Multiple Choice,What city  has the busiest airport in the world?,"Atlanta, Georgia USA","London, England","Chicago,Illinois ISA","Tokyo,Japan"
2435,Entertainment: Video Games,Hard,Multiple Choice,"In the game Call of Duty, what is the last level where you play as an American soldier?",Festung Recogne,Ste. Mere-Eglise (Day),Chateau,Brecourt
2436,Entertainment: Video Games,Easy,True / False,Tetris is the #1 best-selling video game of all-time.,False,True,,
2437,Entertainment: Video Games,Easy,True / False,Minecraft can be played with a virtual reality headset.,True,False,,
2438,Science: Computers,Medium,Multiple Choice,How many bits make up the significand portion of a single precision floating point number?,23,8,53,15
2439,Entertainment: Video Games,Medium,Multiple Choice,"In Left 4 Dead, which campaign has the protagonists going through a subway in order to reach a hospital for evacuation?",No Mercy,Subway Sprint,Hospital Havoc,Blood Harvest
2440,Entertainment: Music,Medium,Multiple Choice,"The song ""Caramelldansen"" is commonly mistaken as a Japanese song, what language is the song actually sung in?",Swedish,Hungarian,Finnish,Chinese
2441,Geography,Medium,Multiple Choice,A lion brandishing a sword is depicted on the national flag of which country?,Sri Lanka,Albania,Zambia,Moldova
2442,Science & Nature,Medium,True / False,"In the periodic table, Potassium's symbol is the letter K.",True,False,,
2443,Entertainment: Books,Easy,True / False,"The Harry Potter series of books, combined, are over 1,000,000 words in length.",True,False,,
2444,Entertainment: Video Games,Medium,Multiple Choice,"In Minecraft, what types of sound files are required for custom SFX to work in resource packs?",.ogg,.wav,.mp3,.class
2445,Entertainment: Video Games,Easy,Multiple Choice,"Which of the following characters from the game ""Overwatch"" was revealed to be homosexual in December of 2016?",Tracer,Widowmaker,Sombra,Symmetra
2446,Animals,Medium,Multiple Choice,What are rhino's horn made of?,Keratin,Bone,Ivory,Skin
2447,Geography,Medium,Multiple Choice,In which English county is the city of Portsmouth?,Hampshire,Oxfordshire,Buckinghamshire,Surrey
2448,Entertainment: Comics,Medium,Multiple Choice,"In the comics, which Sonic character took command of the Dark Legion after Luger's assassination?",Lien-Da,Kragok,Dimitri,Remington
2449,Art,Hard,Multiple Choice,What year was the Mona Lisa finished?,1504,1487,1523,1511
2450,Entertainment: Japanese Anime & Manga,Medium,Multiple Choice,"On what date did the original ""Fruits Basket"" anime air in Japan?","July 5th, 2001","November 1st, 2006","December 27th, 2001","October 11th, 2001"
2451,Entertainment: Video Games,Medium,Multiple Choice,In Yakuza 4 who is the first character you play as?,Shun Akiyama,Taiga Saejima,Kazuma Kiryu,Goro Majima
2452,General Knowledge,Hard,Multiple Choice,Which of these Indian languages is not part of the Indo-European language family?,Tamil,Hindi,Punjabi,Urdu
2453,Entertainment: Music,Medium,Multiple Choice,"Which country does the power metal band ""Sabaton"" originate from?",Sweden,Germany,United States,Finland
2454,Entertainment: Television,Medium,Multiple Choice,Which boxing personality was one of the presenters in the 1999 revival of It's a Knockout?,Frank Bruno,Henry Cooper,Muhammad Ali,Joe Fraiser
2455,Entertainment: Video Games,Hard,Multiple Choice,Which retro video game was released first?,Space Invaders,Galaga,Pac-Man,Asteroids
2456,Entertainment: Music,Medium,Multiple Choice,"The Who's eponymous line, ""Teenage Wasteland"", appears in which of their songs?",Baba O' Riley,The Seeker,Won't Get Fooled Again,Pinball Wizard
2457,Entertainment: Japanese Anime & Manga,Medium,Multiple Choice,"What song plays in the ending credits of the anime ""Ergo Proxy""?",Paranoid Android,Sadistic Summer,Bittersweet Symphony,Mad World
2458,History,Easy,Multiple Choice,In which country was the Statue of Liberty built and exported to the United States of America?,France,Germany,Spain,England
2459,Entertainment: Japanese Anime & Manga,Easy,True / False,"In the ""To Love-Ru"" series, Golden Darkness is sent to kill Lala Deviluke.",False,True,,
2460,Entertainment: Video Games,Easy,Multiple Choice,Which of these video game engines was made by the company Epic Games?,Unreal,Unity,Game Maker: Studio,Cry Engine
2461,Entertainment: Video Games,Easy,Multiple Choice,Who is the main protagonist in the 'Ratchet and Clank' game series?,Ratchet,Clank,Captin Qwark,Dr Nefarious
2462,General Knowledge,Medium,Multiple Choice,In 2013 how much money was lost by Nigerian scams?,$12.7 Billion,$95 Million,$956 Million,$2.7 Billion
2463,Entertainment: Video Games,Hard,Multiple Choice,"In Super Mario RPG: Legend of The Seven Stars, what is Geno's real name?",♡♪!?,Geno,Exor,Smithy
2464,History,Medium,Multiple Choice,The Herero genocide was perpetrated in Africa by which of the following colonial nations?,Germany,Britain,Belgium,France
2465,Science: Computers,Easy,Multiple Choice,"The Electron computer was released in Britain during 1983 for the home computing market, by which company? ",Acorn Computers,Sinclair Research,Amstrad PLC,Commodore Business Machines
2466,History,Easy,True / False,The United States Department of Homeland Security was formed in response to the September 11th attacks.,True,False,,
2467,Science: Mathematics,Hard,Multiple Choice,What is the smallest number that can be expressed as the sum of two positive cubes in two different ways?,1729,91,561,4104
2468,General Knowledge,Medium,Multiple Choice,Which mountain has the highest peak in North America?,"Denali, USA","Mount Saint Elias, US/Canada border","Mount Logan, Canada","Pico de Orizaba, Mexico"
2469,Entertainment: Video Games,Medium,Multiple Choice,"In the video game ""Closers Online: Dimension Conflict"", who is the administrator of team Wildhüter?",Alice Wiseman,Kim Yujung,Wolfgang Schneider,Hong Siyoung
2470,History,Hard,True / False,The man that shot Alexander Hamilton was named Aaron Burr.,True,False,,
2471,Entertainment: Television,Medium,Multiple Choice,"In the comedy series ""Trailer Park Boys"", which of the following characters takes care of stray cats?",Bubbles,Ricky,Julian,Randy
2472,History,Hard,Multiple Choice,What was Napoleon Bonaparte's name before he changed it?,Napoleone di Buonaparte,Naapolion van Bonijpaart,Napoleão do Boaparte,Napoleona de Buenoparte
2473,History,Medium,Multiple Choice,"In 1961, an American B-52 aircraft crashed and nearly detonated two 4mt nuclear bombs over which US city?","Goldsboro, North Carolina","Hicksville, New York","Jacksonville, Florida","Conway, Arkansas"
2474,Geography,Hard,True / False,The flag of Belarus has a red and white embroidery pattern on the hoist side.,True,False,,
2475,Entertainment: Video Games,Easy,Multiple Choice,Which student in Yandere Simulator is known for asking irritating and stupid questions?,Midori Gurin,Kokona Hruka,Oka Ruto,Pipi Osu
2476,Entertainment: Board Games,Hard,Multiple Choice,The Dice Tower network of board game podcasts and videos is run by which individual?,Tom Vasel,Jason LeVine,Borth Sampson,Uncle Pennybags
2477,Science: Computers,Medium,True / False,"The very first recorded computer ""bug"" was a moth found inside a Harvard Mark II computer.",True,False,,
2478,History,Easy,Multiple Choice,Who was the first American in space?,Alan Shephard,Neil Armstrong,John Glenn,Jim Lovell
2479,Entertainment: Japanese Anime & Manga,Medium,Multiple Choice,What colour hair does the main character of the Yu-Gi-Oh! original anime series have?,"Red, black and yellow","Red, yellow and green","Red, black and green","Red, purple and blue"
2480,Entertainment: Music,Hard,Multiple Choice,"Björk's ""Unison"" contains a sample of which Oval song?",Aero Deck,Textuell,Panorama,Do While
2481,Geography,Medium,Multiple Choice,Which of the following countries does NOT recognize Armenia as an independent country?,Pakistan,Iran,Turkey,Azerbaijan
2482,Sports,Medium,Multiple Choice,In what sport does Fanny Chmelar compete for Germany?,Skiing,Swimming,Showjumping,Gymnastics
2483,Entertainment: Television,Easy,Multiple Choice,What Nickelodeon game show featured a house on the set that the contestants would ransack to find hidden objects?,Finders Keepers,Double Dare,Nickelodeon Guts,Nick Arcade
2484,Science: Computers,Hard,Multiple Choice,"What was the first company to use the term ""Golden Master""?",Apple,IBM,Microsoft,Google
2485,Entertainment: Film,Medium,Multiple Choice,"Who directed the movie ""Alien""?",Ridley Scott,Christopher Nolan,Michael Bay,James Cameron
2486,Science: Gadgets,Easy,Multiple Choice,What does GPS stand for?,Global Positioning System,Global Personal System,General Positioning System,General Personal Satellite
2487,Entertainment: Video Games,Medium,Multiple Choice,"What name did ""Mario"", from ""Super Mario Brothers"", originally have?",Ossan,Jumpman,Mr. Video,Mario
2488,History,Hard,Multiple Choice,What was the Canada's first capital?,Kingston,Toronto,Ottawa,Montreal
2489,Entertainment: Film,Easy,Multiple Choice,Which Batman villain is Mark Hamill known for having voiced?,The Joker,Two-Face,Bane,Hush
2490,Entertainment: Video Games,Easy,True / False,"In ""Tony Hawk's Underground"", the main character's friend turned rival is named ""Jeff Sampson""",False,True,,
2491,Sports,Medium,Multiple Choice,How many scoring zones are there on a conventional dart board?,82,62,42,102
2492,Geography,Medium,Multiple Choice,"What is the capital of the State of Washington, United States?",Olympia,Washington D.C.,Seattle,Yukon
2493,Entertainment: Japanese Anime & Manga,Easy,Multiple Choice,What is the name of the corgi in Cowboy Bebop?,Einstein,Edward,Rocket,Joel
2494,Entertainment: Video Games,Hard,Multiple Choice,"What is the 4th boss in the 1997 video game ""Crash Bandicoot 2: Cortex Strikes Back""?",Dr. N. Gin,Dr. Neo Cortex,Komodo Brothers,Tiny Tiger
2495,General Knowledge,Easy,Multiple Choice,Which of these holidays is NOT usually celebrated in the month of December?,Thanksgiving,Christmas,Kwanzaa,Hanukkah
2496,Geography,Hard,Multiple Choice,What is the name of one of the Neo-Aramaic languages spoken by the Jewish population from Northwestern Iraq?,Lishana Deni,Hulaulá,Lishan Didan,Chaldean Neo-Aramaic
2497,Entertainment: Video Games,Medium,Multiple Choice,What is the only Generation III Pokemon whose name begins with the letter I?,Illumise,Infernape,Ivysaur,Igglybuff
2498,Entertainment: Video Games,Hard,Multiple Choice,"In Left 4 Dead, what is the character Bill's last name?",Overbeck,Fish,Roberts,Stevenson
2499,Geography,Easy,Multiple Choice,What is the capital of Romania?,Bucharest,Bratislava,Belgrade,Budapest
2500,Entertainment: Video Games,Easy,Multiple Choice,"Who is the protagonist in the game ""The Walking Dead: Season One""?",Lee Everett,Clementine,Kenny,Rick Grimes
2501,Entertainment: Video Games,Easy,Multiple Choice,"What power does Max Caulfield from ""Life is Strange"" have?",Rewinding Time,Invisibility,Telepathy,Super Strength
2502,Entertainment: Video Games,Easy,Multiple Choice,Which of these Starbound races has a Wild West culture?,Novakid,Avian,Human,Hylotl
2503,General Knowledge,Medium,Multiple Choice,"What was the original name of the search engine ""Google""?",BackRub,CatMassage,SearchPro,Netscape Navigator
2504,Entertainment: Music,Easy,Multiple Choice,Who is the lead singer of the British pop rock band Coldplay?,Chris Martin,Jonny Buckland,Guy Berryman,Will Champion
2505,History,Hard,Multiple Choice,Which is the hull NO. of the Fletcher class destroyer Fletcher?,DD-445,DD-992,DD-444,DD-446
2506,Entertainment: Cartoon & Animations,Medium,Multiple Choice,"Who created ""RWBY""?",Monty Oum,Miles Luna,Kerry Shawcross,Shane Newville
2507,Entertainment: Video Games,Easy,Multiple Choice,"In the video game ""Postal 2"", what is the name of Postal Dude's dog?",Champ,Snoopy,Krotchy,Duke
2508,Entertainment: Cartoon & Animations,Medium,Multiple Choice,Nickelodeon is owned by what parent company?,Viacom,CBS,FOX,ABC
2509,Animals,Easy,Multiple Choice,What do you call a baby bat?,Pup,Cub,Chick,Kid
2510,Mythology,Easy,True / False,"According to Greek Mythology, Atlas was an Olympian God.",False,True,,
2511,Entertainment: Cartoon & Animations,Medium,Multiple Choice,"In ""SpongeBob SquarePants"", what is the name of Sandy Cheek's place of residence?",Sandy's Treedome,"""The Dome""",Sandy's Bubble,Auquatic Reseach Centre
2512,General Knowledge,Easy,Multiple Choice,What do the letters of the fast food chain KFC stand for?,Kentucky Fried Chicken,Kentucky Fresh Cheese,Kibbled Freaky Cow,Kiwi Food Cut
2513,History,Hard,Multiple Choice,When did the French Revolution begin?,1789,1823,1756,1799
2514,Entertainment: Film,Hard,Multiple Choice,"Which 1994 film did Roger Ebert famously despise, saying ""I hated hated hated hated hated this movie"".",North,3 Ninjas Kick Back,The Santa Clause,Richie Rich
2515,General Knowledge,Medium,Multiple Choice,Frank Lloyd Wright was the architect behind what famous building?,The Guggenheim,Villa Savoye,Sydney Opera House,The Space Needle
2516,Geography,Medium,Multiple Choice,What is the largest non-continental island in the world?,Greenland,New Guinea,Borneo,Madagascar
2517,Entertainment: Music,Medium,Multiple Choice,"What animal is featured on the cover of English electronic music group The Prodigy's album, ""The Fat of the Land""?",Crab,Fox,Elephant,Tiger
2518,Entertainment: Video Games,Medium,Multiple Choice,"In Left 4 Dead, what is the name of the virus, as designated by CEDA, that causes most humans to turn into the Infected?",Green Flu,Yellow Fever,T-Virus,Raspberry Sniffles
2519,Entertainment: Video Games,Easy,Multiple Choice,"Who is the main character in ""The Stanley Parable""?",Stanley,The Adventure Line,The Narrator,The Boss
2520,Entertainment: Video Games,Medium,Multiple Choice,What block in Minecraft has the highest blast resistance?,Barrier,Obsidian,Bedrock,Block of Diamond
2521,History,Medium,Multiple Choice,During which American Civil War campaign did Union troops dig a tunnel beneath Confederate troops to detonate explosives underneath them?,Siege of Petersburg,Siege of Vicksburg,Antietam Campaign,Gettysburg Campagin
2522,History,Easy,Multiple Choice,The collapse of the Soviet Union took place in which year?,1991,1992,1891,1990
2523,History,Medium,Multiple Choice,Which Louis was known as 'The Sun King of France'?,Louis XIV,Louis XIII,Louis XV,Louis XVI
2524,Entertainment: Film,Easy,Multiple Choice,"In the Lord of the Rings: The Two Towers, where are the party of orcs taking the hobbits?",Isengard,Rivendell,Mordor,Moria
2525,Entertainment: Video Games,Medium,Multiple Choice,"How many different notes is the tune, ""Song of Healing"", comprised of in ""The Legend of Zelda: Majora's Mask""?",3,4,1,6
2526,History,Medium,Multiple Choice,What were the first states to break away from Yugoslavia?,"Slovenia, Croatia","Macedonia, Montenegro","Slovenia, Macedonia","Montenegro, Slovenia"
2527,General Knowledge,Easy,Multiple Choice,Which language is most widely spoken in Switzerland?,German,French,Italian,Swiss
2528,Science: Computers,Medium,Multiple Choice,What was the first Android version specifically optimized for tablets?,Honeycomb,Eclair,Froyo,Marshmellow
2529,Geography,Hard,Multiple Choice,With which country does France share its largest land border,Brazil,Germany,Spain,Canada
2530,Entertainment: Video Games,Medium,Multiple Choice,"What is the name of the first level in ""Call of Duty: World at War""?",Semper Fi,Ring of Steel,Vendetta,Eviction
2531,Science: Computers,Medium,Multiple Choice,How fast is USB 3.1 Gen 2 theoretically?,10 Gb/s,5 Gb/s,8 Gb/s,1 Gb/s
2532,Entertainment: Comics,Medium,Multiple Choice,Who was the inspiration for Cuthbert Calculus in the Tintin series?,Auguste Picard,Jacques Piccard,Will Morris,J. Cecil Maby
2533,Entertainment: Video Games,Easy,Multiple Choice,"In ""Overwatch"", what is the name of the company that made D.Va's mech?",MEKA,MI8,KPAMC,JSAMB
2534,Entertainment: Cartoon & Animations,Medium,Multiple Choice,What is the standard frame rate for animation?,24 FPS,12 FPS,30 FPS,60 FPS
2535,Entertainment: Video Games,Easy,Multiple Choice,"What game mode was not in the original ""Wii Sports""?",Table Tennis,Boxing,Baseball,Bowling
2536,Entertainment: Film,Medium,Multiple Choice,Which one of these films are shot entirely in one-take?,Russian Ark,Good Will Hunting,Birdman,Schindler's List
2537,General Knowledge,Hard,Multiple Choice,Which of the following languages does NOT use gender as a part of its grammar?,Turkish,German,Danish,Polish
2538,Vehicles,Hard,Multiple Choice,"What kind of train was Stepney, a train on the Bluebell Railway notable for his appearance in ""The Railway Series""?",LB&SCR A1X,LB&SCR E2,LB&SCR J1,LB&SCR D1
2539,Entertainment: Television,Medium,Multiple Choice,Who sang the theme song for the TV show 'Rawhide'?,Frankie Laine,Guy Mitchell, Tennessee Ernie Ford,Slim Whitman
2540,Entertainment: Video Games,Easy,Multiple Choice,"In the ""Hitman"" series, what is the name of the main character?",Agent 47,Agent 27,Agent Smith,Agent 67
2541,Science & Nature,Medium,Multiple Choice,What is the mathematical formula of Ohm's law?,V = I*R,I = V*R,R = V*I,V = I / R
2542,Entertainment: Film,Medium,Multiple Choice,"Who played the Cenobite called ""Pinhead"" in the original Hellraiser films?",Doug Bradley,Doug Jones,Doug Savant,Doug Benson
2543,Entertainment: Video Games,Medium,True / False,A cancelled Call Of Duty title would have taken place in ancient Rome.,True,False,,
2544,Science: Computers,Medium,True / False,The last Windows operating system to be based on the Windows 9x kernel was Windows 98.,False,True,,
2545,General Knowledge,Hard,Multiple Choice,This Ghanaian entrepreneur is a pioneer of microlending.,Esther Afua Ocloo,Farida Bedwei,Ama Ata Aido,Sionne Neely
2546,Geography,Easy,True / False,Argentina's name comes from the latin name for Silver.,True,False,,
2547,History,Easy,True / False,The United States of America was the first country to launch a man into space.,False,True,,
2548,Entertainment: Television,Medium,Multiple Choice,"In the episode of SpongeBob SquarePants, ""Survival of the Idiots"", Spongebob called Patrick which nickname?",Pinhead,Starfish,Larry,Dirty Dan
2549,General Knowledge,Easy,Multiple Choice,What machine element is located in the center of fidget spinners?,Bearings,Axles,Gears,Belts
2550,History,Medium,True / False,The two atomic bombs dropped on Japan by the United States in August 1945 were named 'Little Man' and 'Fat Boy'.,False,True,,
2551,Entertainment: Books,Easy,Multiple Choice,Who was the original author of Frankenstein?,Mary Shelley,Edgar Allan Poe,Bram Stoker,H. P. Lovecraft
2552,Science: Mathematics,Easy,True / False,An isosceles triangle has two sides of equal length as opposed to three.,True,False,,
2553,Sports,Medium,Multiple Choice,Which darts player has won the most World Championship titles?,Phil Taylor,Michael van Gerwen,Raymond van Barneveld,Eric Bristow
2554,Politics,Hard,Multiple Choice,Who is the only US president to serve two non-consecutive terms in office?,Grover Cleveland,James K. Polk,Franklin D. Roosevelt,Thomas Jefferson
2555,Entertainment: Music,Hard,Multiple Choice,"What was the name of the cold-war singer who has a song in Grand Theft Auto IV, and a wall landmark in Moscow for his memorial?",Viktor Tsoi,Jimi Hendrix,Brian Jones,Vladimir Vysotsky
2556,Entertainment: Video Games,Easy,Multiple Choice,"In vanilla Minecraft, which of the following cannot be made into a block?",Charcoal,Coal,Wheat,String
2557,Entertainment: Film,Medium,Multiple Choice,"What was Marilyn Monroe`s character's first name in the film ""Some Like It Hot""?",Sugar,Honey,Caramel,Candy
2558,Entertainment: Video Games,Medium,Multiple Choice,"In which location does Dark Sun Gwyndolin reside in ""Dark Souls""?",Anor Londo,Firelink Shrine,Blighttown,Kiln of the first flame
2559,Entertainment: Video Games,Easy,Multiple Choice,What is the maximum HP in Terraria?,500,400,1000,100
2560,Entertainment: Video Games,Medium,True / False,"In ""Starbound"", the track played by the Decorated Music Box is named ""Atlas"".",True,False,,
2561,Entertainment: Video Games,Easy,Multiple Choice,"What year was the game ""Overwatch"" revealed?",2014,2015,2011,2008
2562,Entertainment: Video Games,Medium,Multiple Choice,"In ""FTL: Faster Than Light"", how many races are there, including the Lanius?",8,9,7,10
2563,Entertainment: Video Games,Medium,Multiple Choice,Which of these is NOT a faction included in the game Counter-Strike: Global Offensive?,BOPE,GSG-9,Elite Crew,Phoenix Connexion
2564,Animals,Medium,True / False,The echidna is a monotreme.,True,False,,
2565,Science: Gadgets,Easy,Multiple Choice,"The term ""battery"" to describe an electrical storage device was coined by?",Benjamin Franklin,Nikola Tesla,Luigi Galvani, Alessandro Volta
2566,General Knowledge,Hard,Multiple Choice,"When was ""YouTube"" founded?","February 14, 2005","May 22, 2004","September 12, 2005","July 19, 2009"
2567,Entertainment: Music,Medium,Multiple Choice,What is the real name of Canadian electronic music producer deadmau5?,Joel Zimmerman,Sonny Moore,Adam Richard Wiles,Thomas Wesley Pentz
2568,Entertainment: Japanese Anime & Manga,Easy,Multiple Choice,What is the name of JoJo's Bizarre Adventure Part 5?,Vento Aureo,Vento Oreo,Vanto Aureo,Vento Eureo
2569,Art,Easy,Multiple Choice,Who painted the Sistine Chapel?,Michelangelo,Leonardo da Vinci,Pablo Picasso,Raphael
2570,Sports,Medium,Multiple Choice,What national team won the 2016 edition of UEFA European Championship?,Portugal,France,Germany,England
2571,Entertainment: Comics,Easy,Multiple Choice,When was Marvel Comics founded?,1939,1932,1951,1936
2572,Entertainment: Music,Medium,Multiple Choice,"""The Day the Music Died"" was a tragic plane crash that killed three musicians in which decade?",50's,60's,70's,40's
2573,General Knowledge,Easy,Multiple Choice,"Who invented the first ever chocolate bar, in 1847?",Joseph Fry,Andrew Johnson,John Cadbury,John Tyler
2574,Animals,Hard,Multiple Choice,What is the collective noun for vultures?,Wake,Ambush,Building,Gaze
2575,General Knowledge,Easy,Multiple Choice,What do the letters in the GMT time zone stand for?,Greenwich Mean Time,Global Meridian Time,General Median Time,Glasgow Man Time
2576,Politics,Easy,True / False,Denmark has a monarch.,True,False,,
2577,Mythology,Medium,Multiple Choice,Which of these Roman gods doesn't have a counterpart in Greek mythology?,Janus,Vulcan,Juno,Mars
2578,Sports,Easy,True / False,"In association football, or soccer, a corner kick is when the game restarts after someone scores a goal.",False,True,,
2579,Entertainment: Video Games,Medium,Multiple Choice,"In the game ""Subnautica"", which feature was removed due to performance issues in 2016?",Terraforming,Building,Crafting,Multiplayer
2580,Entertainment: Video Games,Easy,Multiple Choice,Which one of these characters is NOT a playable fighter in Super Smash Bros. Ultimate?,Kumatora,King K. Rool,Incineroar,Corrin
2581,History,Easy,True / False,Thomas Crapper was a plumber who invented the flushing toilet.,False,True,,
2582,Entertainment: Video Games,Hard,Multiple Choice,Which game was exclusive to Dreamcast?,Pen Pen TriIcelon,Sylvester & Tweety in Cagey Capers,Perfect Dark,Tetrisphere
2583,Entertainment: Comics,Medium,Multiple Choice,"In Calvin and Hobbes, what is the name of the babysitter's boyfriend?",Charlie,Dave,Charles,Nathaniel
2584,Geography,Hard,Multiple Choice,Which country is completely landlocked by South Africa?,Lesotho,Swaziland,Botswana,Zimbabwe
2585,Geography,Medium,Multiple Choice,How many countries does Spain have a land border with?,5,2,3,4
2586,Vehicles,Medium,Multiple Choice,What was the first vehicle that came with air conditioning as a factory standard?,Packard,Tucker,Ford,Hudson
2587,Entertainment: Film,Medium,Multiple Choice,"What is the name of the first ""Star Wars"" film by release order?",A New Hope,The Phantom Menace,The Force Awakens,Revenge of the Sith
2588,Entertainment: Video Games,Medium,Multiple Choice,"In ""Call Of Duty: Zombies"", completing which map's main easter egg will reward you with the achievement, ""Little Lost Girl""?",Origins,Revelations,Moon,Tranzit
2589,Entertainment: Video Games,Easy,Multiple Choice,"In Splatoon 2, who are the members of Off The Hook?",Pearl & Marina,Callie & Marie,Diamond & Aquamarina,DJ Octavio & Crusty Sean
2590,Vehicles,Medium,Multiple Choice,What nickname was given to Air Canada Flight 143 after it ran out of fuel and glided to safety in 1983?,Gimli Glider,Gimli Microlight,Gimli Chaser,Gimli Superb
2591,Art,Medium,Multiple Choice,Who designed the Chupa Chups logo?,Salvador Dali,Pablo Picasso,Andy Warhol,Vincent van Gogh
2592,Entertainment: Music,Medium,Multiple Choice,What is the opening track on Lorde's Pure Heroine?,Tennis Court,Team,Royals,400 Lux
2593,Science & Nature,Medium,Multiple Choice,What is the atomic number of the element Strontium?,38,73,47,11
2594,Science & Nature,Hard,Multiple Choice,Which of the following is NOT a word used to describe an earthquake?,Drop-slide,Foreshock,Strike-slip,Temblor
2595,Entertainment: Video Games,Medium,Multiple Choice,"The original mascot of the popular Nintendo game, ""Splatoon"" was going to be...",Mario,Inklings,Octolings,Zelda
2596,Science: Computers,Hard,Multiple Choice,What is the name given to layer 4 of the Open Systems Interconnection (ISO) model?,Transport,Session,Data link,Network
2597,Celebrities,Easy,Multiple Choice,What was the cause of Marilyn Monroes suicide?,Drug Overdose,Knife Attack,House Fire,Gunshot
2598,Entertainment: Japanese Anime & Manga,Medium,Multiple Choice,"In ""To Love-Ru"", who is the first to hear of Yami's past from her?",Rito,Mikan,Lala,Haruna
2599,Entertainment: Video Games,Medium,Multiple Choice,"In the original DOOM games, which of the following demons is a recolor of the Baron of Hell, but is weaker than the Baron?",Hell Knight,Mancubus,Pinky,Arch-Vile
2600,Science: Computers,Hard,Multiple Choice,Dutch computer scientist Mark Overmars is known for creating which game development engine?,Game Maker,Stencyl,Construct,Torque 2D
2601,Entertainment: Video Games,Easy,Multiple Choice,Which of the following Elite Four members from the 6th Generation of Pokémon was a member of Team Flare?,Malva,Siebold,Wikstrom,Drasna
2602,Entertainment: Video Games,Hard,Multiple Choice,"""Banjo-Kazooie"" originally started its development as a totally different game for the SNES under which codename?",Project Dream,Project Ukulele,Project Land,Project BK
2603,Entertainment: Video Games,Medium,Multiple Choice,"Which of these characters does not appear in ""Nier: Automata""?",A1,A2,9S,2B
2604,Sports,Medium,True / False,Formula E is an auto racing series that uses hybrid electric race cars.,False,True,,
2605,Geography,Medium,True / False,Seoul is the capital of North Korea.,False,True,,
2606,Science & Nature,Medium,Multiple Choice,Which of the following men does not have a chemical element named after him?,Sir Isaac Newton,Albert Einstein,Niels Bohr,Enrico Fermi
2607,Entertainment: Video Games,Medium,Multiple Choice,"What name does the little headcrab in ""Half Life 2"" have?",Lamarr,Jumperr,Drett,Jerry
2608,Entertainment: Video Games,Medium,Multiple Choice,"The rights to the ""Rayman"" series are owned by which company?",Ubisoft,Nintendo,EA,Sony
2609,General Knowledge,Easy,Multiple Choice,What company developed the vocaloid Hatsune Miku?,Crypton Future Media,Sega,Sony,Yamaha Corporation
2610,History,Medium,Multiple Choice,The seed drill was invented by which British inventor?,Jethro Tull,Charles Babbage,Isaac Newton,J.J Thomson
2611,Animals,Medium,Multiple Choice,What is the fastest animal?,Peregrine Falcon,Golden Eagle,Cheetah,Horsefly
2612,Animals,Easy,True / False,The Axolotl is an amphibian that can spend its whole life in a larval state.,True,False,,
2613,Entertainment: Music,Medium,Multiple Choice,"What year was Weezer's album ""Pinkerton"" released? ",1996,1990,2001,1994
2614,Animals,Medium,True / False,The average lifespan of a wildcat is only around 5-6 years. ,False,True,,
2615,Entertainment: Video Games,Medium,Multiple Choice,"In WarioWare: Smooth Moves, which one of these is NOT a Form?",The Hotshot,The Discard,The Elephant,The Mohawk
2616,History,Easy,Multiple Choice,"In 1453, which important city fell?",Constantinople,Rome,Hamburg,Athens
2617,Science: Gadgets,Hard,Multiple Choice,Which of the following is used to measure blood pressure?,Sphygmomanometer,Barometer,Ruler,Haemoerythrometer
2618,Geography,Medium,Multiple Choice,Which of these countries is the smallest by population?,Norway,Slovakia,Finland,Hong Kong
2619,History,Hard,True / False,Joseph Stalin's real name was Ioseb Bessarionis dze Dzugashvili.,True,False,,
2620,Entertainment: Film,Easy,Multiple Choice,Who wrote and directed the 1986 film 'Platoon'?,Oliver Stone,Francis Ford Coppola,Stanley Kubrick,Michael Cimino
2621,Science: Computers,Medium,Multiple Choice,On which computer hardware device is the BIOS chip located?,Motherboard,Hard Disk Drive,Central Processing Unit,Graphics Processing Unit
2622,Entertainment: Video Games,Medium,Multiple Choice,"In the video game series ""Disgaea"", what word does the character Prinny have to include in all sentences they speak?","""Dood""","""Master""","""Plip""","""Boom"""
2623,Entertainment: Video Games,Easy,Multiple Choice,Who is the protagonist in Dead Rising (2006)?,Frank West,Chuck Greene,John North,Jason Grey
2624,Entertainment: Music,Medium,Multiple Choice,Which of these songs from American Idiot: The Musical was a previously unreleased Green Day song?,When It's Time,Are We The Waiting,Before The Lobotomy,Favorite Son
2625,Geography,Easy,Multiple Choice,Which of the following Japanese islands is the biggest?,Honshu,Hokkaido,Shikoku,Kyushu
2626,Entertainment: Books,Medium,Multiple Choice,"J.K. Rowling completed ""Harry Potter and the Deathly Hallows"" in which hotel in Edinburgh, Scotland?",The Balmoral,The Dunstane Hotel,Hotel Novotel,Sheraton Grand Hotel & Spa
2627,Science: Computers,Easy,True / False,The first IBM PC was released in 1981.,True,False,,
2628,History,Medium,True / False,The Panama Canal was opened to traffic within 30 days of the beginning of World War I.,True,False,,
2629,Science: Mathematics,Easy,Multiple Choice,What is the correct order of operations for solving equations?,"Parentheses, Exponents, Multiplication, Division, Addition, Subtraction","Addition, Multiplication, Division, Subtraction, Addition, Parentheses","Parentheses, Exponents, Addition, Substraction, Multiplication, Division",The order in which the operations are written.
2630,Entertainment: Japanese Anime & Manga,Easy,True / False,"In Miss Kobayashi's Dragon Maid, Tohru is a member of the harmony faction.",False,True,,
2631,General Knowledge,Medium,Multiple Choice,Earl Grey tea is black tea flavoured with what?,Bergamot oil,Lavender,Vanilla,Honey
2632,Entertainment: Music,Medium,Multiple Choice,"The 1952 musical composition 4'33"", composed by prolific American composer John Cage, is mainly comprised of what sound?",Silence,Farts,People talking,Cricket chirps
2633,Geography,Easy,Multiple Choice,Which country does Austria not border?,France,Slovenia,Switzerland,Slovakia
2634,Entertainment: Board Games,Medium,Multiple Choice,"In Yu-Gi-Oh, how does a player perform an Xyz Summon?",Overlay at least 2 Monsters of the Same Level,Activate a Spell and Send Monsters to the Graveyard,Add the Monsters' Levels Together to Match the Xyz Monster,Banish A Number of Monsters From Your Hand And Deck
2635,History,Easy,Multiple Choice,Which one of these was not a beach landing site in the Invasion of Normandy?,Silver,Gold,Juno,Sword
2636,Entertainment: Music,Easy,Multiple Choice,"Who performed ""I Took A Pill In Ibiza""?",Mike Posner,Avicii,Robbie Williams,Harry Styles
2637,History,Medium,Multiple Choice,Under which name was Rodrigo Borgia made Pope?,Alexander VI,Rodrigo I,John Paul II,Pius VII
2638,General Knowledge,Medium,Multiple Choice,What fast food chain has the most locations globally? ,Subway,Starbucks,McDonalds,KFC
2639,Science & Nature,Hard,Multiple Choice,What nucleotide pairs with guanine?,Cytosine,Thymine,Adenine,Uracil
2640,Entertainment: Film,Medium,Multiple Choice,"Who directed the 1973 film ""American Graffiti""?",George Lucas,Ron Howard,Francis Ford Coppola,Steven Spielberg
2641,Entertainment: Video Games,Easy,Multiple Choice,Which company did Gabe Newell work at before founding Valve Corporation?,Microsoft,Apple,Google,Yahoo
2642,Entertainment: Video Games,Medium,Multiple Choice,"In ""Overwatch"", what is the name of Mercy's ""ultimate ability""?",Valkyrie,Earthshatter,Rocket Barrage,Molten Core
2643,Geography,Medium,Multiple Choice,"Which country has the abbreviation ""CH""?",Switzerland,China,Canada,No Country
2644,Entertainment: Video Games,Hard,Multiple Choice,"In Counter Strike: Global Offensive, what is the code implanted onto the C4 as the Terrorists plant the bomb?",7355608,7890728,7256380,7726354
2645,Entertainment: Video Games,Hard,Multiple Choice,The voice actor for which Portal 2 character was not a TV or film actor prior to the game?,GLaDOS,Cave Johnson,Wheatley,Atlas / P-Body
2646,Entertainment: Cartoon & Animations,Easy,Multiple Choice,"Who created the Cartoon Network series ""Adventure Time""?",Pendleton Ward,J. G. Quintel,Ben Bocquelet,Rebecca Sugar
2647,Science: Computers,Medium,True / False,The first computer bug was formed by faulty wires.,False,True,,
2648,Entertainment: Television,Hard,Multiple Choice,Which of these Nickelodeon game shows aired first?,Double Dare,Nick Arcade,Finders Keepers,Nickelodeon Guts
2649,General Knowledge,Medium,Multiple Choice,What is the official language in Barcelona beside Spanish?,Catalan, Galician,French,Basque
2650,Entertainment: Video Games,Medium,Multiple Choice,"Who is the creator of the free, open-source rhythm game 'osu!'?",Dean 'Peppy' Herbert,Daisuke 'Pixel' Amaya,Eric 'ConcernedApe' Barone,Toby 'FwugRadiation' Fox
2651,Entertainment: Musicals & Theatres,Medium,Multiple Choice,Who played Marquis de Lafayette and Thomas Jefferson in the original Broadway run of Hamilton?,Daveed Diggs,Lin-Manuel Miranda,Javier Muñoz,Wayne Brady
2652,Entertainment: Music,Medium,Multiple Choice,Which of these bands are NOT from Australia?,The Naked and Famous,Cut Copy,Empire of the Sun,Tame Impala
2653,Geography,Easy,Multiple Choice,What is the capital of Jamaica?,Kingston,San Juan,Port-au-Prince,Bridgetown
2654,Animals,Medium,Multiple Choice,Which of these species is not extinct?,Komodo dragon,Japanese sea lion,Tasmanian tiger,Saudi gazelle
2655,Entertainment: Video Games,Medium,Multiple Choice,"What former MOBA, created by Waystone Games and published by EA, was shut down in 2014?",Dawngate,Strife,League of Legends,Heroes of Newerth
2656,Entertainment: Japanese Anime & Manga,Easy,Multiple Choice,"In ""To Love-Ru"", Ren and Run are from what planet?",Memorze,Deviluke,Mistletoe,Okiwana
2657,General Knowledge,Hard,Multiple Choice,Sciophobia is the fear of what?,Shadows,Eating,Bright lights,Transportation
2658,Entertainment: Video Games,Medium,Multiple Choice,"Which pop singer was brought in by SEGA to produce the music for ""Sonic the Hedgehog 3""?",Michael Jackson ,Prince,George Michael,Vanilla Ice 
2659,Science & Nature,Easy,Multiple Choice,What is the official name of the star located closest to the North Celestial Pole?,Polaris,Eridanus,Gamma Cephei,Iota Cephei
2660,Entertainment: Video Games,Hard,Multiple Choice,"Which of these is NOT a possible drink to be made in the game ""VA-11 HALL-A: Cyberpunk Bartender Action""?",Sour Appletini,Fringe Weaver,Piano Man,Bad Touch
2661,Entertainment: Video Games,Medium,Multiple Choice,"Which of the following colors does the Zombie eyes glow in the ""Nuketown"" map in ""Call of Duty: Black Ops II"" Zombies mode?",Yellow and Blue,Yellow and Red,Red and Blue,Blue and White
2662,Entertainment: Video Games,Medium,Multiple Choice,Which football player is featured on the international cover version of the video game FIFA 16?,Lionel Messi,Cristiano Ronaldo,Wayne Rooney,David Beckham
2663,Geography,Medium,Multiple Choice,Which stretch of water connects the Atlantic Ocean to the Mediterranean Sea?,Strait of Gibraltar,Gibraltar Way,Spanish Straits,Channelle de Tangiers
2664,Vehicles,Medium,Multiple Choice,Complete the following analogy: Audi is to Volkswagen as Infiniti is to ?,Nissan,Honda,Hyundai,Subaru
2665,Entertainment: Television,Easy,Multiple Choice,"In Game of Thrones, what continent lies across the Narrow Sea from Westeros?",Essos,Easteros,Westereast,Esuntos
2666,Entertainment: Film,Medium,Multiple Choice,Which former Star Trek actor directed Three Men and a Baby (1987)?,Leonard Nimoy,William Shatner,George Takei,James Doohan
2667,History,Medium,Multiple Choice,What is the mnemonic device for remembering the fates of the wives of Henry VIII?,"Divorced, Beheaded, Died, Divorced, Beheaded, Survived","Beheaded, Died, Divorced, Divorced, Beheaded, Survived","Died, Beheaded, Divorced, Beheaded, Survived, Divorced","Survived, Beheaded, Died, Divorced, Divorced, Beheaded"
2668,Entertainment: Music,Hard,Multiple Choice,What is the official name of Prince's backing band?,The Revolution,The Paupers,The Wailers,The Heartbreakers
2669,Entertainment: Books,Medium,Multiple Choice,"In ""The Lord of the Rings,"" who is the owner of Asfaloth, the horse which brings Frodo to Rivendell?",Glorfindel,Arwen,Aragorn,Haldir
2670,Animals,Easy,True / False,Zebras are white with black stripes.,False,True,,
2671,General Knowledge,Medium,Multiple Choice,What is the star sign of someone born on Valentines day?,Aquarius,Pisces,Capricorn,Scorpio
2672,Science & Nature,Medium,Multiple Choice,What is the atomic number of Uranium ,92,235,17,167
2673,Entertainment: Video Games,Easy,True / False,"In ""Super Mario Bros."", the clouds and bushes have the same artwork and are just different colors.",True,False,,
2674,Geography,Easy,Multiple Choice,What is the capital of Bangladesh?,Dhaka,Khulna,London,Lahore
2675,History,Easy,True / False,"The United States of America declared their independence from the British Empire on July 4th, 1776.",True,False,,
2676,Science & Nature,Easy,Multiple Choice,Which of the following blood vessels carries deoxygenated blood?,Pulmonary Artery,Pulmonary Vein,Aorta,Coronary Artery
2677,Entertainment: Music,Medium,Multiple Choice,What was Raekwon the Chefs debut solo album?,Only Built 4 Cuban Linx,Shaolin vs Wu-Tang,The Wild,The Lex Diamond Story
2678,Entertainment: Video Games,Hard,Multiple Choice,Which one of the following titles by Valve is not based on a Community Mod?,Ricochet,Day of Defeat,Counter-Strike,Alien Swarm
2679,Entertainment: Television,Medium,Multiple Choice,"In ""The Simpsons"", what is the real name of ""Comic Book Guy""?",Jeff Albertson,Comic Book Guy,Edward Stone,Jack Richardson
2680,History,Easy,Multiple Choice,In what year did the nuclear power plant in Chernobyl melt down?,1986,1991,1975,1998
2681,Entertainment: Film,Medium,Multiple Choice,"In the 1984 movie ""The Terminator"", what model number is the Terminator portrayed by Arnold Schwarzenegger?",T-800,I-950,T-888,T-1000
2682,Mythology,Medium,Multiple Choice,What is the name of the Greek god of blacksmiths?,Hephaestus,Dyntos,Vulcan,Artagatus
2683,Entertainment: Music,Medium,Multiple Choice,Who is the lead singer of the Smashing Pumpkins?,Billy Corgan,Brett Scallions,Eddie Vedder,Chino Moreno
2684,Entertainment: Video Games,Easy,Multiple Choice,Which Animal Crossing game was for the Nintendo Wii?,Animal Crossing: City Folk,Animal Crossing: New Leaf,Animal Crossing: Wild World,Animal Crossing: Population Growing!
2685,Entertainment: Video Games,Medium,Multiple Choice,"In the world strategy game 'Sid Meier's Civilization', a programming bug caused the AI depiction of Gandhi to do which of the following?",Become aggressive and launch nuclear strikes,Begin speaking in German ,Become friendly and trade his entire wealth,Launch attacks on his own cities and assets
2686,Entertainment: Books,Hard,Multiple Choice,"In the Harry Potter universe, who does Draco Malfoy end up marrying?",Astoria Greengrass,Pansy Parkinson,Millicent Bulstrode,Hermione Granger
2687,Celebrities,Medium,Multiple Choice,Which famous New York Yankees outfielder did Marilyn Monroe marry?,Joe DiMaggio,Tino Martinez,Babe Ruth,Mason Williams
2688,Science & Nature,Medium,Multiple Choice,What part of the brain takes its name from the Greek for seahorse?,Hippocampus,Cerebellum,Thalamus,Amygdala
2689,History,Hard,True / False,The USS Missouri (BB-63) last served in the Korean War.,False,True,,
2690,Entertainment: Cartoon & Animations,Medium,Multiple Choice,"The character White Diamond from Steven Universe, is voiced by who?",Christine Ebersole,Ellen McLain,Aly Michalka,Rihanna
2691,Entertainment: Video Games,Easy,Multiple Choice,"Before it's redesign of the company logo in the year 2000, which 3D shape is NOT represented in the Electronic Arts logo?",Cylinder,Pyramid,Cube,Sphere
2692,Entertainment: Video Games,Medium,Multiple Choice,Which unlockable character in Super Smash Bros. For Wii U and 3DS does not have to be fought to be unlocked?,Mii Fighters,Ness,R.O.B.,Mewtwo
2693,Entertainment: Film,Medium,Multiple Choice,"What is the name of the dog that played Toto in the 1939 film ""The Wizard of Oz""?",Terry,Tommy,Teddy,Toto
2694,Sports,Hard,Multiple Choice,Which of these Russian cities did NOT contain a stadium that was used in the 2018 FIFA World Cup?,Vladivostok,Rostov-on-Don,Yekaterinburg,Kaliningrad
2695,Science & Nature,Medium,Multiple Choice,What is the scientific term for 'taste'?,Gustatory Perception,Olfaction,Somatosensation,Auditory Perception
2696,Science & Nature,Medium,True / False,The French scientists Louis Pasteur and Émile Roux developed the first rabies vaccination in 1885.,True,False,,
2697,Entertainment: Music,Easy,Multiple Choice,"Which Disney character sings the song ""A Dream is a Wish Your Heart Makes""?",Cinderella,Belle,Snow White,Pocahontas
2698,Entertainment: Video Games,Hard,Multiple Choice,"In the ""Halo"" series, what is the name of the race of aliens humans refer to as ""Grunts""?",Unggoy,Huragok,Sangheili,Yanme'e
2699,Entertainment: Music,Hard,Multiple Choice,Who was the original drummer for The Beatles?,Tommy Moore,Ringo Starr,Stuart Sutcliffe,Pete Best
2700,Entertainment: Film,Medium,Multiple Choice,Which 1958 movie starred Kirk Douglas and Tony Curtis as half-brothers Einar and Eric?,The Vikings ,The Long Ships,Prince Valiant,Spartacus
2701,Science: Mathematics,Medium,True / False,Aleph-nought is the cardinality of the set of all natural numbers.,True,False,,
2702,Entertainment: Film,Easy,Multiple Choice,What is the oldest Disney film?,Snow White and the Seven Dwarfs,Pinocchio,Dumbo,Fantasia
2703,Entertainment: Music,Easy,Multiple Choice,Kanye West at 2009 VMA's interrupted which celebrity?,Taylor Swift,MF DOOM,Beyonce,Beck
2704,General Knowledge,Medium,Multiple Choice,"Out of these four buildings, which one is the tallest, with a height of 2,717 ft (828 m)?","Burj Khalifa, United Arab Emirates","Shanghai Tower, China","Lotte World Tower, South Korea","Ping An Finance Centre, China"
2705,History,Medium,Multiple Choice,Joseph Stalin had a criminal past doing what?,Robbing Trains,Murder for Hire,Tax Evasion,Identity Fraud
2706,Science & Nature,Hard,Multiple Choice,Autosomal-dominant Compelling Helio-Ophthalmic Outburst syndrome is the need to do what when seeing the Sun?,Sneeze,Cough,Yawn,Hiccup
2707,Entertainment: Television,Easy,Multiple Choice,"In which British seaside town was the BBC sitcom ""Fawlty Towers"" set?",Torquay,Blackpool,Bournemouth,Great Yarmouth
2708,General Knowledge,Medium,True / False,The British organisation CAMRA stands for The Campaign for Real Ale.,True,False,,
2709,Science: Mathematics,Easy,True / False,"A universal set, or a set that contains all sets, exists.",False,True,,
2710,Science: Computers,Medium,True / False,The 'Raspberry Pi' series of single-board computers were created in the United States.,False,True,,
2711,General Knowledge,Easy,Multiple Choice,What kind of aircraft was developed by Igor Sikorsky in the United States in 1942?,Helicopter,Stealth Blimp,Jet,Space Capsule
2712,Vehicles,Easy,Multiple Choice,What is the name of Nissan's most popular electric car?,Leaf,Tree,Deer,Roots
2713,Entertainment: Music,Medium,Multiple Choice,What is Fergie's debut album called?,The Dutchess,Fergalicious ,The Sweet Escape,Loose
2714,Politics,Hard,Multiple Choice,Which US state was the first to allow women to vote in 1869?,Wyoming,California,Delaware,Virginia
2715,Entertainment: Books,Medium,Multiple Choice,"What was the pen name of novelist, Mary Ann Evans?",George Eliot,George Orwell,George Bernard Shaw,George Saunders
2716,Entertainment: Music,Medium,Multiple Choice,In what year did US band Weezer release Weezer (The White Album)?,2016,2001,2008,2019
2717,Geography,Hard,True / False,"Switzerland has four national languages, English being one of them.",False,True,,
2718,Geography,Easy,Multiple Choice,What colour is the circle on the Japanese flag?,Red,White,Yellow,Black
2719,Geography,Hard,Multiple Choice,Which river was dammed to create Gatun Lake and the Panama Canal?,Chagres River,Tuira River,Chucunaque River,Chepo River 
2720,Entertainment: Television,Easy,Multiple Choice,"The HBO series ""Game of Thrones"" is based on which series of books?",A Song of Ice and Fire,The Wheel of Time,Harry Potter,The Notebook
2721,Science: Mathematics,Easy,True / False,A scalene triangle has two sides of equal length.,False,True,,
2722,Entertainment: Video Games,Medium,Multiple Choice,"Which of these is not a character in the game, ""Lethal League""?",Rex,Switch,Candyman,Sonata
2723,Entertainment: Television,Medium,Multiple Choice,"In the Doctor Who universe, how many times can a time lord normally regenerate?",12,11,13,15
2724,Entertainment: Video Games,Medium,True / False,Tony Hawk's Pro Skater was released in 1999.,True,False,,
2725,Entertainment: Music,Medium,True / False,"""Rumble"" by Link Wray is the only instrumental song to ever have been banned from US radio.",True,False,,
2726,General Knowledge,Hard,Multiple Choice,How long did it take the motorized window washers of the original World Trade Center to clean the entire exterior of the building?,1 Month,3 Weeks,1 Week,2 Months
2727,Entertainment: Books,Easy,Multiple Choice,"Who is the author of the ""A Song of Ice and Fire"" book series, starting with ""A Game of Thrones""?",George R. R. Martin,Brandon Sanderson,J. R. R. Tolkien,Steven Erikson
2728,Science: Computers,Medium,Multiple Choice,Which of these is the name for the failed key escrow device introduced by the National Security Agency in 1993?,Clipper Chip,Enigma Machine,Skipjack,Nautilus
2729,Science & Nature,Medium,Multiple Choice,"Which color cannot be produced in Roses, even through genetic alteration?",Blue,Black,Orange,Brown
2730,Geography,Hard,Multiple Choice,The Maluku islands (informally known as the Spice Islands) belong to which country?,Indonesia,Chile,New Zealand,Fiji
2731,Sports,Easy,Multiple Choice,"This Canadian television sportscaster is known for his ""Hockey Night in Canada"" role, a commentary show during hockey games.",Don Cherry,Don McKellar,Don Taylor ,Donald Sutherland
2732,Sports,Medium,Multiple Choice,Who is Manchester United's top premier league goal scorer?,Wayne Rooney,Sir Bobby Charlton,Ryan Giggs,David Beckham
2733,Entertainment: Music,Medium,Multiple Choice,"Which of these Queen songs were sampled for the baseline in Vanilla ""Ice's Ice Ice Baby?""",Under Pressure,Don't Stop Me Now,Brighton Rock,Lazing On A Sunday Afternoon
2734,Entertainment: Video Games,Easy,Multiple Choice,"In ""Undertale"", how many main endings are there?",3,2,5,13
2735,Entertainment: Video Games,Easy,Multiple Choice,"In the video game Team Fortress 2, which of these is NOT a primary?",Medigun,Scattergun,Grenade Launcher,Rocket Launcher
2736,Science: Computers,Hard,Multiple Choice,What is the codename of the eighth generation Intel Core micro-architecture launched in October 2017?,Coffee Lake,Sandy Bridge,Skylake,Broadwell
2737,Science: Computers,Medium,Multiple Choice,Approximately how many Apple I personal computers were created?,200,100,500,1000
2738,Entertainment: Video Games,Medium,True / False,Minecraft wasn’t the original name to Minecraft.,True,False,,
2739,Entertainment: Cartoon & Animations,Medium,Multiple Choice,Which Sanrio character was introduced in 1996?,Pompompurin,My Melody,Badtz-Maru,Kerropi
2740,History,Easy,Multiple Choice,Who led the Communist Revolution of Russia?,Vladimir Lenin,Joseph Stalin,Vladimir Putin,Mikhail Gorbachev
2741,History,Hard,Multiple Choice,Which Irish village in County Mayo built a tourism industry on the back of an alleged appearance by the Virgin Mary in 1879?,Knock,Ballycastle,Swinford,Turlough
2742,Entertainment: Comics,Easy,Multiple Choice,"What is the alter-ego of the DC comics character ""Superman""?",Clark Kent,Bruce Wayne,Arthur Curry,John Jones
2743,Entertainment: Musicals & Theatres,Medium,Multiple Choice,Which of the following is not a piece from the 1950's musical West Side Story?,The Back Alley,Maria,Tonight,Mambo
2744,Geography,Easy,Multiple Choice,Which city is the capital of the United States of America?,Washington D.C,Seattle,Albany,Los Angeles
2745,Entertainment: Video Games,Easy,True / False,"""Undertale"" is an RPG created by Toby Fox and released in 2015.",True,False,,
2746,Entertainment: Cartoon & Animations,Easy,Multiple Choice,"In My Little Pony, what is the name of Applejack's younger sister?",Apple Bloom,Red Delicious,Apple Sweets,Apple Fritter
2747,Sports,Hard,Multiple Choice,How many times did Martina Navratilova win the Wimbledon Singles Championship?,Nine,Ten,Seven,Eight
2748,General Knowledge,Easy,Multiple Choice,What element has the chemical symbol Kr?,Krypton,Kerosine,Kineticium,Curium
2749,Entertainment: Music,Medium,Multiple Choice,La Fenice opera house is in which Italian city?,Venice,Milan,Rome,Pompeii
2750,Vehicles,Easy,Multiple Choice,Which of the following vehicles from Ford is named after a WW2 Fighter Plane?,Mustang,Explorer,Ranger,Galaxy
2751,Animals,Medium,Multiple Choice,What is the average lifespan of a domestic rabbit?,8-12 years,1-2 years,4-7 years,14-20 years
2752,Entertainment: Video Games,Medium,Multiple Choice,"In Need For Speed: Most Wanted (2005), how many people are there to defeat on the blacklist?",15,5,10,20
2753,Entertainment: Television,Easy,Multiple Choice,"On the NBC show Community, whose catch-phrase was ""Pop! Pop!""?",Magnitude,Star Burns,Leonard,Senoir Chang
2754,History,Medium,Multiple Choice,"According to scholarly estimates, what percentage of the world population at the time died due to Tamerlane's conquests?",5%,1%,3%,<1%
2755,Entertainment: Video Games,Hard,Multiple Choice,"In ""Starbound"", according to the asset files, the description of the ""Erchius Ghost"" is the same as which other assets?",Spookit,Petricub,Trictus,Pyromantle
2756,Entertainment: Music,Easy,Multiple Choice,How many albums did King Gizzard & the Lizard Wizard release in 2017?,5,3,6,2
2757,Vehicles,Medium,True / False,Arriva is owned by the Deutsche Bahn.,True,False,,
2758,Sports,Easy,Multiple Choice,The Los Angeles Dodgers were originally from what U.S. city?,Brooklyn,Las Vegas,Boston,Seattle
2759,Entertainment: Japanese Anime & Manga,Medium,Multiple Choice,"In ""Little Witch Academia"", what is Shiny Chariot's alias at Luna Nova Academy?",Ursula Callistis,Croix Meridies,Miranda Holbrook,Anne Finnelan
2760,Entertainment: Music,Easy,True / False,American rapper Dr. Dre actually has a Ph.D. doctorate.,False,True,,
2761,Entertainment: Cartoon & Animations,Easy,Multiple Choice,"Who voiced the Genie in Disney's ""Aladdin""?",Robin Williams,Billy Crystal,Adam Sandler,Jim Carrey
2762,Entertainment: Video Games,Hard,Multiple Choice,What is the homeworld of the Elites from Halo?,Sanghelios,Te,Doisac,Eayn
2763,General Knowledge,Easy,Multiple Choice,What is the name of the alcoholic beverage made from potatoes or grains that originates from Poland and Russia?,Vodka,Absinthe,Rum,Sake
2764,Entertainment: Music,Medium,Multiple Choice,Who was the first white band to play the Apollo Theater?,Buddy Holly and The Crickets,Chuck Berry,The Beatles,Elvis
2765,Entertainment: Japanese Anime & Manga,Hard,True / False,"In the ""To Love-Ru"" series, Peke is considered a female robot.",True,False,,
2766,General Knowledge,Easy,True / False,Video streaming website YouTube was purchased in it's entirety by Facebook for US$1.65 billion in stock.,False,True,,
2767,General Knowledge,Easy,Multiple Choice,Who is depicted on the US hundred dollar bill?,Benjamin Franklin,George Washington,Abraham Lincoln,Thomas Jefferson
2768,History,Medium,True / False,"In World War II, Hawker Typhoons served in the Pacific theater.",False,True,,
2769,Entertainment: Board Games,Hard,Multiple Choice,"In Magic: The Gathering, which of the following was the first publicly released foil card?",Lightning Dragon,Revenant,Beast of Burden,Dirtcowl Wurm
2770,Entertainment: Japanese Anime & Manga,Medium,Multiple Choice,"How does the character Dragowizard, Qinus Axia's from the anime ""Buddyfight"" differ between the Japanese and English dubs?",Different Gender,Different Body Proportions,Different Backstory,Different Appearance
2771,Vehicles,Medium,Multiple Choice,Which of these car models are produced by Lamborghini?,Aventador,Huayra,918,Chiron
2772,Entertainment: Music,Hard,Multiple Choice,Which of these aliases has NOT been used by electronic musician Aphex Twin?,Burial,Caustic Window,Bradley Strider,GAK
2773,Entertainment: Comics,Easy,Multiple Choice,"In ""Homestuck"" the ""Kingdom of Darkness"" is also known as?",Derse,Skaia,Prospit,The Medium
2774,Entertainment: Video Games,Medium,Multiple Choice,"In Portal 2, the iconic character GLaDOS is turned into:",A potato,A tomato,A lemon,An apple
2775,Geography,Medium,Multiple Choice,"Where is the ""Sonoran Desert"" located?",North America,South America,Asia,Africa
2776,Entertainment: Television,Hard,Multiple Choice,What was the callsign of Commander William Adama in Battlestar Galactica (2004)?,Husker,Starbuck,Apollo,Crashdown
2777,Science: Gadgets,Medium,Multiple Choice,When was the compact disc player first released?,1982,1983,1981,1980
2778,History,Hard,Multiple Choice,When was Finland's 100th year of being independent?,2017,2016,2018,2015
2779,Entertainment: Video Games,Easy,Multiple Choice,"Which Sonic the Hedgehog game was originally supposed to be packaged with Sonic 3, but was cut in half due to time constraints?",Sonic & Knuckles,Sonic 2,Sonic CD,Sonic 3D Blast
2780,Entertainment: Video Games,Hard,Multiple Choice,"In ""Team Fortress 2"", what is the fastest taunt kill that can be pulled off?",Showdown,Hadouken,Organ Grinder,Skewer
2781,General Knowledge,Hard,Multiple Choice,Virtual reality company Oculus VR lost which of it's co-founders in a freak car accident in 2013?,Andrew Scott Reisse,Nate Mitchell,Jack McCauley,Palmer Luckey
2782,Entertainment: Japanese Anime & Manga,Easy,Multiple Choice,"What is the name of Funny Valentine's stand in Jojo's Bizarre Adventure Part 7, Steel Ball Run?",Dirty Deeds Done Dirt Cheap,Filthy Acts Done For A Reasonable Price,Civil War,God Bless The USA
2783,Entertainment: Japanese Anime & Manga,Easy,Multiple Choice,"In ""Fairy Tail"", what is the nickname of Natsu Dragneel?",The Salamander,The Dragon Slayer,The Dragon,The Demon
2784,Entertainment: Video Games,Easy,Multiple Choice,In what year was Hearthstone released?,2014,2011,2013,2012
2785,Celebrities,Medium,Multiple Choice,"Which American celebrity died in 1977 playing golf in La Moraleja, Madrid?",Bing Crosby,Elvis Presley,Charlie Chaplin,Groucho Marx
2786,Science & Nature,Medium,Multiple Choice,"What does CPR, the emergency procedure to assist someone who has suffered cardiac arrest, stand for?",Cardiopulmonary resuscitation,Chronic pain relief,Cancer pain release,Contraceptive prevalence rate
2787,General Knowledge,Easy,Multiple Choice,"What was the nickname given to the Hughes H-4 Hercules, a heavy transport flying boat which achieved flight in 1947?",Spruce Goose,Noah's Ark,Fat Man,Trojan Horse
2788,Sports,Easy,Multiple Choice,Which two teams played in Super Bowl XLII?,The New York Giants & The New England Patriots,The Green Bay Packers & The Pittsburgh Steelers,The Philadelphia Eagles & The New England Patriots,The Seattle Seahawks & The Denver Broncos
2789,Science: Mathematics,Hard,True / False,"In Topology, the complement of an open set is a closed set.",True,False,,
2790,Entertainment: Video Games,Medium,Multiple Choice,"Which character does the player play as in the video game ""Bastion""?",The Kid,Rucks,Zulf,Zia
2791,Science & Nature,Hard,Multiple Choice,"In the Scoville scale, what is the hottest chemical?",Resiniferatoxin,Capsaicin,Dihydrocapsaicin,Tinyatoxin
2792,Entertainment: Video Games,Easy,Multiple Choice,What video game engine does the videogame Quake 2 run in?,iD Tech 2,iD Tech 3,iD Tech 1,Unreal Engine
2793,Entertainment: Music,Medium,Multiple Choice,Which of the Beatles band members is barefoot on the front cover of the 'Abbey Road' album?,Paul McCartney,Ringo Starr,George Harrison,John Lennon
2794,General Knowledge,Medium,Multiple Choice,"Which American manufactured submachine gun was informally known by the American soldiers that used it as ""Grease Gun""?",M3,Colt 9mm,Thompson,MAC-10
2795,Geography,Medium,Multiple Choice,What is the longest river in Europe?,Volga,Danube,Rhine,Thames
2796,Geography,Hard,Multiple Choice,What is the capital of Burkina Faso?,Ouagadougou,Yaoundé,Yamoussoukro,Abidjan
2797,Geography,Medium,True / False,The capital of the US State Ohio is the city of Chillicothe.,False,True,,
2798,Entertainment: Video Games,Medium,Multiple Choice,"In Telltale Games' ""The Walking Dead: Season One"" what is the name of Clementine's father?",Ed,Charles,Lee,Walter
2799,Geography,Medium,Multiple Choice,What is the capital of Australia?,Canberra,Sydney,Melbourne,Brisbane
2800,Entertainment: Video Games,Easy,Multiple Choice,"Which of the following is NOT a summon in the game ""South Park: The Stick of Truth""?",Towelie,Jesus,Mr. Hankey,Mr. Slave
2801,Sports,Easy,Multiple Choice,Who won the 2017 Formula One World Drivers' Championship?,Lewis Hamilton,Sebastian Vettel,Nico Rosberg,Max Verstappen
2802,Sports,Medium,Multiple Choice,Which of these track-and-field events is NOT included in the Olympic men's decathlon?,Hammer throw,Pole vault,Long jump,Shot put
2803,Animals,Medium,Multiple Choice,Which dog breed is named after a region in Croatia,Dalmatian,Pekingnese,Chihuahua ,Pomeranian
2804,Entertainment: Video Games,Easy,Multiple Choice,"What is the name of the main protagonist in ""Xenoblade Chronicles""?",Shulk,Reyn,Fiora,Dunban
2805,Entertainment: Video Games,Medium,Multiple Choice,Who is the character you play as in Yume Nikki?,Madotsuki,Masada,Uboa,Poniko
2806,Science & Nature,Hard,Multiple Choice,What causes the sound of a heartbeat?,Closure of the heart valves,Contraction of the heart chambers,Blood exiting the heart,Relaxation of the heart chambers
2807,Geography,Medium,Multiple Choice,How many timezones does Russia have?,11,6,24,16
2808,General Knowledge,Easy,True / False,The mitochondria is the powerhouse of the cell.,True,False,,
2809,General Knowledge,Medium,True / False,Sitting for more than three hours a day can cut two years off a person's life expectancy.,True,False,,
2810,Entertainment: Film,Easy,Multiple Choice,Daniel Radcliffe became a global star in the film industry due to his performance in which film franchise?,Harry Potter,Ted,Spy Kids,Pirates of the Caribbean 
2811,Science: Mathematics,Medium,Multiple Choice,"A mathematical constant, known as ""The Golden Ratio"", is most commonly represented by which greek letter?",Φ (phi),π (pi),Ψ (psi),Τ (tau)
2812,Entertainment: Japanese Anime & Manga,Medium,Multiple Choice,Which of the following manga have the most tankouban volumes?,Golgo 13,JoJo's Bizarre Adventure,Detective Conan,One Piece
2813,Politics,Hard,Multiple Choice,"""Yes, America Can!"" was this United States politician's de facto campaign slogan in 2004.",George W. Bush,John Kerry,Barack Obama,Al Gore
2814,Entertainment: Video Games,Medium,Multiple Choice,Which ones of these Mario Kart games was made for the Gameboy Advance?,Mario Kart: Super Circuit,Mario Kart: Double Dash,Mario Kart 64,Super Mario Kart
2815,Entertainment: Music,Medium,Multiple Choice,"Who is the Pink Floyd song ""Shine On You Crazy Diamond"" written about?",Syd Barrett,John Lennon,David Gilmour,Floyd
2816,Entertainment: Music,Medium,Multiple Choice,"According to a Beatles song, who kept her face in a jar by the door?",Eleanor Rigby,Loretta Martin,Molly Jones,Lady Madonna
2817,Science: Computers,Easy,Multiple Choice,How many bits are commonly in a single byte?,Eight bits,Six bits,Twelve bits, Fifteen bits
2818,Entertainment: Film,Easy,Multiple Choice,"Who directed the 2015 movie ""The Revenant""?",Alejandro G. Iñárritu,Christopher Nolan,David Fincher,Wes Anderson
2819,Entertainment: Music,Easy,Multiple Choice,Which of the following songs was not originally released by Sir Elton John? ,You'll Be In My Heart,Crocodile Rock,Candle in the Wind,I Don't Wanna Go On With You Like That
2820,Vehicles,Hard,Multiple Choice,Which Audi does not use Haldex based all wheel drive system?,Audi A8,Audi TT,Audi S3,Audi A3
2821,Entertainment: Books,Easy,Multiple Choice,"What was Sir Handel's original name in ""The Railway Series"" and it's animated counterpart ""Thomas and Friends?""",Falcon,Eagle,Kyte,Swallow
2822,Entertainment: Video Games,Medium,Multiple Choice,"How many unique items does ""Borderlands 2"" claim to have?",87 Bazillion ,87 Million,87 Trillion,87 Gazillion 
2823,Geography,Medium,Multiple Choice,"What is the capital of British Columbia, Canada?",Victoria,Vancouver,Hope,Kelowna
2824,Celebrities,Easy,Multiple Choice,Which actress married Michael Douglas in 2000?,Catherine Zeta-Jones,Ruth Jones,Pam Ferris,Sara Sugarman
2825,Entertainment: Board Games,Medium,Multiple Choice,About how many Slinkys were sold in their first 60 years (from 1945 to 2005)?,300 Million,100 Million,450 Million,1 Billion
2826,Entertainment: Board Games,Hard,Multiple Choice,What is the sum of all the tiles in a standard box of Scrabble?,187,207,197,177
2827,General Knowledge,Hard,Multiple Choice,"Before the 19th Century, the ""Living Room"" was originally called the...",Parlor,Open Room,Sitting Room,Loft
2828,Entertainment: Music,Medium,Multiple Choice,"Who released the 1991 album ""Out of Time""?",R.E.M.,U2,Coldplay,The Rolling Stones
2829,Entertainment: Music,Medium,True / False,"""Twenty One Pilots"" made the song ""The Motion"" featuring Sampha.",False,True,,
2830,History,Easy,Multiple Choice,Who was the first president of the United States?,George Washington,James Madison,Thomas Jefferson,James K. Polk
2831,Entertainment: Japanese Anime & Manga,Medium,Multiple Choice,"In ""Shakugan no Shana"" what was the Shana usually referred as?",Flame-Haired Burning-Eyed Hunter,Flame Haze,Flame-Haired Burning-Eyed Haze,Shana
2832,Politics,Easy,True / False,"The S in Harry S. Truman stands for ""Samuel"".",False,True,,
2833,Geography,Easy,Multiple Choice,Where was the ancient city of Pompeii?,Italy,East Africa,South America,Pompilanus
2834,History,Medium,Multiple Choice,The creator of the Enigma Cypher and Machine was of what nationality?,German,American,British,Polish
2835,Entertainment: Video Games,Medium,Multiple Choice,When was Final Fantasy XV released?,"November 29th, 2016","October 25th, 2016","December 31th, 2016","November 30th, 2016"
2836,Entertainment: Japanese Anime & Manga,Easy,Multiple Choice,What was Ash Ketchum's second Pokemon?,Caterpie,Charmander,Pikachu,Pidgey
2837,Entertainment: Video Games,Hard,True / False,"In ""Portal 2"", Cave Johnson started out Aperture Science as a shower curtain company.",True,False,,
2838,Science: Computers,Medium,Multiple Choice,What is largely considered the precursor to the USB format?,PS/2,SVGA,PCIe,FireWire
2839,Entertainment: Television,Easy,Multiple Choice,"The ""Psycho"" series of videos on YouTube was created by which of the following?",RiDGiD STUDiOS,Dan Bell,Billy Familia,VeganGainz
2840,Entertainment: Video Games,Easy,True / False,"In Pokémon Sun and Moon, a male Salandit can evolve to a Salazzle.",False,True,,
2841,Sports,Medium,Multiple Choice,Which NBA player has the most games played over the course of their career?,Robert Parish,Kareem Abdul-Jabbar,Kevin Garnett,Kobe Bryant
2842,Entertainment: Video Games,Easy,Multiple Choice,What ingredient is NOT used to craft a cake in Minecraft?,Bread,Wheat,Milk,Egg
2843,History,Easy,Multiple Choice,Which of the following countries was not an axis power during World War II?, Soviet Union,Italy,Germany,Japan
2844,Mythology,Medium,Multiple Choice,"The Maori hold that which island nation was founded by Kupe, who discovered it under a long white cloud?",New Zealand,Vanuatu,Fiji,Hawaii
2845,Entertainment: Video Games,Medium,Multiple Choice,"In the Mass Effect trilogy, who is the main protagonist?",Shepard,Mordin,Garrus,Thane
2846,Geography,Hard,Multiple Choice,When does Finland celebrate their independence day?,December 6th,January 2nd,November 12th,February 8th
2847,Entertainment: Video Games,Medium,True / False,"In ""Super Mario World"", the rhino mini-boss, Reznor, is named after the lead singer of the band ""Nine Inch Nails"".",True,False,,
2848,Geography,Medium,True / False,Norway has a larger land area than Sweden.,False,True,,
2849,Entertainment: Musicals & Theatres,Medium,Multiple Choice,In which Shakespearean play will you find the suicide of Ophelia?,Hamlet,Macbeth,Othello,King Lear
2850,Entertainment: Japanese Anime & Manga,Hard,Multiple Choice,"In ""One Piece"", who is the girl who overcame her enslaved past and became an agent of an army to fight the corrupt government?",Koala,Boa Hancock,Nico Robin,Emporio Ivankov 
2851,Entertainment: Music,Medium,Multiple Choice,What is the real name of American rapper Pitbull?,Armando Christian Pérez,Ramón Luis Ayala Rodríguez,Benito Antonio Martinez Ocasio,Belcalis Marlenis Almánzar
2852,Science: Mathematics,Medium,Multiple Choice,"In the hexadecimal system, what number comes after 9?",The Letter A,10,The Number 0,16
2853,General Knowledge,Easy,Multiple Choice,What is the most frequently used letter in the english alphabet?,E,A,I,O
2854,Entertainment: Music,Medium,Multiple Choice,What is the name of the second studio album released by American rapper Post Malone in 2018?,Beerbongs & Bentleys,Takin' Shots,Rockstar,Better Now
2855,Politics,Medium,Multiple Choice,"Before 2011, ""True Capitalist Radio"" was known by a different name. What was that name?",True Conservative Radio,True Republican Radio,Texan Capitalist Radio,United Capitalists
2856,Entertainment: Cartoon & Animations,Easy,Multiple Choice,Which of these is NOT a Disney cartoon character?,Daffy Duck,Donald Duck,Daisy Duck,Scrooge McDuck
2857,Entertainment: Video Games,Medium,Multiple Choice, Which of these champions from the MOBA 'League of Legends' is NOT a Yordle?,Annie,Veigar,Tristana,Lulu
2858,Entertainment: Books,Hard,Multiple Choice,"In the Magic: The Gathering universe, the Fallen Empires expansion takes place on which continent?",Sarpadia,Otaria,Terisiare,Shiv
2859,Science: Computers,Hard,True / False,Apple was on the verge of bankruptcy in 1997 and was saved by Microsoft,True,False,,
2860,Entertainment: Television,Medium,Multiple Choice,"In the Sci-Fi television show Doctor Who, who plays the Tenth Doctor?",David Tennant,William Hartnell,Peter Capaldi,Peter Davison
2861,History,Easy,Multiple Choice,Which country was Josef Stalin born in?,Georgia,Russia,Germany,Poland
2862,Entertainment: Music,Easy,True / False,"In 1993, Prince changed his name to an unpronounceable symbol because he was unhappy with his contract with Warner Bros.",True,False,,
2863,Entertainment: Cartoon & Animations,Medium,Multiple Choice,"The stop motion comedy show ""Robot Chicken"" was created by which of the following?",Seth Green,Seth MacFarlane,Seth Rogen,Seth Rollins
2864,Science & Nature,Hard,True / False,Frederick Banting and John Macleod won a Nobel Prize for their contributions to the scientific fields of quantum mechanics.,False,True,,
2865,Entertainment: Film,Easy,True / False,George Lucas directed the entire original Star Wars trilogy.,False,True,,
2866,General Knowledge,Easy,Multiple Choice,"The New York Times slogan is, “All the News That’s Fit to…”",Print,Digest,Look,Read
2867,Geography,Medium,Multiple Choice,What is the capital of Ecuador?,Quito,Bogota,Santiago,Santa Fé
2868,History,Medium,Multiple Choice,"On which day did construction start on ""The Pentagon"", the headquarters for the United States Department of Defense?","September 11, 1941","June 15, 1947","January 15, 1943","September 2, 1962"
2869,Entertainment: Video Games,Easy,Multiple Choice,"In The Elder Scrolls: Oblivion, the horse that goes by the name Shadowmere is given by what guild?",Dark Brotherhood,Thieves,Fighters,Mages
2870,Entertainment: Music,Medium,Multiple Choice,"In what year was the smash hit song ""Scatman's World"" released?",1995,1996,1994,1993
2871,History,Easy,Multiple Choice,Which of the following ancient peoples was NOT classified as Hellenic (Greek)?,Illyrians,Dorians,Achaeans,Ionians
2872,Entertainment: Cartoon & Animations,Medium,True / False,Blue Danube was one of the musical pieces featured in Disney's 1940's film Fantasia.,False,True,,
2873,Geography,Easy,True / False,San Marino is the only country completely surrounded by another country.,False,True,,
2874,Politics,Medium,Multiple Choice,"In United States history, how many vice presidents did Franklin D. Roosevelt have during his time in office as president?",3,1,2,0
2875,Entertainment: Comics,Easy,Multiple Choice,Who is Batman?,Bruce Wayne,Clark Kent,Barry Allen,Tony Stark
2876,Art,Easy,Multiple Choice,Who sculpted the statue of David?,Michelangelo,Gian Lorenzo Bernini,Auguste Rodin,Donatello
2877,Entertainment: Video Games,Hard,Multiple Choice,"In World of Warcraft, which raid instance features a chess event?",Karazhan,Zul'Aman,Blackwing Lair,Temple of Ahn'Qiraj
2878,Entertainment: Video Games,Hard,True / False,"In ""Call Of Duty: World At War"", the first appearance of the ""PPSH-41"" in ""Zombies"" was in the map ""Der Riese"".",False,True,,
2879,Science: Mathematics,Hard,True / False,"If you could fold a piece of paper in half 50 times, its' thickness will be 3/4th the distance from the Earth to the Sun.",True,False,,
2880,Geography,Easy,Multiple Choice,The country of Belize borders which country?,Guatemala,Laos,Perú,Kenya
2881,Politics,Easy,True / False,"Despite being seperated into multiple countries, The Scandinavian countries are unified by all having the same monarch.",False,True,,
2882,Science & Nature,Medium,Multiple Choice,Which psychological term refers to the stress of holding contrasting beliefs?,Cognitive Dissonance,Flip-Flop Syndrome,Split-Brain,Blind Sight
2883,Entertainment: Television,Medium,Multiple Choice,"In ""Star Trek"", what is the Klingon death ritual?",Look into sky and yell loudly in mourning.,Kiss the jagged forehead before burial.,Shoot into space in a torpedo casing.,Split the deceased's earnings between bloodkin.
2884,Entertainment: Television,Medium,Multiple Choice,"In the show ""The Office"" who does Michael Scott eventually end up with?",Holly Flax,Angela Martin,Jan Levinson,Pam Beesly
2885,Entertainment: Video Games,Hard,Multiple Choice,"Which team won the ""Tom Clancy's Rainbow Six Siege"" Invitational Event February 2017 in the PC Category?",Continuum,GIFU,Santos Dexterity,eRa Eternity
2886,General Knowledge,Easy,Multiple Choice,Who is the author of Jurassic Park?,Michael Crichton,Peter Benchley,Chuck Paluhniuk,Irvine Welsh
2887,Entertainment: Television,Medium,True / False,"The show ""Gilligan's Island"" was cancelled because of low ratings.",False,True,,
2888,Entertainment: Books,Medium,Multiple Choice,"The title of Adolf Hitler's autobiography ""Mein Kampf"" is what when translated to English?",My Struggle,My Hatred,My Sadness,My Desire
2889,Entertainment: Books,Medium,Multiple Choice,"The novel ""Of Mice And Men"" was written by what author? ",John Steinbeck ,George Orwell,Mark Twain ,Harper Lee
2890,Entertainment: Comics,Hard,Multiple Choice,"In the Homestuck Series, what is the alternate name for the Kingdom of Lights?",Prospit,No Name,Golden City,Yellow Moon
2891,Entertainment: Video Games,Medium,Multiple Choice,Who is the protagonist in Dead Rising 3?,Nick Ramos,Frank West,Chuck Greene,Isabela Keyes
2892,Vehicles,Medium,Multiple Choice,Which Japanese company is the world's largest manufacturer of motorcycles?,Honda,Yamaha,Suzuki,Kawasaki
2893,Entertainment: Video Games,Medium,Multiple Choice,What are the names of the Ice Climbers in the video game Ice Climber?,Popo and Nana,Popo and Nina,Papi and Nana,Papi and Nina
2894,Entertainment: Music,Easy,True / False,Muse is a British (English) rock band,True,False,,
2895,General Knowledge,Hard,Multiple Choice,"Which church's interior in Vatican City was designed in 1503 by renaissance architects including Bramante, Michelangelo and Bernini?",St. Peter's Basilica,Catania Cathedral,St. Mark’s Basilica,The Duomo of Florence
2896,Entertainment: Music,Easy,Multiple Choice,"""Grande Valse"" is a phrase from the song ""Gran Vals"". What is that song segment known as?",Nokia Tune,Hello Moto [Motorola Ringtone],Droid Ringtone,Microsoft Ringtone
2897,Sports,Hard,Multiple Choice,At which race was the 2018 F1 Drivers Championship won?,Mexico,United States,Belgium,Abu Dhabi
2898,General Knowledge,Medium,Multiple Choice,What does a milliner make and sell?,Hats,Shoes,Belts,Shirts
2899,History,Medium,Multiple Choice,In which year did the First World War begin?,1914,1930,1917,1939
2900,General Knowledge,Easy,True / False,The Great Wall of China is visible from the moon.,False,True,,
2901,Science: Computers,Medium,Multiple Choice,"Originally used in PCM adapters, what frequency is the standard for sampling audio in the Compact Disc Digital Audio format?",44.1 kHz,32.0 kHz,1.5 MHz,20.5 kHz
2902,Science: Gadgets,Easy,Multiple Choice,Which virtual assistant is developed by Amazon?,Alexa,Google Assistant,Siri,Cortana
2903,Entertainment: Video Games,Hard,Multiple Choice,"What is the real name of ""Warhead"" in the Sega Genesis game ""Vectorman""?",Raster,Peacehead,Vectorkid,Bitmap
2904,History,Easy,Multiple Choice,How was Socrates executed?,Poison,Decapitation,Firing squad,Crucifixion 
2905,Entertainment: Television,Hard,True / False,The Klingon home planet is Qo'noS.,True,False,,
2906,Entertainment: Video Games,Hard,Multiple Choice,Which variant of the MP5 is depicted in Counter-Strike 1.6?,MP5N,MP5SD,MP5K,MP5RAS
2907,Science: Computers,Medium,Multiple Choice,What is the main CPU is the Sega Mega Drive / Sega Genesis?,Motorola 68000,Zilog Z80,Yamaha YM2612,Intel 8088
2908,Science: Mathematics,Medium,True / False,The set of all algebraic numbers is countable.,True,False,,
2909,Entertainment: Video Games,Medium,Multiple Choice,Which one of these is NOT a character in the video game Overwatch,Garen,Reaper,Hana Song,Tracer
2910,Entertainment: Video Games,Medium,Multiple Choice,"In Star Wars: Republic Commando (2005), what is the name of the squad that you play as?",Delta Squad,Omega Squad,Echo Squad,Alpha Squad
2911,General Knowledge,Easy,Multiple Choice,The Canadian $1 coin is colloquially known as a what?,Loonie,Boolie,Foolie,Moodie
2912,General Knowledge,Medium,Multiple Choice,What was the soft drink Pepsi originally introduced as?,Brad's Drink,Pepsin Pop,Carolina Cola,Pepsin Syrup
2913,Entertainment: Video Games,Medium,True / False,"In the rules of the Danganronpa franchise, it states that a nighttime curfew for certain areas occurs between 12am and 8am.",False,True,,
2914,Geography,Medium,Multiple Choice,"Gibraltar, located just south of the Iberian peninsula, is a territory of which West Europe country?",United Kingdom,Spain,Portugal,France
2915,History,Easy,True / False,The United States was a member of the League of Nations.,False,True,,
2916,General Knowledge,Easy,Multiple Choice,What do sailors call the back of a boat?,Stern,Bow,Starboard,Port
2917,General Knowledge,Easy,Multiple Choice,What style of beer will typically have a higher than average hop content?,India Pale Ale,Stout,Extra Special Bitter,Scotch Ale
2918,Entertainment: Television,Easy,Multiple Choice,"What was the name of the police officer in the cartoon ""Top Cat""?",Dibble,Barbrady,Mahoney,Murphy
2919,Entertainment: Board Games,Hard,Multiple Choice,"When Magic: The Gathering was first solicited, which of the following was it originally titled?",Mana Clash,Magic,Magic Clash,Mana Duels
2920,Science: Computers,Easy,Multiple Choice,Which computer hardware device provides an interface for all other connected devices to communicate?,Motherboard,Central Processing Unit,Hard Disk Drive,Random Access Memory
2921,Entertainment: Film,Medium,True / False,"The movie ""The Rocky Horror Picture Show"" (1975) opens with giant floating lips singing the opening song",True,False,,
2922,Entertainment: Video Games,Medium,True / False,Nintendo started out as a playing card manufacturer.,True,False,,
2923,Entertainment: Books,Easy,Multiple Choice,"Who wrote ""The Scarlet Letter"", published in 1850?",Nathaniel Hawthorne,Washington Irving,James Fenimore Cooper,Catherine Maria Sedgwick
2924,Entertainment: Cartoon & Animations,Hard,Multiple Choice,"In ""Gravity Falls"", what does Quentin Trembley do when he is driven out from the White House?",Eat a salamander and jump out the window.,Leave in peace.,Jump out the window.,"Release 1,000 captive salamanders into the white house."
2925,Entertainment: Video Games,Medium,Multiple Choice,"In the beginning of the game ""Sonic Adventure"", what color Chaos Emerald does Tails own?",Purple,Red,Green,Blue
2926,Entertainment: Video Games,Medium,Multiple Choice,"In the Halo series, what fleet was Thel 'Vadam supreme commander of before being branded an Arbiter?",Fleet of Particular Justice,Fleet of Sacred Consecration,Fleet of Furious Redemption,Fleet of Righteous Vigilance
2927,Geography,Medium,Multiple Choice,Which country has three capital cities?,South Africa,Somalia,China,United Kingdom
2928,Entertainment: Video Games,Easy,Multiple Choice,What is the name of the talking cat in Persona 5?,Morgana,Teddie,Marie,Ryuji
2929,Science: Computers,Easy,True / False,Linus Torvalds created Linux and Git.,True,False,,
2930,Science: Mathematics,Medium,Multiple Choice,What shape does sin(x) or cos(x) make on a graph?,Waves,A Parabola,A Straight Line,Zig-Zags
2931,Entertainment: Television,Medium,Multiple Choice,What is the surname of the character Daryl in AMC's show The Walking Dead?,Dixon,Grimes,Dickinson,Dicketson
2932,Entertainment: Video Games,Medium,Multiple Choice,"Which of these is the only fighter in the game ""Super Smash Bros. Melee"" capable of dealing damage with their taunt animation?",Luigi,Mr. Game & Watch,Jigglypuff,Pichu
2933,Mythology,Medium,Multiple Choice,What is the name of the Greek god of peaceful deaths?,Thanatos,Tartarus,Hades,Moros
2934,Entertainment: Video Games,Hard,Multiple Choice,Which of the following games in the The Legend of Zelda franchise was released in Japan before North America?,The Legend of Zelda: The Minish Cap,The Legend of Zelda: Twilight Princess,The Legend of Zelda: Spirit Tracks,The Legend of Zelda: Four Swords
2935,Entertainment: Board Games,Hard,Multiple Choice,"Which card is on the cover of the Beta rulebook of ""Magic: The Gathering""?",Bog Wraith,Island,Rock Hydra,Elvish Archers
2936,Science & Nature,Hard,Multiple Choice,Which of the following is considered classical conditioning?,Pavlov's dog experiments,Skinner box experiment,Schrödinger's cat experiment,Harlow’s monkey experiments
2937,General Knowledge,Easy,Multiple Choice,"What is ""dabbing""?",A dance,A medical procedure,A sport,A language
2938,Sports,Medium,Multiple Choice,Who was the topscorer for England national football team?,Wayne Rooney,David Beckham,Steven Gerrard,Michael Owen
2939,Entertainment: Japanese Anime & Manga,Medium,Multiple Choice,"Which of these is not a world in the anime ""Buddyfight""?",Ancient Dragon World,Dragon World,Star Dragon World,Darkness Dragon World
2940,Entertainment: Books,Medium,Multiple Choice,"Which of the following was the author of ""Username Evie""?",Joe Sugg,Zoe Sugg,Joe Weller,Alfie Deyes
2941,Entertainment: Board Games,Easy,Multiple Choice,"In chess, which is a characteristic of the King's Gambit?",Sacrificing a pawn,Sacrificing the king for a queen,Castling kingside,Moving the king on the 2nd move
2942,Entertainment: Video Games,Easy,True / False,"Gordon Freeman, the protagonist of ""Half-Life"", is said to have once had a ponytail.",True,False,,
2943,Mythology,Medium,Multiple Choice,A minotaur is half human half what?,Bull,Cow,Horse,Eagle
2944,Entertainment: Japanese Anime & Manga,Hard,Multiple Choice,"In ""Highschool of the Dead"", where did Komuro and Saeko establish to meet after the bus explosion?",Eastern Police Station,The Center Mall,Komuro's House,On The Main Bridge
2945,Entertainment: Musicals & Theatres,Easy,Multiple Choice,What is Jean ValJean's first prisoner number?,24601,9430,1729,32769
2946,Entertainment: Film,Easy,Multiple Choice,Which movie released in 2016 features Superman and Batman fighting?,Batman v Superman: Dawn of Justice,Batman v Superman: Superapocalypse,Batman v Superman: Black of Knight,Batman v Superman: Knightfall
2947,Entertainment: Music,Hard,Multiple Choice,Which of these is Daft Punk's debut single?,The New Wave,Da Funk,Discovery,Around the World
2948,General Knowledge,Easy,Multiple Choice,"In the video-game franchise Kingdom Hearts, the main protagonist, carries a weapon with what shape?",Key,Sword,Pen,Cellphone
2949,Entertainment: Music,Easy,Multiple Choice,"Which punk rock band released hit songs such as ""Californication"", ""Can't Stop"" and ""Under the Bridge""?",Red Hot Chilli Peppers,Green Day,Linkin Park,Foo Fighters
2950,General Knowledge,Hard,Multiple Choice,Electronic music producer Kygo's popularity skyrocketed after a certain remix. Which song did he remix?,Ed Sheeran - I See Fire,Marvin Gaye - Sexual Healing,Coldplay - Midnight,a-ha - Take On Me
2951,History,Easy,Multiple Choice,In what year did the Wall Street Crash take place?,1929,1932,1930,1925
2952,Entertainment: Music,Hard,Multiple Choice,Chino Moreno is the lead singer of which alternative metal band?,Deftones,Tool,Korn,Type O Negative
2953,Entertainment: Video Games,Medium,Multiple Choice,When was the Sega Genesis released in Japan?,"October 29, 1988","August 14, 1989","November 30, 1990","September 1, 1986"
2954,Geography,Easy,Multiple Choice,What is the official language in Liechtenstein?,German,French,English,Italian
2955,Entertainment: Cartoon & Animations,Medium,Multiple Choice,"In what year did the anime adaptation of ""March Comes In Like A Lion"" air?",2016,2017,2018,2015
2956,Science: Computers,Medium,Multiple Choice,What five letter word is the motto of the IBM Computer company?,Think,Click,Logic,Pixel
2957,History,Hard,Multiple Choice,"In the year 1900, what were the most popular first names given to boy and girl babies born in the United States?",John and Mary,Joseph and Catherine,William and Elizabeth,George and Anne
2958,Vehicles,Medium,True / False,Ferrari has never made a V10 engine for any of its cars.,False,True,,
2959,Science & Nature,Medium,Multiple Choice,"Where did the Great Storm of 1987 make landfall at, first?",Cornwall,Surrey,Wales,The Midlands
2960,Entertainment: Japanese Anime & Manga,Medium,Multiple Choice,"In the ""Sailor Moon"" series, what is Sailor Jupiter's civilian name?",Makoto Kino,Minako Aino,Usagi Tsukino,Rei Hino
2961,Entertainment: Music,Medium,Multiple Choice,"""Drink the Sea"" is an album by which electronic music artist?",The Glitch Mob,Avicii,XXYYXX,Flux Pavilion
2962,General Knowledge,Medium,Multiple Choice,"What is a ""dakimakura""?",A body pillow,"A Chinese meal, essentially composed of fish",A yoga posture,A word used to describe two people who truly love each other
2963,Entertainment: Japanese Anime & Manga,Medium,Multiple Choice,"The character Momonga from the ""Overlord"" series orders his servants to call him by what name?",Ainz Ooal Gown,Master,Yggdrasil,Kugane Maruyama
2964,Entertainment: Video Games,Easy,Multiple Choice,What company develops the Rock Band series of rhythm games?,Harmonix,Activision,Konami,Electronic Arts
2965,Entertainment: Video Games,Medium,Multiple Choice,How many Chaos Emeralds can you collect in the first Sonic The Hedgehog?,Six,Seven,Five,Eight
2966,Entertainment: Japanese Anime & Manga,Hard,Multiple Choice,"In what year did the manga ""Ping Pong"" begin serialization?",1996,2014,2010,2003
2967,History,Medium,Multiple Choice,Which Greek god was the god of the Sun?,Helios,Zeus,Hades,Poseidon
2968,History,Hard,Multiple Choice,Where was Napoleon Bonaparte born?,Corsica,Normandy,Brittany,Paris
2969,History,Hard,Multiple Choice,When did Spanish Peninsular War start?,1808,1806,1810,1809
2970,Entertainment: Video Games,Medium,Multiple Choice,On which planet does the game Freedom Planet (2014) take place?,Avalice,Freedom,Galaxytrail,Shang Mu
2971,Entertainment: Cartoon & Animations,Medium,Multiple Choice,Who voiced Finn in Adventure Time?,Jeremy Shada,Nolan North,John DiMaggio,Tom Kenny
2972,Science: Computers,Medium,True / False,"To bypass US Munitions Export Laws, the creator of the PGP published all the source code in book form. ",True,False,,
2973,General Knowledge,Easy,Multiple Choice,What do sailors call the left side of a boat?,Port,Starboard,Bow,Stern
2974,Entertainment: Video Games,Medium,Multiple Choice,"Which of these stages is not playable in ""Super Smash Bros. for Wii U""?",Fountain of Dreams,Bridge of Eldin,75m,Miiverse
2975,Entertainment: Video Games,Medium,Multiple Choice,"Who voices the character ""Vernon Cherry"" in ""Red Dead Redemption""?",Casey Mongillo,Tara Strong,Troy Baker,Rob Wiethoff
2976,Entertainment: Video Games,Easy,True / False,"In ""Sonic Adventure"", you are able to transform into Super Sonic at will after completing the main story.",False,True,,
2977,History,Easy,Multiple Choice,Abolitionist John Brown raided the arsenal in which Virginia Town?,Harper's Ferry,Richmond,Harrisonburg,Martinsburg
2978,Entertainment: Film,Hard,Multiple Choice,"In the film ""Harry Potter and the Order of The Phoenix"", why was Harry Potter's scream, after Sirius Black died, muted?",Too Agonizing,Too Loud,Too Harsh,Too Violent
2979,Geography,Easy,Multiple Choice,Which UK country features a dragon on their flag?,Wales,England,North Ireland,Scotland
2980,Entertainment: Music,Medium,Multiple Choice,"Who had a US and UK number 1 hit in 1962 with the instrumental, 'Telstar'?",The Tornados,The Ventures,The Spotnicks,The Tremeloes
2981,Celebrities,Hard,True / False,Lady Gaga's real name is Stefani Joanne Angelina Germanotta.,True,False,,
2982,Science & Nature,Medium,Multiple Choice,"In Psychology, which need appears highest in the ""Maslow's hierarchy of needs"" pyramid?",Esteem,Love,Safety,Physiological
2983,Entertainment: Comics,Medium,Multiple Choice,What otherworldly land does Thor come from?,Asgard,Midgard,Jotunheim,Sovengarde
2984,History,Medium,Multiple Choice,Who was the first Chancellor of a united Germany in 1871? ,Otto Von Bismark,Kaiser Wilhelm ,Fredrick the 2nd,Robert Koch
2985,Celebrities,Easy,Multiple Choice,By what name is Carlos Estevez better known? ,Charlie Sheen,Ricky Martin,Bruno Mars,Joaquin Phoenix
2986,Science: Gadgets,Easy,True / False,"Microphones can be used not only to pick up sound, but also to project sound similar to a speaker.",True,False,,
2987,Science: Mathematics,Medium,Multiple Choice,What is the first Mersenne prime exponent over 1000?,1279,2203,1009,1069
2988,Entertainment: Music,Easy,Multiple Choice,Brian May was the guitarist for which band?,Queen,Pink Floyd,Rolling Stones,The Doors
2989,History,Hard,True / False,The Kingdom of Prussia briefly held land in Estonia.,False,True,,
2990,Science: Computers,Hard,Multiple Choice,What type of sound chip does the Super Nintendo Entertainment System (SNES) have?,ADPCM Sampler,FM Synthesizer,Programmable Sound Generator (PSG),PCM Sampler
2991,Science & Nature,Hard,Multiple Choice,What is isobutylphenylpropanoic acid more commonly known as?,Ibuprofen,Morphine,Ketamine,Aspirin
2992,Entertainment: Japanese Anime & Manga,Hard,Multiple Choice,Who is the horror manga artist who made Uzumaki?,Junji Ito,Kazuo Umezu,Shintaro Kago,Sui Ishida
2993,Entertainment: Music,Easy,Multiple Choice,Which song is NOT by singer Tom Jones?,Never Gonna Give You Up,It's Not Unusual,What's New Pussycat,Delilah
2994,Entertainment: Musicals & Theatres,Hard,Multiple Choice,"In Les Misérables, who is Prison Code 24601?",Jean Valjean,Marius Pontmercy,Javert,Jean Claude Van Damme
2995,Science: Mathematics,Medium,True / False,"You can square root a negative number with an imaginary number ""i"".",True,False,,
2996,General Knowledge,Medium,Multiple Choice,Which essential condiment is also known as Japanese horseradish?,Wasabi ,Mentsuyu,Karashi,Ponzu
2997,Entertainment: Video Games,Hard,Multiple Choice,How many copies of the notorious E.T. game for the Atari 2600 did Atari end up selling?,1.5 Million,1 Million,250 Thousand,Less than 250 Thousand
2998,Entertainment: Video Games,Hard,Multiple Choice,"In the game ""Super Hang-On"" which is the top speed WITH the use of turbo?",324 km/h,320 km/h,280 km/h,286 km/h
2999,Entertainment: Cartoon & Animations,Easy,Multiple Choice,"In The Simpsons, which war did Seymour Skinner serve in the USA Army as a Green Beret?",Vietnam War,World War 2,World War 1,Cold War
3000,Science & Nature,Easy,True / False,A plant that has a life cycle for more than a year is known as an annual.,False,True,,
3001,Entertainment: Japanese Anime & Manga,Easy,Multiple Choice,"In ""The Melancholy of Haruhi Suzumiya"" series, the SOS Brigade club leader is unknowingly treated as a(n) __ by her peers.",God,Alien,Time Traveler,Esper
3002,Entertainment: Cartoon & Animations,Hard,Multiple Choice,"What town was ""Springfield"" from ""The Simpsons"" originally named after?","Springfield, Oregon","Springfield, Missouri","Springfield, Illinois","Springfield, Massachusetts"
3003,Entertainment: Video Games,Medium,Multiple Choice,"In the Half-Life universe, the Black Mesa Research Facility is located in which US state?",New Mexico,Nevada,Arizona,Wyoming
3004,Entertainment: Books,Hard,Multiple Choice,What is the name of the town in which Lily and James Potter are buried?,Godric's Hollow,Hogsmeade,Ottery St. Catchpole,Little Hangleton
3005,Entertainment: Video Games,Easy,Multiple Choice,Which of the following is not a faction in Tom Clancy's The Division?,CDC,Cleaners,Last Man Batallion,Rikers
3006,Sports,Medium,Multiple Choice,Who was the first footballer to score 200 goals in the English Premier League?,Alan Shearer,Wayne Rooney,Robbie Fowler,Thierry Henry
3007,Science & Nature,Hard,Multiple Choice,How many protons are in an oxygen atom?,Eight,Four,Two,Six
3008,Entertainment: Video Games,Medium,Multiple Choice,"Which German city does the map ""Clubhouse"" in ""Tom Clancy's Rainbow Six Siege"" take place in?",Hannover,Berlin,Hamburg,Munich
3009,Entertainment: Video Games,Hard,Multiple Choice,Which of these weapon classes DO NOT appear in the first Monster Hunter game?,Bow ,Hammer,Heavy Bowgun,Light Bowgun
3010,Entertainment: Video Games,Easy,Multiple Choice,"When was ""Luigi's Mansion 3"" released?","October 31st, 2019","January 13th, 2019","September 6th, 2018","October 1st, 2019"
3011,Science & Nature,Easy,Multiple Choice,Who discovered the Law of Gravity?,Sir Isaac Newton,Galileo Galilei,Charles Darwin,Albert Einstein
3012,Entertainment: Japanese Anime & Manga,Hard,Multiple Choice,"In the anime, ""Hunter X Hunter"", what is the main protagonist's name?",Gon,Gin,Gan,Gen
3013,Entertainment: Music,Medium,Multiple Choice,"The song ""Feel Good Inc."" by British band Gorillaz features which hip hop group?",De La Soul,Public Enemy,OutKast,Cypress Hill
3014,Science & Nature,Easy,True / False,Upwelling in the ocean provides colder nutrient rich water for plants and decomposers.,True,False,,
3015,Entertainment: Video Games,Medium,Multiple Choice,Which one of these characters was first introduced in Sonic Boom: Rise of Lyric?,Sticks the Badger,Mighty the Armadillo,Espio the Chameleon,Rouge the Bat
3016,Entertainment: Board Games,Easy,Multiple Choice,How many spaces are there on a standard Monopoly board?,40,28,55,36
3017,History,Easy,True / False,The Spitfire originated from a racing plane.,True,False,,
3018,Entertainment: Japanese Anime & Manga,Medium,Multiple Choice,Which anime did Seiji Kishi NOT direct?,Another,Humanity Has Declined,Assassination Classroom,Danganronpa: The Animation
3019,Geography,Hard,Multiple Choice,"What is the name of the formerly rich fishing grounds off the island of Newfoundland, Canada?",Grand Banks,Great Barrier Reef,Mariana Trench,Hudson Bay
3020,Sports,Easy,Multiple Choice,What year did the New Orleans Saints win the Super Bowl?,2010,2008,2009,2011
3021,Entertainment: Video Games,Easy,Multiple Choice,"Which character in the ""Animal Crossing"" series uses the phrase ""zip zoom"" when talking to the player?",Scoot,Drake,Bill,Mallary
3022,Entertainment: Comics,Hard,Multiple Choice,"Better known by his nickname Logan, what is Wolverine's birth name?",James Howlett,Logan Wolf,Thomas Wilde,John Savage
3023,Science & Nature,Easy,True / False,Igneous rocks are formed by excessive heat and pressure.,False,True,,
3024,Entertainment: Film,Medium,Multiple Choice,"Who played Baron Victor Frankestein in the 1957 Hammer horror film ""The Curse of Frankenstein""?",Peter Cushing,Boris Karloff,Vincent Price,Lon Chaney Jr.
3025,Entertainment: Music,Hard,Multiple Choice,"Who is a pioneer of ""Minimal Music"" in 1960s?",Steve Reich,Wolfgang Amadeus Mozart,Brian Eno,Sigur Rós
3026,Entertainment: Comics,Medium,Multiple Choice,"In the Hellboy universe, who founded the BPRD?",Trevor Bruttenholm,Kate Corrigan,Johann Kraus,Benjamin Daimio
3027,Entertainment: Music,Easy,Multiple Choice,"According to a song by Belinda Carlisle, Heaven is a place on what?",Earth,Venus,Mars,Uranus
3028,Entertainment: Video Games,Easy,Multiple Choice,"In Overwatch, which ape species is the hero Winston?",Gorilla,Orangutan,Chimpanzee,Gibbon
3029,Entertainment: Television,Hard,Multiple Choice,Who played the sun baby in the original run of Teletubbies?,Jessica Smith,Pui Fan Lee,Sue Monroe,Lisa Brockwell
3030,Entertainment: Video Games,Medium,Multiple Choice,"In Left 4 Dead, what is the name of the Special Infected that is unplayable in Versus mode?",The Witch,The Tank,The Smoker,The Spitter
3031,Entertainment: Books,Medium,Multiple Choice,"The book ""The Little Prince"" was written by...",Antoine de Saint-Exupéry,Miguel de Cervantes Saavedra,Jane Austen,F. Scott Fitzgerald
3032,Entertainment: Music,Hard,Multiple Choice,"Dallon Weekes, former touring basist of Panic! At the Disco, created his own band in 2016 called...",I Don't Know How But They Found Me,Cheats At Hide And Seek,Where Did You All Come From?,Run Away From The People
3033,Entertainment: Video Games,Easy,Multiple Choice,"In Slay the Spire, which of the following is NOT a playable character?",Stoneheart,Silent,Defect,Ironclad
3034,Science & Nature,Easy,Multiple Choice,Which of the following bones is not in the leg?,Radius,Patella,Tibia,Fibula 
3035,Entertainment: Books,Easy,Multiple Choice,"""Green Eggs And Ham"" is a book by which author?",Dr. Seuss,Beatrix Potter,Roald Dahl,A.A. Milne
3036,Sports,Easy,Multiple Choice,Who did Steven Gerrard win the Champions League with?,Liverpool,Real Madrid,Chelsea,Man City
3037,Entertainment: Film,Medium,True / False,"Joan Cusack starred in the 2009 disaster movie, ""2012"".",False,True,,
3038,Geography,Medium,True / False,The flag of South Africa features 7 colours.,False,True,,
3039,General Knowledge,Medium,True / False,Coca-Cola's original colour was green.,False,True,,
3040,Entertainment: Film,Easy,Multiple Choice,Who portrayed Han Solo in the Star Wars main film series?,Harrison Ford,Peter Cushing,Mark Hamill,Alec Guinness
3041,History,Hard,Multiple Choice,"Who invented the ""Flying Shuttle"" in 1738; one of the key developments in the industrialization of weaving?",John Kay,James Hargreaves,Richard Arkwright,John Deere
3042,Entertainment: Film,Medium,Multiple Choice,"Which actor played the main character in the 1990 film ""Edward Scissorhands""?",Johnny Depp, Clint Eastwood,Leonardo DiCaprio,Ben Stiller
3043,Geography,Medium,Multiple Choice,Which Oceanian nation is known in Māori as Aotearoa?,New Zealand,Australia,Solomon Islands,New Caledonia
3044,Geography,Easy,Multiple Choice,"Where would you find the ""Spanish Steps""?","Rome, Italy","Barcelona, Spain","Berlin, Germany","London, England"
3045,Entertainment: Film,Medium,Multiple Choice,"Who performed the opening theme song for the James Bond 007 movie ""Goldfinger""?",Shirley Basey,Tom Jones,John Barry,Sheena Easton
3046,Entertainment: Music,Hard,True / False,"Pete Townshend's solo album, ""White City: A Novel"", is set in the metropolitan area of Chicago.",False,True,,
3047,Entertainment: Video Games,Hard,Multiple Choice,"In the game Warframe, what Mastery Rank do you need to have to build the Tigris Prime?",13,6,18,10
3048,Animals,Easy,Multiple Choice,What colour is the female blackbird?,Brown,Black,White,Yellow
3049,Entertainment: Film,Hard,Multiple Choice,What did the first moving picture depict?,A galloping horse,A woman in a dress,A man walking,A crackling fire
3050,Science & Nature,Hard,Multiple Choice,An organic compound is considered an alcohol if it has what functional group?,Hydroxyl,Carbonyl,Alkyl,Aldehyde
3051,Entertainment: Video Games,Medium,Multiple Choice,"During the events of Half-Life: Opposing Force, what is the age of Adrian Shephard, the protagonist?",22,23,21,24
3052,Science: Computers,Hard,Multiple Choice,"Australia, Japan, and Southeast Asia are in which ITU Region?",Region 3,Region 1,Region 2,Region 4
3053,Entertainment: Film,Medium,Multiple Choice,Which one of these actors is said to be cut from the film 'E.T. the Extra-Terrestrial'?,Harrison Ford,Michael J. Fox,Andy Kaufman,Arnold Schwarzenegger
3054,Science & Nature,Hard,True / False,Albert Einstein won a noble prize for his theory of relativity.,False,True,,
3055,Entertainment: Television,Medium,Multiple Choice,What was Nickelodeon's original name?,Pinwheel,MTVKids,KidsTV,Splat!
3056,Science & Nature,Easy,Multiple Choice,The biggest distinction between a eukaryotic cell and a prokaryotic cell is:,The presence or absence of a nucleus,The overall size,The presence or absence of certain organelles,The mode of reproduction
3057,Geography,Hard,Multiple Choice,Which of these is NOT a province in China?,Yangtze,Fujian,Sichuan,Guangdong
3058,Sports,Medium,Multiple Choice,"The 1988 Formula 1 season had McLaren win all but one race, what race did they not win?",Italian Grand Prix,Japanese Grand Prix,Monaco Grand Prix,Brazilian Grand Prix
3059,General Knowledge,Medium,Multiple Choice,Which of the following buildings is example of a structure primarily built in the Art Deco architectural style?,Niagara Mohawk Building,Taipei 101,One Detroit Center,Westendstrasse 1
3060,Entertainment: Video Games,Medium,Multiple Choice,"In Grand Theft Auto: V, what wanted level does the player receive if they enter Zancudo Army Base north of Los Santos?",4,3,5,1
3061,Entertainment: Video Games,Medium,Multiple Choice,What was the name of the first MMORPG to popularize the genre?,Ultima Online,World of Warcraft,Meridian 59,Guild Wars
3062,Entertainment: Video Games,Medium,Multiple Choice,Which Touhou character is a Hell Raven?,Utsuho Reiuji,Flandre Scarlet,Marisa Kirisame,Aya Shameimaru
3063,Science & Nature,Medium,Multiple Choice,How many officially recognized dwarf planets in the solar system are named after Polynesian deities?,2,0,1,5
3064,History,Easy,Multiple Choice,Which South American country fought Great Britain over the Falkland Islands in 1982?,Argentina,Brazil,Chile,Venezuela
3065,Entertainment: Film,Easy,Multiple Choice,Where does the original Friday The 13th movie take place?,Camp Crystal Lake,Packanack,Higgins Haven,Camp Forest Green
3066,Entertainment: Japanese Anime & Manga,Easy,Multiple Choice,"Which anime heavily features music from the genre ""Eurobeat""?",Initial D,Wangan Midnight,Kino no Tabi,Cowboy Bebop
3067,General Knowledge,Medium,Multiple Choice,What is the world's most expensive spice by weight?,Saffron,Cinnamon,Cardamom,Vanilla
3068,General Knowledge,Easy,Multiple Choice,What is the name of NASA’s most famous space telescope?,Hubble Space Telescope,Big Eye,Death Star,Millenium Falcon
3069,Entertainment: Music,Medium,Multiple Choice,"""The Genius"" is the original and secondary name of which Wu-Tang Clan member?",GZA,Ghostface Killah,Ol' Dirty Bastard,Raekwon the Chef
3070,History,Medium,Multiple Choice,When was the Grand Patriotic War in the USSR concluded?,"May 9th, 1945","September 2nd, 1945","August 9th, 1945","December 11th, 1945"
3071,Celebrities,Medium,Multiple Choice,Which of these celebrities was not a member of the Jackson 5?,Bo Jackson,Tito Jackson,Jermaine Jackson,Marlon Jackson
3072,Entertainment: Music,Medium,Multiple Choice,Which of these is not a song on the album Graduation by Kanye West?,Waves,I Wonder,Big Brother,The Glory
3073,History,Medium,Multiple Choice,What date was the first flight of the P-40 Warhawk?,October 14 1938,August 21 1939,January 12 1940,June 1 1939
3074,Entertainment: Television,Hard,Multiple Choice,Which of these in the Star Trek series is NOT Klingon food?,Hors d'oeuvre,Racht,Gagh,Bloodwine
3075,Entertainment: Books,Medium,Multiple Choice,How many books are in the Chronicles of Narnia series?,7,6,8,5
3076,General Knowledge,Easy,Multiple Choice,"Virgin Trains, Virgin Atlantic and Virgin Racing, are all companies owned by which famous entrepreneur?   ",Richard Branson,Alan Sugar,Donald Trump,Bill Gates
3077,Mythology,Medium,Multiple Choice,"The Norse god Odin has two pet crows named ""Huginn"" and ""Muninn"".  What do their names mean?",Thought & Memory,Power & Peace,War & Learning,Sleeping & Waking
3078,Entertainment: Video Games,Hard,Multiple Choice,"In the game Danganronpa: Happy Trigger Havoc, the character Aoi Asahina's ultimate ability is what?",Ultimate Swimmer,Ultimate Detective,Ultimate Gambler,Ultimate Dancer
3079,General Knowledge,Easy,Multiple Choice,What geometric shape is generally used for stop signs?,Octagon,Hexagon,Circle,Triangle
3080,Animals,Medium,True / False,Otters have pockets under their arms for carrying their favourite snacks and rocks.,True,False,,
3081,General Knowledge,Easy,Multiple Choice,Five dollars is worth how many nickels?,100,50,25,69
3082,Entertainment: Video Games,Medium,Multiple Choice,What was the original release date of Grand Theft Auto V?,"September 17, 2013","August 17, 2013","April 14, 2015","November 18, 2014"
3083,Entertainment: Video Games,Medium,Multiple Choice,"Which weapon that was cut from the game ""Half Life 2"" was going to replace the crowbar?",Ice Axe,Fire Axe,Wrench,Hunting Knife
3084,Entertainment: Video Games,Easy,Multiple Choice,"In Rust, how many Timed Explosive Charges does it take to destroy a Ladder Hatch?",1,3,2,5
3085,Entertainment: Comics,Medium,Multiple Choice,Who created Ultron of Earth-616?,Henry Pym,Amadeus Cho,Tony Stark,Reed Richards
3086,Entertainment: Video Games,Medium,Multiple Choice,"In ""Call Of Duty: Zombies"", completing which map's main easter egg will reward you with the achievement, ""High Maintenance""?",Die Rise,Mob Of The Dead,Origins,Ascension
3087,General Knowledge,Easy,True / False,The National Animal of Scotland is the Unicorn.,True,False,,
3088,Entertainment: Music,Easy,Multiple Choice,Where does the Mac part of the name Fleetwood Mac come from?,John McVie,Christine McVie,Mac McAnally,David Tennant
3089,Entertainment: Television,Medium,Multiple Choice,"What breed of dog is ""Scooby Doo""?",Great Dane,Pit bull,Boxer,Doberman Pinscher
3090,Entertainment: Video Games,Medium,True / False,"The Sniper's SMG in Team Fortress 2, was originally intended to be the Scout's primary weapon.",True,False,,
3091,Geography,Easy,Multiple Choice,In which Indian city can the Taj Mahal be found?,Agra,Mumbai,Faridabad,Thane
3092,Entertainment: Music,Hard,Multiple Choice,"Who wrote the song ""You Know You Like It""?",AlunaGeorge,DJ Snake,Steve Aoki,Major Lazer
3093,Science & Nature,Easy,Multiple Choice,Which type of rock is created by intense heat AND pressure?,Metamorphic,Sedimentary,Igneous,Diamond
3094,History,Hard,Multiple Choice,"Which country did the Eureka Rebellion, an 1856 battle against colonial rule, take place in?",Australia,India,Canada,Brazil
3095,Science & Nature,Medium,Multiple Choice,"On the periodic table of elements, what is the symbol for Tin?",Sn,Ti,Ni,Na
3096,Entertainment: Japanese Anime & Manga,Medium,Multiple Choice,"In ""To Love-Ru: Darkness"", which of the girls attempt making a harem for Rito Yuuki?",Momo Deviluke,Yami (Golden Darkness),Haruna Sairenji,Mea Kurosaki
3097,Entertainment: Film,Easy,True / False,"Brandon Routh plays the titular character in the movie ""John Wick"".",False,True,,
3098,Art,Easy,Multiple Choice,What is another name for La Gioconda / La Joconde?,The Mona Lisa,The Girl with a Pearl Earring,The Starry Night,Sunflowers
3099,Entertainment: Music,Hard,Multiple Choice,"This album, now considered to be one of the greatest of all time, was a commercial failure when it was released.",The Velvet Underground and Nico,Abbey Road,Led Zeppelin IV,Pet Sounds
3100,Science: Computers,Easy,Multiple Choice,What kind of memory is used on memory cache?,SRAM,DRAM,ROM,Flash
3101,Science: Computers,Medium,Multiple Choice,In the server hosting industry IaaS stands for...,Infrastructure as a Service,Internet as a Service,Internet and a Server,Infrastructure as a Server
3102,History,Hard,Multiple Choice,When did the French Revolution begin?,May 05 1789,April 12 1789,April 05 1789,May 06 1799
3103,Entertainment: Board Games,Medium,Multiple Choice,"In ""Magic: The Gathering"", during the design for Planar Chaos, what color did the developers think of adding in as the sixth color?",Purple,Brown,Pink,Orange
3104,General Knowledge,Hard,Multiple Choice,"Originally another word for poppy, coquelicot is a shade of what?",Red,Green,Blue,Pink
3105,Entertainment: Music,Medium,Multiple Choice,What song by Tina Turner is the theme for Mad Max Beyond Thunderdome?,We Don't Need Another Hero,Let's Stay Together,What's Love Got To Do With It,I Don't Wanna Lose You
3106,Entertainment: Video Games,Easy,Multiple Choice,"In Counter-Strike: Global Offensive, what's the rarity of discontinued skins called?",Contraband,Discontinued,Diminished,Limited
3107,Entertainment: Video Games,Easy,True / False,"In Splatoon, the Squid Sisters are named Tako and Yaki.",False,True,,
3108,Entertainment: Music,Medium,Multiple Choice,"Rick Astley's hit song ""Never Gonna Give You Up"" was released in what year?",1987,1985,1986,1988
3109,Entertainment: Music,Medium,Multiple Choice,"Which of the following stars was not mentioned in the lyrics of Madonna's ""Vogue""?",Mae West,Marlene Dietrich,Lana Turner,Grace Kelly
3110,Sports,Easy,Multiple Choice,What team did England beat to win in the 1966 World Cup final?,West Germany,Soviet Union,Portugal,Brazil
3111,Mythology,Medium,Multiple Choice,"The Hippogriff, not to be confused with the Griffon, is a magical creature with the front half of an eagle, and the back half of what?",A Horse,A Dragon,A Tiger,A Lion
3112,History,Medium,Multiple Choice,Against which country did the Dutch Republic fight the Eighty Years' War?,Spain,France,England,Portugal
3113,Entertainment: Music,Easy,Multiple Choice,"Who was featured in the song ""Words"" by Feint? ",Laura Brehm,Anna Yvette ,Danyka Nadeau,Veela
3114,Entertainment: Video Games,Easy,Multiple Choice,Pokémon Go is a location-based augmented reality game developed and published by which company?,Niantic,Rovio,Zynga,Supercell
3115,General Knowledge,Medium,Multiple Choice,Rolex is a company that specializes in what type of product?,Watches,Cars,Computers,Sports equipment
3116,General Knowledge,Easy,Multiple Choice,"On a dartboard, what number is directly opposite No. 1?",19,20,12,15
3117,Sports,Medium,Multiple Choice,Which of these countries' national teams qualified for the 2018 FIFA World Cup in Russia?,Tunisia,United States of America,Italy,Netherlands
3118,Science: Computers,Easy,Multiple Choice,What does GHz stand for?,Gigahertz,Gigahotz,Gigahetz,Gigahatz
3119,General Knowledge,Medium,Multiple Choice,A doctor with a PhD is a doctor of what?,Philosophy,Psychology,Phrenology,Physical Therapy
3120,Entertainment: Music,Hard,Multiple Choice,"What is the stage name of New Zealand singer Phillipa ""Pip"" Brown?",Ladyhawke,Lorde,Kesha,Anika Moa
3121,Entertainment: Video Games,Easy,True / False,Ryuji Sakamoto is a character from Final Fantasy.,False,True,,
3122,Entertainment: Video Games,Medium,Multiple Choice,In which game did the Konami Code make its first appearance?,Gradius,Contra,Castlevania,Dance Dance Revolution
3123,History,Medium,Multiple Choice,When did construction of the Suez Canal finish?,1869,1859,1860,1850
3124,Entertainment: Video Games,Easy,Multiple Choice,What was the name of the protagonist in Portal and Portal 2?,Chell,Mel,Chloe,Christine
3125,Science & Nature,Hard,Multiple Choice,"What is ""Stenoma""?",A genus of moths,A combat stimulant from WW2,A type of seasoning,A port city in the carribean
3126,Entertainment: Music,Easy,Multiple Choice,"According to the American rapper Nelly, what should you do when its hot in here?",Take off all your clothes,Take a cool shower,Drink some water,Go skinny dipping
3127,Entertainment: Video Games,Easy,Multiple Choice,"The games Cry of Fear, Natural Selection and Counter-Strike were originally mods for what video game?",Half-Life,Warcraft III,Arma 2,Doom
3128,Entertainment: Music,Medium,Multiple Choice,Iconic cartoon character Mickey Mouse made his onscreen debut in what year?,1928,1929,1922,1932
3129,History,Medium,Multiple Choice,What was the name of the planned invasion of Japan towards the end of World War II?,Operation Downfall,Operation Boarding Party,Operation Ironclad,Operation Aflame
3130,General Knowledge,Easy,Multiple Choice,Which of the following is not the host of a program on NPR?,Ben Shapiro,Terry Gross,Ira Glass,Peter Sagal
3131,Science: Computers,Medium,Multiple Choice,Which coding language was the #1 programming language in terms of usage on GitHub in 2015?,JavaScript,C#,Python,PHP
3132,Entertainment: Television,Easy,Multiple Choice,"On the show ""Rick and Morty"", in episode ""Total Rickall"", who was a parasite?",Pencilvester,Beth Smith,Summer Smith,Mr. Poopy Butthole
3133,Geography,Easy,Multiple Choice,Which city is the biggest in Canada?,Toronto,Montreal,Vancouver,Ottawa
3134,Vehicles,Medium,True / False,The first true automobile ever made was the 1886 Benz Patent-Motorwagen.,True,False,,
3135,Entertainment: Video Games,Medium,Multiple Choice,"What system was ""Touhou: Highly Responsive to Prayers"" released on?",PC-98,OSX 10.9.5,Windows ME,Windows 98
3136,Entertainment: Video Games,Medium,Multiple Choice,"In the video game ""League of Legends"" which character is known as ""The Sinister Blade""?",Katarina,Shaco,Akali,Zed
3137,History,Easy,Multiple Choice,The Ottoman Empire was dissolved after their loss in which war?,World War I,Crimean War,Serbian Revolution,Second Balkan War
3138,Science: Computers,Hard,Multiple Choice,What does the International System of Quantities refer 1024 bytes as?,Kibibyte,Kylobyte,Kilobyte,Kelobyte
3139,Entertainment: Music,Hard,Multiple Choice,Which company did the animation for Peter Gabriel's Video Sledgehammer (1986)?,Aardman Animations,HIT Entertainment,Illumination Entertainment,VIZ Media
3140,General Knowledge,Easy,Multiple Choice,Which one of these is not a typical European sword design?,Scimitar,Falchion,Ulfberht,Flamberge
3141,Entertainment: Video Games,Medium,Multiple Choice,Killing Floor started as a mod for which Unreal Engine 2 game?,Unreal Tournament 2004,Deus Ex: Invisible War,Unreal Tournament 3,Postal
3142,General Knowledge,Easy,True / False,Studies suggest that approximately 40% of the world population is left-handed.,False,True,,
3143,Sports,Medium,Multiple Choice,Which of these jersey numbers has Shaquille O'Neal never worn?,35,36,33,32
3144,Entertainment: Film,Hard,Multiple Choice,"In the film ""Interstellar"", how long did they spend on Miller's planet?","23 years, 4 months, and 8 days","15 years, 2 months, and 15 days",10 months and 6 days,"26 years, 4 months, and 10 days"
3145,History,Hard,Multiple Choice,"Who is the creator of the soft drink, Dr. Pepper?",Charles Alderton,James Wellington,Johnson Hinsin,Boris Heviltik
3146,Entertainment: Television,Medium,Multiple Choice,"In the Netflix show, Stranger Things, what song would Will sing to himself as he was missing?",Should I Stay or Should I Go?,Love Will Tear Us Apart,This Charming Man,Africa
3147,Entertainment: Video Games,Medium,Multiple Choice,What Sims console game featured the Black Eyed Peas in the game?,The Urbz: Sims In The City,The Sims 2,The Sims,The Sims: Bustin Out
3148,Sports,Easy,Multiple Choice,Which country won the 2018 FIFA World Cup hosted in Russia?,France,Croatia,Belgium,England
3149,Entertainment: Television,Medium,Multiple Choice,"Pat Cashman, the announcer for Super Smash Brothers: Brawl, also featured prominently in what famous TV show?",Bill Nye the Science Guy,The Muppet Show,Scooby-Doo,Seinfeld
3150,Entertainment: Video Games,Hard,Multiple Choice,"What is the highest level that you can reach in ""The Elder Scrolls 4: Oblivion"" without considering skill levels, class, and birthsign?",50,No limit,80,100
3151,Sports,Medium,Multiple Choice,Which sport is NOT traditionally played during the Mongolian Naadam festival?,American Football,Wrestling,Archery,Horse-Racing
3152,Mythology,Easy,Multiple Choice,The ancient Roman god of war was commonly known as which of the following?,Mars,Jupiter,Juno,Ares
3153,History,Hard,Multiple Choice,Which of the following Physicists aided Nazi Germany in their production of a nuclear weapon?,Werner Heisenberg,John von Neumann,Albert Einstein,Max Planck
3154,Science: Computers,Medium,True / False,"Linus Sebastian is the creator of the Linux kernel, which went on to be used in Linux, Android, and Chrome OS.",False,True,,
3155,Sports,Hard,Multiple Choice,Which of these European cities was the first to host the modern Summer Olympic Games three times?,London,Paris,Athens,Rome
3156,Mythology,Hard,True / False,Rannamaari was a sea demon that haunted the people of the Maldives and had to be appeased monthly with the sacrifice of a virgin girl.,True,False,,
3157,General Knowledge,Easy,Multiple Choice,How many furlongs are there in a mile?,Eight,Two,Four,Six
3158,Entertainment: Video Games,Medium,Multiple Choice,"What is the full name of the protagonist from the indie adventure game ""Night in the Woods""?",Margaret Borowski,Marlena Woborski,Milena Catharina,Katia Managan
3159,General Knowledge,Medium,Multiple Choice,What year was Apple Inc. founded?,1976,1978,1980,1974
3160,Entertainment: Music,Hard,Multiple Choice,What is the British term for a 64th note?,Hemidemisemiquaver,Semihemidemisemiquaver,Semiquaver,Demisemiquaver
3161,Entertainment: Video Games,Medium,Multiple Choice,Which of these was NOT a launch title for the Nintendo 64?,Mario Kart 64,Super Mario 64,Pilotwings 64,Saikyō Habu Shōgi
3162,Geography,Medium,Multiple Choice,Bikini Atoll is in which country?,Marshall Islands,Fiji,Christmas Islands,Bahamas
3163,History,Hard,Multiple Choice,When was the Gregorian Calendar first adopted?,1582,1623,1501,1555
3164,History,Medium,True / False,"In 1967, a magazine published a story about extracting hallucinogenic chemicals from bananas to raise moral questions about banning drugs.",True,False,,
3165,Geography,Medium,Multiple Choice,The Gambia is a nation found on which continent?,Africa,Asia,South America,Europe
3166,Entertainment: Comics,Easy,Multiple Choice,"In the Marvel comic ""The Superior Spider-Man"", Peter Parker's body is taken over by which character?",Otto Octavius ,Norman Osborn,Mary Jane,Eddie Brock 
3167,History,Hard,Multiple Choice,Pianist Frédéric Chopin was a composer of which musical era?,Romantic,Classic,Baroque,Renaissance
3168,Entertainment: Film,Hard,Multiple Choice,"In order to cut costs, what were most of the extras of Mad Max (1979) paid with?",Beer,Fast food,Food stamps,They weren't paid
3169,History,Hard,Multiple Choice,What is the name of the Boeing B-29 that dropped the 'Little Boy' atomic bomb on Hiroshima?,Enola Gay,Necessary Evil,The Great Artiste,Full House
3170,General Knowledge,Medium,Multiple Choice,What is the name of the very first video uploaded to YouTube?,Me at the zoo,tribute,carrie rides a truck,Her new puppy from great grandpa vern.
3171,Entertainment: Video Games,Medium,Multiple Choice,"In which ""Call of Duty"" game are the ""Apothicons"" introduced in the Zombies mode?",Call Of Duty: Black Ops III,Call Of Duty: Black Ops,Call Of Duty: World At War,Call Of Duty: Black Ops II
3172,Entertainment: Cartoon & Animations,Medium,Multiple Choice,"What is the cartoon character, Andy Capp, known as in Germany?",Willi Wakker,Dick Tingeler,Helmut Schmacker,Rod Tapper
3173,Vehicles,Hard,Multiple Choice,What was the name of the first front-wheel-drive car produced by Datsun (now Nissan)?,Cherry,Sunny,Bluebird,Skyline
3174,General Knowledge,Easy,True / False,Adolf Hitler was born in Australia. ,False,True,,
3175,Entertainment: Music,Easy,Multiple Choice,"Whose signature guitar technique is called the ""windmill""?",Pete Townshend,Jimmy Page,Eddie Van Halen,Jimi Hendrix
3176,Entertainment: Video Games,Medium,Multiple Choice,What is a Tetris piece called?,Tetromino,Tetratile,Tetris,Tetripiece
3177,Geography,Easy,Multiple Choice,"Which of the following geographic features is a ring-shaped coral reef, island, or series of islets?",Atoll,Peninsula,Isthmus,Delta
3178,Entertainment: Music,Medium,Multiple Choice,Which of the following rappers were NOT part of the hip-hop group Odd Future?,Vince Staples,"Tyler, the Creator",Frank Ocean,Mike G
3179,History,Medium,Multiple Choice,"What was the transfer of disease, crops, and people across the Atlantic shortly after the discovery of the Americas called?",The Columbian Exchange,Triangle Trade,Transatlantic Slave Trade,The Silk Road
3180,Entertainment: Japanese Anime & Manga,Medium,Multiple Choice,"In ""Highschool DxD"", Koneko Toujou is from what race?",Nekomata,Kitsune,Human,Kappa
3181,Animals,Medium,Multiple Choice,What is the name for a male bee that comes from an unfertilized egg?,Drone,Soldier,Worker,Male
3182,Politics,Hard,Multiple Choice,Which nation joined NATO as its 29th member in 2017?,Montenegro,Estonia,Andorra,Iceland
3183,General Knowledge,Hard,True / False,"Spoon theory is a theory, utilizing ""Spoons"" as a metaphor for energy they can use in a day.",True,False,,
3184,Science & Nature,Easy,Multiple Choice,Dry ice is the solid form of what substance?,Carbon dioxide,Nitrogen,Ammonia,Oxygen
3185,Entertainment: Video Games,Easy,Multiple Choice,"In the game ""DELTARUNE"", what is Ralsei's special ability?",Pacify,Persuade,Eliminate,Hug
3186,Entertainment: Video Games,Medium,Multiple Choice,Who's the creator of Geometry Dash?,Robert Topala,Scott Cawthon,Adam Engels,Andrew Spinks
3187,Entertainment: Music,Easy,Multiple Choice,"Who was ""Kung Fu Fighting"" in 1974?",Carl Douglas,The Bee Gees,Heatwave,Kool & the Gang
3188,Entertainment: Board Games,Medium,True / False,"In the game ""Racko"" you may pick up ANY card from the discard pile.",False,True,,
3189,Entertainment: Film,Medium,Multiple Choice,Which town is the setting for the Disney movie The Love Bug (1968)?,San Francisco,Los Angeles,Sacramento,San Jose
3190,General Knowledge,Medium,Multiple Choice,What do the Dutch call their language?,Nederlands,Dansk,Deutsch,Hollander
3191,Entertainment: Music,Easy,Multiple Choice,"""The Singing Cowboy"" Gene Autry is credited with the first recording for all but which classic Christmas jingle?",White Christmas,Frosty the Snowman,Rudolph the Red-Nosed Reindeer,Here Comes Santa Claus
3192,Science & Nature,Easy,Multiple Choice,Which of these bones is hardest to break?,Femur,Cranium,Humerus,Tibia
3193,Sports,Hard,Multiple Choice,Who won the 1998 Daytona 500?,Dale Earnhardt,John Anderson,Jeff Gordon,Michael Walltrip
3194,Entertainment: Video Games,Medium,Multiple Choice,"Who is the main character of ""Metal Gear Solid 3""?",Naked Snake,Solid Snake,Liquid Snake,Venom Snake
3195,History,Easy,Multiple Choice,What is the historical name of Sri Lanka?,Ceylon,Myanmar,Colombo,Badulla
3196,Geography,Hard,Multiple Choice,"What is the Finnish word for ""Finland""?",Suomi,Eesti,Magyarország,Sverige
3197,Science: Computers,Medium,Multiple Choice,Which one of these is not an official development name for a Ubuntu release?,Mystic Mansion,Trusty Tahr,Utopic Unicorn,Wily Werewolf
3198,Entertainment: Video Games,Easy,Multiple Choice,Which eSports team came first place in The International Dota 2 Championship 2016?,Wings Gaming,Digital Chaos,Evil Geniuses,Fnatic
3199,Geography,Medium,Multiple Choice,How many countries share a land border with Luxembourg?,3,4,2,5
3200,Entertainment: Video Games,Medium,Multiple Choice,"In the ""Call Of Duty: Zombies"" map ""Der Riese"", what is the name of the ""Pack-A-Punched PPSH-41""?",The Reaper,Lamentation,The Grim Reaper,The Eviscerator  
3201,Science & Nature,Medium,Multiple Choice,Which part of the body does glaucoma affect?,Eyes,Throat,Stomach,Blood
3202,Entertainment: Video Games,Medium,Multiple Choice,When was Club Penguin launched?,"October 24, 2005","October 21, 2005","March 29, 2006","November 22, 2004"
3203,Entertainment: Books,Hard,True / False,"Harry Potter was born on July 31st, 1980.",True,False,,
3204,History,Medium,Multiple Choice,Where was Abraham Lincoln when he was assassinated by John Wilkes Booth in 1865?,At the theatre,On a boat,On his horse,In bed
3205,Entertainment: Film,Medium,Multiple Choice,Which of these Disney classics was released in 1970?,The Aristocats,One Hundred and One Dalmatians,The Fox and the Hound,The Little Mermaid
3206,Entertainment: Cartoon & Animations,Hard,Multiple Choice,What is Scooby Doo's full name?,Scoobert Doo,Scooter Doo,Scooby Dooby Doo,Scoobity Doo
3207,Entertainment: Television,Medium,Multiple Choice,"What is the name of the inspector in the series ""On the Buses""?",Blakey,Harper,Naily,Gally
3208,Science: Gadgets,Medium,Multiple Choice,This former Air Force and NASA engineer is the inventor of the Super Soaker water gun.,Lonnie Johnson,Bruce D'Andrade,Frances Northcutt,Ashitey Trebi-Ollennu
3209,Science: Mathematics,Medium,Multiple Choice,How many zeros are there in a googol?,100,10,"1,000","1,000,000"
3210,Science: Mathematics,Hard,Multiple Choice,The French mathematician Évariste Galois is primarily known for his work in which?,Galois Theory,Galois' Continued Fractions,Galois' Method for PDE's ,Abelian Integration
3211,History,Hard,Multiple Choice,How many sonatas did Ludwig van Beethoven write?,32,50,31,21
3212,Entertainment: Music,Medium,Multiple Choice,What is the relationship between the band members of American rock band King of Leon?,Brothers & cousins,Childhood friends,Former classmates,Fraternity house members
3213,Entertainment: Cartoon & Animations,Easy,Multiple Choice,"In the Pixar film, ""Toy Story"" what was the name of the child who owned the toys?",Andy,Edward,Danny,Matt
3214,Geography,Medium,Multiple Choice,Where is the area commonly known as the Bermuda Triangle?,"North Atlantic Ocean, between Florida and Puerto Rico","North Pacific Ocean, between Japan and the USA",In the Caribbean Sea,"South Pacific Ocean, far off Chile"
3215,Entertainment: Japanese Anime & Manga,Easy,Multiple Choice,"In ""Inuyasha"", what are the heros are looking to collect?",Jewel Shards,Dragon Balls,Rave Stones,Sacred Stones
3216,Entertainment: Comics,Medium,Multiple Choice,"Who wrote the Batman comic series ""The Killing Joke""?",Alan Moore,Bill Finger,Frank Miller,Jerry Siegel
3217,Entertainment: Video Games,Easy,Multiple Choice,Who is able to grab the survivors with his tongue in Left 4 Dead?,Smoker,Jockey,Hunter,Boomer
3218,Entertainment: Film,Easy,Multiple Choice,What name did Tom Hanks give to his volleyball companion in the film `Cast Away`?,Wilson,Friday,Jones,Billy
3219,Science: Mathematics,Easy,Multiple Choice,How many sides does a pentagon have?,5,9,6,4
3220,Entertainment: Video Games,Easy,Multiple Choice,"How many Chaos Emeralds are there in the ""Sonic the Hedgehog"" universe?",7,6,8,14
3221,General Knowledge,Medium,Multiple Choice,What is the unit of currency in Laos?,Kip,Ruble,Konra,Dollar
3222,Entertainment: Video Games,Medium,Multiple Choice,"In Touhou 12: Undefined Fantastic Object, which of these was not a playable character?",Izayoi Sakuya,Hakurei Reimu,Kirisame Marisa,Kochiya Sanae
3223,Sports,Medium,Multiple Choice,Josh Mansour is part of what NRL team?,Penrith Panthers,Melbourne Storm,Sydney Roosters,North Queensland Cowboys
3224,Entertainment: Board Games,Hard,Multiple Choice,Which of these cities is NOT featured in the Pandemic board game?,Berlin,Ho Chi Minh City,Lagos,Karachi
3225,General Knowledge,Medium,Multiple Choice,"What name represents the letter ""M"" in the NATO phonetic alphabet?",Mike,Matthew,Mark,Max
3226,Geography,Medium,Multiple Choice,What is the capital of Vietnam?,Hanoi,Da Nang,Hai Phong,Ho Chi Minh City
3227,Entertainment: Video Games,Medium,Multiple Choice,"Along with Gabe Newell, who co-founded Valve?",Mike Harrington,Robin Walker,Marc Laidlaw,Stephen Bahl
3228,Animals,Easy,True / False,"In 2016, the IUCN reclassified the status of Giant Pandas from endangered to vulnerable.",True,False,,
3229,Science: Mathematics,Easy,Multiple Choice,What is the symbol for Displacement?,Δr,dr,Dp,r
3230,Entertainment: Video Games,Easy,True / False,"Ana was added as a new hero for the game Overwatch on July 19th, 2016.",True,False,,
3231,Politics,Easy,Multiple Choice,How many people are in the U.S. House of Representatives?,435,260,415,50
3232,Science & Nature,Hard,Multiple Choice,Where is the Gluteus Maximus muscle located?,Butt,Arm,Head,Torso
3233,Entertainment: Music,Medium,True / False,"Rapper Snoop Dogg's real name is 'Cordozar Calvin Broadus, Jr.'.",True,False,,
3234,Entertainment: Music,Easy,True / False,"The music video to The Buggle's ""Video Killed the Radio Star"" was the first music video to broadcast on MTV.",True,False,,
3235,Entertainment: Music,Medium,Multiple Choice,"The letters in the name of the band ""TWRP"" stand for what?",Tupperware Remix Party,Totally Wicked Robot Performers,Team Wild and the Radio Pirates,Taiwan Roleplay
3236,Entertainment: Japanese Anime & Manga,Hard,Multiple Choice,"In ""One Piece"", who confirms the existence of the legendary treasure, One Piece?","Edward ""Whitebeard"" Newgate",Former Marine Fleet Admiral Sengoku,Pirate King Gol D Roger,Silvers Rayleigh
3237,Entertainment: Japanese Anime & Manga,Hard,Multiple Choice,In the Overlord Anime who was Cocytus made by?,Warrior Takemikazuchi,Peroroncino,Ulbert Alain Odle,Bukubukuchagama
3238,Mythology,Easy,Multiple Choice,This Greek goddess's name was chosen for the dwarf planet responsible for discord on Pluto's classification amongst astronomers.,Eris,Charon,Ceres,Dysnomia
3239,Science & Nature,Easy,Multiple Choice,What does DNA stand for?,Deoxyribonucleic Acid,Deoxyribogenetic Acid,Deoxyribogenetic Atoms,Detoxic Acid
3240,Entertainment: Video Games,Medium,Multiple Choice,"On the 6th of June 2006, what was the name of the infamous glitch that occurred in the MMO RuneScape?",The Falador Massacre,Noclip glitch,Party-hat Duplication Glitch,TzHaar Massacre
3241,Entertainment: Video Games,Hard,Multiple Choice,"According to an interview with ""Super Mario Land 2"" game director Hiroji Kiyotake, what is Wario's favorite food?",Crepes,Pizza,Garlic,Cheese
3242,Animals,Medium,True / False,"The Ceratosaurus, a dinosaur known for having a horn on the top of its nose, is also known to be a decendent of the Tyrannosaurus Rex.",False,True,,
3243,History,Medium,Multiple Choice,What year were the Marian Reforms instituted in the Roman Republic?,107 BCE,42 BCE,264 BCE,102 CE
3244,Entertainment: Video Games,Hard,Multiple Choice,"In World of Warcraft lore, who organized the creation of the Paladins?",Alonsus Faol,Uther the Lightbringer,Alexandros Mograine,"Sargeras, The Daemon Lord"
3245,Entertainment: Video Games,Medium,Multiple Choice,"The mobile game ""Jetpack Joyride"" was released in what year? ",2011,2012,2009,2014
3246,Science & Nature,Easy,Multiple Choice,The medical term for the belly button is which of the following?,Umbilicus,Nevus,Nares,Paxillus
3247,Science & Nature,Medium,True / False,"Like with the Neanderthals, Homo sapiens sapiens also interbred with the Denisovans.",True,False,,
3248,Entertainment: Television,Medium,Multiple Choice,Baron Silas Greenback is the arch nemesis of which cartoon hero?,Danger Mouse,Bananaman,SuperTed,Captain Star
3249,Entertainment: Video Games,Easy,True / False,The end credits sequence in Grand Theft Auto 5 is over half an hour long.,True,False,,
3250,Art,Easy,Multiple Choice,What is the name of the Japanese art of folding paper into decorative shapes and figures?,Origami,Sumi-e,Ukiyo-e,Haiku
3251,Entertainment: Video Games,Hard,Multiple Choice,"In Minecraft, what update did foods like steak become stackable?",Beta 1.8,Alpha 1.2.0,Release 1.12.1,Release 1.7.2
3252,History,Medium,Multiple Choice,Which of these founding fathers of the United States of America later became president?,James Monroe,Alexander Hamilton,Samuel Adams,Roger Sherman
3253,Entertainment: Film,Medium,Multiple Choice,"What is the correct phrase for the Latin saying ""Romanes Eunt Domus"" in Monty Python's Life of Brian?",Romani Ite Domum,Romans Go Home,Roxani Ite Domum,Tomate Ite Domum
3254,Entertainment: Music,Hard,Multiple Choice,Electronic artists Boys Noize and Skrillex have collaborated and released tracks under what name?,Dog Blood,Jack Ü,What So Not,Noisia
3255,Entertainment: Film,Medium,Multiple Choice,In which 1955 film does Frank Sinatra play Nathan Detroit?,Guys and Dolls,Anchors Aweigh,From Here to Eternity,High Society
3256,Geography,Medium,Multiple Choice,Which is the largest of these 4 islands?,Borneo,Great Britain,Cuba,Madagascar
3257,Animals,Medium,True / False,The Platypus is a mammal.,True,False,,
3258,General Knowledge,Hard,Multiple Choice,Which of the following  British Monarchs never appeared on a circulated pound sterling coin?,Edward VIII,Victoria,George VI,Charles II
3259,Entertainment: Board Games,Hard,Multiple Choice,"How many rooms are there, not including the hallways and the set of stairs, in the board game ""Clue""?",9,1,6,10
3260,Sports,Easy,Multiple Choice,"Who is often called ""the Maestro"" in the men's tennis circuit?",Roger Federer,Bill Tilden,Boris Becker,Pete Sampras
3261,Entertainment: Video Games,Easy,True / False,"In the Mortal Kombat series the ""Deadly Alliance"" consists of Shang Tsung and Quan Chi",True,False,,
3262,Science & Nature,Medium,Multiple Choice,When was the first mammal successfully cloned?,1996,2009,1999,1985
3263,General Knowledge,Hard,True / False,"This is the correct spelling of ""Supercalifragilisticexpialidocious"".",True,False,,
3264,Entertainment: Film,Medium,Multiple Choice,"In the 2014 film ""Birdman"", what is the primary instrument in the score?",Drums,Saxophone,Violin,Actual Live Birds Singing
3265,Entertainment: Cartoon & Animations,Medium,True / False,"In ""Avatar: The Last Airbender"" and ""The Legend of Korra"", Lavabending is a specialized bending technique of Firebending.",False,True,,
3266,Vehicles,Easy,True / False,BMW M GmbH is a subsidiary of BMW AG that focuses on car performance.,True,False,,
3267,Entertainment: Video Games,Medium,True / False,"In the Season One Championship of ""League of Legends"", the highest achievable rank was Diamond.",False,True,,
3268,Geography,Medium,Multiple Choice,Which of these country's capitals starts with the letter B?,Lebanon,Jordan,Kuwait,Qatar
3269,Entertainment: Video Games,Easy,True / False,"In Resident Evil 4, the Chicago Typewriter has infinite ammo.",True,False,,
3270,Entertainment: Japanese Anime & Manga,Medium,Multiple Choice,Which studio animated Soul Eater?,Bones,Kyoto Animation,xebec,Production I.G
3271,History,Easy,Multiple Choice,In which war did the atomic bombings of Hiroshima and Nagasaki occur?,World War II,World War I,Russo-Japanese War,First Sino-Japanese War
3272,Science & Nature,Easy,Multiple Choice,How many chromosomes are in your body cells?,23,21,22,24
3273,History,Medium,Multiple Choice,What year was the Italian firearms manufacturer Beretta founded?,1526,1776,1923,1998
3274,History,Medium,Multiple Choice,Which of these countries was sea charted in 1500 by the Portuguese maritime explorations?,Brazil,India,Mozambique,Madagascar
3275,General Knowledge,Easy,True / False,"""27 Club"" is a term used to refer to a list of famous actors, musicians, and artists who died at the age of 27.",True,False,,
3276,History,Medium,Multiple Choice,Where was Portuguese explorer Ferdinand Magellan killed in 1521?,The Phillipines,Canary Islands,Guam,Argentina
3277,Science & Nature,Hard,Multiple Choice,Which horizon in a soil profile consists of bedrock?,R,O,B,D
3278,Entertainment: Television,Medium,Multiple Choice,What is the name of the mad scientist who owns Planet Express in Futurama?,Hubert J. Farnsworth,Philip J. Fry,Rick Sanchez,Ogden Wernstrom
3279,Entertainment: Music,Easy,Multiple Choice,Which of these are NOT a Men at Work song?,Basket Case,Dr. Heckyll and Mr. Jive,Who Can It Be Now?,Be Good Johnny
3280,General Knowledge,Easy,Multiple Choice,Who played General Aladeen in The Dictator?,Sacha Baron Cohen,Johnny Depp,James Franco,Leonardo Dicaprio
3281,Science: Computers,Hard,Multiple Choice,Which of the following computer components can be built using only NAND gates?,ALU,CPU,RAM,Register
3282,Entertainment: Video Games,Medium,Multiple Choice,Which video game earned music composer Mike Morasky the most awards for his work?,Portal 2,Left 4 Dead 2,Team Fortress 2,Counter-Strike: Global Offensive
3283,Entertainment: Video Games,Medium,Multiple Choice,"Capcom's survival horror title Dead Rising, canonically starts on what day of September 2006?",September 19th,September 21st,September 30th,September 14th
3284,Vehicles,Easy,Multiple Choice,Jaguar Cars was previously owned by which car manfacturer?,Ford,Chrysler,General Motors,Fiat
3285,Entertainment: Television,Easy,Multiple Choice,What NBC sitcom once saw two of its characters try to pitch NBC on a sitcom about nothing?,Seinfeld,Frasier,Becker,Friends
3286,Entertainment: Music,Medium,Multiple Choice,Who is the frontman of Muse?,Matt Bellamy,Dominic Howard,Thom Yorke,Jonny Greenwood
3287,History,Easy,Multiple Choice,"In what year did the Great Northern War, between Russia and Sweden, end?",1721,1726,1727,1724
3288,General Knowledge,Easy,Multiple Choice,Who was the 1st President of Mexico?,Guadalupe Victoria,Benito Juárez,Miguel Hidalgo Y Costilla,Vicente Guerrero
3289,Mythology,Easy,Multiple Choice,"In most traditions, who was the wife of Zeus?",Hera,Aphrodite,Athena,Hestia
3290,Entertainment: Books,Medium,Multiple Choice,Mary Shelley is the author of what classic horror story?,Frankenstein,Dracula,Strange Case of Dr Jekyll and Mr Hyde,The Legend of Sleepy Hollow
3291,Entertainment: Music,Hard,True / False,"The singer Billie Holiday was also known as ""Lady Day"".",True,False,,
3292,Entertainment: Video Games,Easy,Multiple Choice,"Which Greek letter represents the ""Half-Life"" logo?",Lambda,Omega,Alpha,Sigma
3293,Politics,Medium,True / False,Vatican city is a full member of United Nations.,False,True,,
3294,Entertainment: Books,Easy,Multiple Choice,Which famous book is sub-titled 'The Modern Prometheus'?,Frankenstein,Dracula,The Strange Case of Dr. Jekyll and Mr. Hyde ,The Legend of Sleepy Hollow
3295,Entertainment: Music,Hard,Multiple Choice,What is Pink Floyd's first album?,The Piper at the Gates of Dawn,The Dark Side of the Moon,Wish You Were Here,Meddle
3296,Mythology,Easy,Multiple Choice,"In Greek mythology, who is the god of wine?",Dionysus,Hephaestus,Demeter,Apollo
3297,Entertainment: Film,Hard,Multiple Choice,What was the first superhero film James Gunn was involved with?,The Specials,Super,Guardians of the Galaxy,Brightburn
3298,General Knowledge,Medium,Multiple Choice,"Which famed architect, who died in 2019 aged 102, designed the glass pyramid at the Louvre museum in Paris?",I. M. Pei,Pascale Guédot,Frank Gehry,Wang Shu
3299,Entertainment: Video Games,Easy,Multiple Choice,"In the Nintendo DS game 'Ghost Trick: Phantom Detective', what is the name of the hitman seen at the start of the game?",Nearsighted Jeego,One Step Ahead Tengo,Missile,Cabanela
3300,Geography,Medium,Multiple Choice,Montreal is in which Canadian province?,Quebec,Ontario,Nova Scotia,Alberta
3301,History,Medium,Multiple Choice,What was the name of the chemical that was dropped on Vietnam during the Vietnam war?,Agent Orange,Phosgene,Mustard Gas,Hydrogen Cyanide
3302,Entertainment: Film,Medium,Multiple Choice,"In Finding Nemo, what was the name of Nemo's mom?",Coral,Sandy,Pearl,Shelly
3303,Science: Mathematics,Medium,Multiple Choice,"What are the first 6 digits of the number ""Pi""?",3.14159,3.14169,3.12423,3.25812
3304,Science: Gadgets,Medium,Multiple Choice,"What is the ""Mitsubishi Wakamaru""?",A robot,A pickup truck,An motorcycle,A motorboat
3305,Entertainment: Film,Easy,Multiple Choice,"In Avengers: Infinity War, the Reality Stone (aka the Aether) was kept under safe possession by who?",The Collector,Doctor Strange,The Grandmaster,Scarlet Witch
3306,Entertainment: Video Games,Medium,True / False,"In the game ""Until Dawn"" Emily is the only playable character who can be killed by another playable character directly.",True,False,,
3307,History,Easy,Multiple Choice,"During WWII, in 1945, the United States dropped atomic bombs on the two Japanese cities of Hiroshima and what other city?",Nagasaki,Kawasaki,Tokyo,Kagoshima
3308,Animals,Hard,Multiple Choice,What is the name of the copper-rich protein that creates the blue blood in the Antarctic octopus?,Hemocyanin,Cytochrome,Iron,Methionine
3309,History,Medium,Multiple Choice,What event marked the start of World War II?,Invasion of Poland (1939),Invasion of Russia (1942),Battle of Britain (1940),Invasion of Normandy (1944)
3310,Geography,Medium,True / False,"The longest place named in the United States is Lake Chargoggagoggmanchauggagoggchaubunagungamaugg, located near Webster, MA.",True,False,,
3311,Science & Nature,Medium,Multiple Choice,"To the nearest minute, how long does it take for light to travel from the Sun to the Earth?",8 Minutes,6 Minutes,2 Minutes,12 Minutes
3312,Entertainment: Video Games,Easy,True / False,"The game ""Pocket Morty"" has a Morty called ""Pocket Mortys Morty""?",True,False,,
3313,History,Medium,Multiple Choice,The gunpowder plot was a well-known failed assassination attempt against which of England's then reigning monarchs?,James I,Elizabeth I,Charles II,Charles I
3314,Entertainment: Video Games,Hard,Multiple Choice,"In Animal Crossing: New Leaf, which of these paintings from Redd's Art Gallery is always genuine?",Warm Painting,Jolly Painting,Neutral Painting,Wistful Painting
3315,Entertainment: Film,Easy,Multiple Choice,"Which of these actors/actresses is NOT a part of the cast for the 2016 movie ""Suicide Squad""?",Scarlett Johansson,Jared Leto,Will Smith,Margot Robbie
3316,Entertainment: Music,Medium,True / False,"3 members of 2 Live Crew were arrested for playing songs from their album, As Nasty As They Wanna Be, live.",True,False,,
3317,Geography,Hard,Multiple Choice,What is the name of rocky region that spans most of eastern Canada?,Canadian Shield,Rocky Mountains,Appalachian Mountains,Himalayas
3318,Entertainment: Music,Medium,Multiple Choice,"Which music artist made the songs ""Heart"", ""It's a Sin"", and ""West End Girls""?",Pet Shop Boys,The Human League,New Order,Ultravox
3319,Entertainment: Music,Easy,Multiple Choice,"Which former boy-band star released hit solo single ""Angels"" in 1997?",Robbie Williams,Justin Timberlake,Harry Styles,Gary Barlow
3320,General Knowledge,Easy,True / False,The CEO of tech company Apple following Steve Jobs is named Tim Apple.,False,True,,
3321,Science: Computers,Medium,Multiple Choice,Which operating system was released first?,Mac OS,Windows,Linux,OS/2
3322,Sports,Medium,True / False,ATP tennis hosted several tournaments on carpet court before being replaced to reduce injuries.,True,False,,
3323,Geography,Easy,True / False,Hungary is the only country in the world beginning with H.,False,True,,
3324,Entertainment: Video Games,Easy,Multiple Choice,Which Game Boy from the Game Boy series of portable video game consoles was released first?,Game Boy Color,Game Boy Advance,Game Boy Micro,Game Boy Advance SP
3325,Science & Nature,Easy,True / False,An atom contains a nucleus.,True,False,,
3326,Entertainment: Video Games,Hard,Multiple Choice,"In ""Final Fantasy VI"", what is the name of (summoned) Gilgamesh's weakest attack?",Excalipoor,Excalibore,Excalisnore,Excalisore
3327,Entertainment: Musicals & Theatres,Hard,Multiple Choice,Which of these plays was famously first performed posthumously after the playwright committed suicide?,4.48 Psychosis,Hamilton,Much Ado About Nothing,The Birthday Party
3328,History,Medium,Multiple Choice,What day did the Battle of Gettysburg begin?,"July 1, 1863","September 17, 1862","July 21, 1861","Apr 30, 1863"
3329,General Knowledge,Medium,Multiple Choice,What is real haggis made of?,"Sheep's Heart, Liver and Lungs","Sheep's Heart, Kidneys and Lungs","Sheep's Liver, Kidneys and Eyes",Whole Sheep
3330,Entertainment: Cartoon & Animations,Easy,Multiple Choice,"Who created the Cartoon Network series ""Regular Show""?",J. G. Quintel,Ben Bocquelet,Pendleton Ward,Rebecca Sugar
3331,Entertainment: Video Games,Hard,Multiple Choice,What is the name of the alligator in Where's My Water?,Swampy,Cranky,Crocky,Justice
3332,Entertainment: Video Games,Medium,Multiple Choice,What is the name of the machine that fails and essentially dooms mankind in the beginning of the first Half-Life game?,Anti-mass spectrometer,Oscillation generator,Dark fusion reactor,Dark fusion resonator
3333,Entertainment: Music,Medium,True / False,"A Facebook campaign placed Rage Against The Machine's ""Killing in the Name Of"" as the UK Christmas Number 1 in 2009.",True,False,,
3334,Entertainment: Video Games,Medium,Multiple Choice,What was the name of the device used by Scarecrow in Batman: Arkham Knight to cover Gotham in fear gas?,The Cloudburst,The Fear Bomb,The Fearburst,Cloud Dispersal System
3335,Geography,Hard,Multiple Choice,What is the world's smallest country by population?,Vatican City,Nauru,Marshall Islands,Lichtenstein
3336,Entertainment: Music,Easy,Multiple Choice,What is the name of Rivers Cuomo's wife?,Kyoko Ito,Yoko Ono,Kyary Pamyu Pamyu,LiSA
3337,Entertainment: Board Games,Medium,Multiple Choice,"At the start of a standard game of the Monopoly, if you throw a double six, which square would you land on?",Electric Company,Water Works,Chance,Community Chest
3338,Entertainment: Video Games,Hard,Multiple Choice,"Which day in ""Papers, Please"" does the man in red appear?",Day 23,Day 20,Day 17,Day 15
3339,History,Hard,True / False,Japan was part of the Allied Powers during World War I.,True,False,,
3340,Entertainment: Books,Medium,Multiple Choice,"In the year 1818, novelist Mary Shelly is credited with writing a fiction novel and creating this infamous character.",Frankenstein's monster,Dracula,The Thing,The Invisible Man
3341,Celebrities,Medium,Multiple Choice,Donald J. Trump's Middle Name is...,John,Jeff,Jerald,Jason
3342,General Knowledge,Medium,True / False,"The term ""Spam"" came before the food product ""Spam"".",False,True,,
3343,Science & Nature,Hard,Multiple Choice,What is the name for the auditory illusion of a note that seems to be rising infinitely?,Shepard Tone,Glissandro Illusion,Fransen Effect,McGurck Effect
3344,Science & Nature,Easy,True / False,The Earth and the Moon roughly have the same mass.,False,True,,
3345,General Knowledge,Easy,Multiple Choice,Red Vines is a brand of what type of candy?,Licorice,Lollipop,Chocolate,Bubblegum
3346,Entertainment: Video Games,Hard,Multiple Choice,"What's the name of the halloween-related Sims 4 Stuff Pack released September 29th, 2015?",Spooky Stuff,Ghosts n' Ghouls,Nerving Nights,Fearful Frights
3347,Entertainment: Board Games,Easy,True / False,Snakes and Ladders was originally created in India?,True,False,,
3348,Entertainment: Music,Easy,Multiple Choice,Which 80s band is fronted by singer/guitarist Robert Smith?,The Cure,The Smiths,Echo & the Bunnymen,New Order
3349,Entertainment: Video Games,Medium,Multiple Choice,"What was the code name for the ""Nintendo Gamecube""?",Dolphin,Nitro,Revolution,Atlantis
3350,Entertainment: Video Games,Easy,Multiple Choice,Which of these following weapon or equipment exists in Counter Strike but not in Counter Strike: Source?,Tactical Shield,Molotov Cocktail,MP5 Navy,TMP
3351,History,Medium,Multiple Choice,Which Nation did NOT have a Colony in modern-day North America?,Portugal,Spain,Sweden,Netherlands
3352,Geography,Medium,Multiple Choice,The formerly East-Prussian city of Königsberg is known as which Russian City today?,Kaliningrad,Kazan,Kursk,Krasnodar
3353,Entertainment: Music,Hard,Multiple Choice,What is the name of the 2016 mixtape released by Venezuelan electronic producer Arca?,Entrañas,&&&&&&,Sheep,Xen
3354,Entertainment: Film,Medium,Multiple Choice,"This movie contains the quote, ""What we've got here is a failure to communicate.""",Cool Hand Luke,Bonnie and Clyde,The Graduate,In the Heat of the Night
3355,Entertainment: Television,Medium,Multiple Choice,What year was Netflix founded?,1997,1999,2004,2001
3356,Geography,Easy,True / False,A group of islands is called an 'archipelago'.,True,False,,
3357,General Knowledge,Easy,True / False,The color orange is named after the fruit.,True,False,,
3358,Entertainment: Japanese Anime & Manga,Medium,Multiple Choice,"In the anime ""Gintama"" which accessory/article of clothing is the character Shinpachi commonly referred to as?",Glasses,Nose Ring,T-Shirt,Underwear
3359,Entertainment: Film,Medium,True / False,"Sean Connery wasn't in ""Indiana Jones and the Kingdom of the Crystal Skull"" because he found retirement too enjoyable.",True,False,,
3360,Science: Computers,Medium,Multiple Choice,"What does the DOS in Microsoft's first operating system ""MS-DOS"" stand for?",Disk Operating System,Dumb Operating System,Driver Oriented System,Diskless Operating System
3361,Entertainment: Music,Easy,Multiple Choice,Which one of the following musical instruments is NOT a part of the Woodwind section?,Trumpet,Clarinet,Oboe,Alto Saxophone
3362,Science: Gadgets,Medium,Multiple Choice,"Mobile hardware and software company ""Blackberry Limited"" was founded in which country?",Canada,Norway,United States of America,United Kingdom
3363,History,Medium,Multiple Choice,In what year did the First World War end?,1918,1914,1916,1912
3364,Entertainment: Television,Hard,Multiple Choice,"In the show 'Doctor Who', what is the name of the time-capsule model stolen by 'the Doctor'?","TT Type 40, Mark 3 (TARDIS)","TT Type 1, Mark 3 (TARDIS)","TT Type 40, Mark 5 (TARDIS)","TT Type 1, Mark 5 (TARDIS)"
3365,Entertainment: Music,Medium,Multiple Choice,Which of the following bands is Tom DeLonge not a part of?,+44,Box Car Racer,Blink-182,Angels & Airwaves
3366,Science & Nature,Easy,Multiple Choice,What is the speed of light in a vacuum?,"299,792,458 m/s","50,461 m/s","308,215,043 m/s","751,665,014,151 m/s"
3367,Science & Nature,Medium,True / False,Steel is an alloy of Iron and Carbon.,True,False,,
3368,Entertainment: Video Games,Easy,Multiple Choice,"In the ""Worms"" series of video games, which of these weapons is affected by wind?",Bazooka,Grenade,Air Strike,Mortar
3369,Entertainment: Video Games,Hard,Multiple Choice,Which of these TrackMania environments was NOT in the original game?,Bay,Desert,Snow,Rally
3370,Entertainment: Comics,Easy,Multiple Choice,"In Black Hammer, what city did the heroes save from the Anti-God?",Spiral City,Mega-City One,Rockwood,Star City
3371,Entertainment: Books,Easy,Multiple Choice,In what Harry Potter book was a Horcrux first encountered?,The Chamber of Secrets,The Half-Blood Prince,The Goblet of Fire,The Deathly Hallows
3372,Science & Nature,Easy,True / False,The shape of the Earth is a perfect sphere.,False,True,,
3373,Entertainment: Music,Easy,True / False,The K-Pop Boy Band BTS debuted in the year 2013.,True,False,,
3374,Science & Nature,Hard,Multiple Choice,"What common name is given to the medial condition, tibial stress syndrome (MTSS)?",Shin Splints,Tennis Elbow,Carpal Tunnel,Housemaid's Knee
3375,Entertainment: Board Games,Hard,Multiple Choice,"The board game ""Monopoly"" is a variation of what board game?",The Landlord's Game,Territorial Dispute,Property Feud,The Monopolist's Game
3376,Sports,Medium,Multiple Choice,Who won the 2018 Monaco Grand Prix?,Daniel Ricciardo,Sebastian Vettel,Kimi Raikkonen,Lewis Hamilton
3377,Entertainment: Video Games,Hard,Multiple Choice,Which of the four empires in  Eve Online was the first to achieve faster than light travel?,Amarr Empire,Caldari State,Gallente Federation,Minmatar Republic
3378,Science & Nature,Easy,Multiple Choice,What is the hottest planet in the Solar System?,Venus,Mars,Mercury,Jupiter
3379,Entertainment: Video Games,Medium,True / False,"In ""Team Fortress 2"", the ""Bill's Hat"" is a reference to the game ""Dota 2"".",False,True,,
3380,Entertainment: Video Games,Hard,Multiple Choice,"Which Kingdom Hearts game featured the cast of ""The World Ends With You""?",Dream Drop Distance,Birth By Sleep,365/2 Days,Re:Chain of Memories
3381,Geography,Easy,Multiple Choice,Which country is the home of the largest Japanese population outside of Japan?,Brazil,China,Russia,The United States
3382,Science & Nature,Easy,Multiple Choice,Which element has the chemical symbol 'Fe'?,Iron,Gold,Silver,Tin
3383,Science: Mathematics,Medium,True / False,E = MC3,False,True,,
3384,General Knowledge,Hard,Multiple Choice,"In ""Battle Cats"", what is Moneko / MISS Moneko's critical percentage rate?",15%,20%,10%,25%
3385,History,Medium,Multiple Choice,In what year did the Berlin Wall fall?,1989,1987,1991,1993
3386,Science & Nature,Easy,True / False,An Astronomical Unit is the distance between Earth and the Moon.,False,True,,
3387,Entertainment: Comics,Easy,Multiple Choice,"Which universe crossover was introduced in the ""Sonic the Hedgehog"" comic issue #247?",Mega Man,Super Mario Brothers,Alex Kidd,Super Monkey Ball
3388,General Knowledge,Easy,Multiple Choice,What is H2O?,Water,Oxygen,Hydrogen,None
3389,Entertainment: Television,Hard,Multiple Choice,"Prior to working at Wizards of the Coast, ""Mark Rosewater"" was a writer for which show?",Roseanne,Boy Meets World,The X-Files,NYPD Blue
3390,Science: Computers,Hard,True / False,The IBM PC used an Intel 8008 microprocessor clocked at 4.77 MHz and 8 kilobytes of memory.,False,True,,
3391,Entertainment: Video Games,Hard,True / False,"In ""Minecraft"", gold tools are faster than diamond tools.",True,False,,
3392,Entertainment: Video Games,Easy,Multiple Choice,"In what year was ""Metal Gear Solid"" released in North America?",1998,1987,2001,2004
3393,Entertainment: Film,Hard,Multiple Choice,What was the wifi password given to Stephen Strange in Doctor Strange?,Shambala,Peace,Ancient,Chakra
3394,Science: Computers,Medium,Multiple Choice,"In the programming language ""Python"", which of these statements would display the string ""Hello World"" correctly?","print(""Hello World"")","console.log(""Hello World"")","echo ""Hello World""","printf(""Hello World"")"
3395,Science & Nature,Medium,Multiple Choice,Myopia is the scientific term for which condition?,Shortsightedness,Farsightedness,Double Vision,Clouded Vision
3396,Vehicles,Easy,Multiple Choice,Which of the following collision avoidance systems helps airplanes avoid colliding with each other?,TCAS,GPWS,OCAS,TAWS
3397,Geography,Medium,True / False,Is Tartu the capital of Estonia?,False,True,,
3398,Entertainment: Video Games,Easy,Multiple Choice,What is the main ship used by Commander Shepard in the Mass Effect Franchise called?,Normandy,Osiris,Infinity,Endeavour
3399,Science & Nature,Easy,Multiple Choice,What animal takes part in Schrödinger's most famous thought experiment?,Cat,Dog,Bat,Butterfly
3400,Science: Computers,Easy,Multiple Choice,What programming language was GitHub written in?,Ruby,JavaScript,Python,Lua
3401,General Knowledge,Medium,Multiple Choice,Who is a co-founder of music streaming service Spotify?,Daniel Ek,Sean Parker,Felix Miller,Michael Breidenbruecker
3402,Entertainment: Japanese Anime & Manga,Medium,True / False,"In ""To Love-Ru: Darkness"", Yami reveals her real name is Eve.",True,False,,
3403,Entertainment: Music,Hard,Multiple Choice,On which Beatles album would you find the song 'Eleanor Rigby'?,Revolver,Help!,Rubber Soul,Abbey Road
3404,General Knowledge,Medium,True / False,Albert Einstein had trouble with mathematics when he was in school.,False,True,,
3405,Entertainment: Television,Medium,True / False,"In ""Star Trek: The Next Generation"", Data is the only android in existence.",False,True,,
3406,Celebrities,Easy,Multiple Choice,"Named after a character he played in a 1969 film, what is the name of the ski resort in Utah that Robert Redford bought in 1968?",Sundance,Woodward,Turner,Booker
3407,General Knowledge,Hard,Multiple Choice,What was Bank of America originally established as?,Bank of Italy,Bank of Long Island,Bank of Pennsylvania,Bank of Charlotte
3408,Mythology,Hard,Multiple Choice,What immense structure is referred to in Norse Mythology as the Yggdrasil.,Tree,Mountain,Temple,Castle
3409,General Knowledge,Easy,Multiple Choice,Which one of the following rhythm games was made by Harmonix?,Rock Band,Meat Beat Mania,Guitar Hero Live,Dance Dance Revolution
3410,Entertainment: Film,Hard,Multiple Choice,"Which actors made up the trio in ""The Good, the Bad, and the Ugly""? ","Clint Eastwood, Eli Wallach, and Lee Van Cleef","Sergio Leone, Ennio Morricone, and Tonino Delli Colli","Yul Brynner, Steve McQueen, and Charles Bronson","Aldo Giuffrè, Mario Brega, and Luigi Pistilli"
3411,Science & Nature,Medium,Multiple Choice,"Which NASA Space Shuttle broke apart during atmospheric re-entry on February 1, 2003? ",Columbia,Challenger,Discovery,Endeavour
3412,Entertainment: Video Games,Easy,True / False,"In Terraria, you can craft the Cell Phone pre-hardmode.",True,False,,
3413,Entertainment: Video Games,Easy,Multiple Choice,Which of these is NOT a team available in the game Pokémon Go?,Team Rocket,Team Instinct,Team Valor,Team Mystic
3414,Entertainment: Japanese Anime & Manga,Easy,Multiple Choice,"In 2013, virtual pop-star Hatsune Miku had a sponsorship with which pizza chain?",Domino's,Papa John's,Pizza Hut,Sabarro's
3415,Art,Medium,Multiple Choice,"In ""Last Supper"" by Leonardo Da Vinci, what two colors were the robes worn by Jesus?",Red and Blue,Red and White,Red and Yellow,Red and Black
3416,Entertainment: Japanese Anime & Manga,Medium,Multiple Choice,"In Pokémon Chronicles, why was Misty afraid of Gyarados?",She crawled into it's mouth as a baby.,She found it scary.,She was badly injured from it.,It is part Bug.
3417,Entertainment: Music,Medium,Multiple Choice,"Which member of ""The Beatles"" narrated episodes of ""Thomas the Tank Engine""?",Ringo Starr,George Harrison,John Lennon,Paul McCartney
3418,History,Medium,Multiple Choice,"Which building was set aflame on August 24th, 1812?",The White House,Parliament Building,Grand National Assembly Building,Palace of the Nation
3419,History,Hard,Multiple Choice,Which Australian Prime Minister disappeared in 1967 and was never found?,Harold Holt,Paul Keating,Edmund Barton,Scott Morrison
3420,Science: Computers,Easy,Multiple Choice,What language does Node.js use?,JavaScript,Java,Java Source,Joomla Source Code
3421,Science & Nature,Medium,Multiple Choice,Which of these is NOT a part of the structure of a typical neuron?,Islets of Langerhans,Node of Ranvier,Schwann cell,Myelin sheath
3422,Politics,Easy,Multiple Choice,"Which former US president was nicknamed ""Teddy"" after he refused to shoot a defenseless black bear?",Theodore Roosevelt,Woodrow Wilson,James F. Fielder,Andrew Jackson
3423,General Knowledge,Medium,True / False,The Original Jack-o-Lanterns were actually hollowed out turnips.,True,False,,
3424,Entertainment: Television,Medium,Multiple Choice,Who composed the theme song for The Simpsons?,Danny Elfman,John Williams,Hans Zimmer,Ennio Morricone
3425,Entertainment: Japanese Anime & Manga,Medium,Multiple Choice,"In the ""Re:Zero"" manga series, which of the following Sin Archbishops eats Rem's existence?",Ley Batenkaitos,Roy Alphard,Petelgeuse Romanee-Conti,Louis Arneb
3426,Celebrities,Medium,Multiple Choice,"What is the real name of ""moot"", founder of the imageboard 4chan?",Christopher Poole,Mark Zuckerberg,Allison Harvard,Catie Wayne
3427,Entertainment: Music,Medium,True / False,The album reputation by Taylor Swift has 15 songs,True,False,,
3428,Science & Nature,Hard,Multiple Choice,What is considered the rarest form of color blindness?,Blue,Red,Green,Purple
3429,Entertainment: Video Games,Medium,Multiple Choice,"In ""Resident Evil 2"", which virus was William Birkin mutated by?",G-Virus,T-Virus,C-Virus,E-Virus
3430,Entertainment: Cartoon & Animations,Medium,Multiple Choice,Which one of these cartoon characters is NOT voiced by Rob Paulsen?,Max Tennyson (Ben 10),Carl Wheezer (Jimmy Neutron),Yakko Warner (Animaniacs),"The Mask (The Mask, TV Series)"
3431,Geography,Medium,Multiple Choice,Which of these countries is not written in its native language?,Slovaško,Suomi,Schweiz,Elláda
3432,Science & Nature,Easy,Multiple Choice,What is the largest planet in the Solar System?,Jupiter,Saturn,Earth,Mars
3433,Science & Nature,Medium,Multiple Choice,Which of these choices is not one of the phases of mitosis?,Diplophase,Metaphase,Anaphase,Telophase
3434,Entertainment: Books,Medium,Multiple Choice,"In the Lord of the Rings, who is the father of the dwarf Gimli?",Gloin,Thorin Oakenshield,Bombur,Dwalin
3435,Science: Computers,Easy,Multiple Choice,"Which company was established on April 1st, 1976 by Steve Jobs, Steve Wozniak and Ronald Wayne?",Apple,Microsoft,Atari,Commodore
3436,Entertainment: Video Games,Hard,Multiple Choice,"In Super Smash Bros. for Nintendo 3DS and Nintendo Wii U, who was the sixth fighter to be added to the game post-launch?",Corrin,Cloud,Bayonnetta,Ryu
3437,Entertainment: Books,Medium,Multiple Choice,"In Terry Pratchett's Discworld novel 'Wyrd Sisters', which of these are not one of the three main witches?",Winny Hathersham,Granny Weatherwax,Nanny Ogg,Magrat Garlick
3438,Science & Nature,Medium,Multiple Choice,At what temperature does water boil?,212°F,200°F,181°F,178°F
3439,Geography,Medium,Multiple Choice,What is the capital of Greenland?,Nuuk,Sisimiut,Narsaq,Maniitsoq
3440,Entertainment: Video Games,Easy,Multiple Choice,How many flagship monsters appear in Monster Hunter Gernerations?,4,1,2,3
3441,Sports,Medium,Multiple Choice,At which bridge does the annual Oxford and Cambridge boat race start?,Putney,Hammersmith,Vauxhall ,Battersea
3442,General Knowledge,Medium,Multiple Choice,"The early part of which decade, did the Goth Subculture begin?",1980s,1990s,2000s,1970s
3443,Entertainment: Film,Easy,Multiple Choice,Which of these movies did Jeff Bridges not star in?,The Hateful Eight,Tron: Legacy,The Giver,True Grit
3444,Science: Computers,Medium,Multiple Choice,"In HTML, which non-standard tag used to be be used to make elements scroll across the viewport?",<marquee></marquee>,<scroll></scroll>,<move></move>,<slide></slide>
3445,General Knowledge,Medium,True / False,"A pencil's lead is typically made from graphite, not lead",True,False,,
3446,History,Medium,Multiple Choice,Which of the following is NOT classified as a Semetic language?,Sumerian,Maltese,Akkadian,Mandaic
3447,History,Easy,Multiple Choice,"What battle was the longest in World War I, lasting approximately 303 days?",Battle of Verdun ,Battle of Passchendaele,Battle of Amiens,Battle of Stalingrad
3448,Entertainment: Music,Easy,Multiple Choice,"What kind of instrument is a ""Mandolin""?",String,Brass,Percussion,Woodwind
3449,Animals,Easy,Multiple Choice,What is the scientific name for modern day humans?,Homo Sapiens,Homo Ergaster,Homo Erectus,Homo Neanderthalensis
3450,Entertainment: Film,Medium,Multiple Choice,"In the 1979 British film ""Quadrophenia"" what is the name of the seaside city the mods are visiting?",Brighton,Eastbourne,Mousehole,Bridlington
3451,Politics,Hard,Multiple Choice,Which Native American tribe/nation requires at least one half blood quantum (equivalent to one parent) to be eligible for membership?,Yomba Shoshone Tribe,Standing Rock Sioux Tribe,Kiowa Tribe of Oklahoma,Pawnee Nation of Oklahoma
3452,Geography,Medium,Multiple Choice,The White Cliffs of Dover is located in which country? ,United Kingdom,United States,Netherlands,Sweden
3453,Science: Computers,Medium,Multiple Choice,The name of technology company HP stands for what?,Hewlett-Packard,Howard Packmann,Husker-Pollosk,Hellman-Pohl
3454,Entertainment: Film,Easy,Multiple Choice,"Who starred in the film 1973 movie ""Enter The Dragon""?",Bruce Lee,Jackie Chan,Jet Li, Yun-Fat Chow
3455,Entertainment: Film,Medium,Multiple Choice,"Which DC superhero was NOT included in the 2017 movie ""Justice League""?",Green Arrow,Batman,Cyborg,Wonder Woman
3456,Entertainment: Music,Medium,Multiple Choice,"Which band released songs such as ""Electric Feel"", ""Kids"", and ""Time to Pretend""?",MGMT,Passion Pit,Phoenix,Franz Ferdinand
3457,Entertainment: Music,Medium,Multiple Choice,"In music theory, how many notes are in a seventh chord?",4,3,7,2
3458,Entertainment: Video Games,Medium,Multiple Choice,"Who developed the 2016 farming RPG ""Stardew Valley""?",Eric Barone,Daisuke Amaya,Jasper Byrne,Lucas Pope
3459,Art,Hard,Multiple Choice,"How many paint and pastel versions of ""The Scream"" is Norwegian painter Edvard Munch believed to have produced?",4,1,3,2
3460,Science & Nature,Medium,Multiple Choice,Approximately what percentage of Earth's atmosphere is Oxygen?,21%,54%,78%,7%
3461,Entertainment: Video Games,Medium,Multiple Choice,"In the MMO RPG ""Realm of the Mad God"", what class is known for having the highest possible defense?",The Knight,The Wizard,The Archer,The Warrior
3462,Entertainment: Video Games,Medium,Multiple Choice,"In what year was ""Super Mario Sunshine"" released?",2002,2003,2000,2004
3463,History,Medium,Multiple Choice,"What number does the Roman numeral ""D"" stand for?",500,100,1000,50
3464,Science & Nature,Hard,Multiple Choice,"Botanically speaking, which of these fruits is NOT a berry?",Strawberry,Blueberry,Banana,Concord Grape
3465,Entertainment: Television,Hard,Multiple Choice,"In Star Trek, what is the name of Spock's father?",Sarek,Tuvok,T'Pal,Surak
3466,Geography,Hard,Multiple Choice,What is the name of the Canadian national anthem?,O Canada,O Red Maple,Leaf-Spangled Banner,March of the Puck Drop
3467,Science & Nature,Medium,True / False,The Doppler effect applies to light.,True,False,,
3468,History,Medium,Multiple Choice,"Who led France during the ""Reign of Terror"" ?",Maximilien Robespierre,Napoleon Bonaparte,Jean-Paul Marat,Louis XVI
3469,Entertainment: Music,Medium,Multiple Choice,Which of these songs did Jimi Hendrix cover?,All of these songs,Sgt. Pepper's Lonely Hearts Club Band,All Along the Watchtower,House of the Rising Sun
3470,Science: Computers,Easy,True / False,"The Python programming language gets its name from the British comedy group ""Monty Python.""",True,False,,
3471,General Knowledge,Easy,Multiple Choice,The tale of Robin Hood originates from which country?,England,France,Portugal,Scotland
3472,Entertainment: Music,Easy,Multiple Choice,"Who had a 1969 top 5 hit with the song,  'A Boy Named Sue'?",Johnny Cash,Bob Dylan,Willie Nelson,Kris Kristofferson
3473,General Knowledge,Easy,Multiple Choice,What does the F stand for in the FBI?,Federal,Foreign,Formal,First
3474,Geography,Hard,Multiple Choice,Which of these countries is NOT the only country to start with that letter of the alphabet?,Zambia,Qatar,Yemen,Oman
3475,Entertainment: Film,Easy,Multiple Choice,"In the 1986 film ""The Wraith"", what concept car is used for the Turbo Interceptor?",Dodge M4S,Pontiac Banshee,General Motors Firebird,Dodge Copperhead
3476,General Knowledge,Easy,Multiple Choice,"When one is ""envious"", they are said to be what color?",Green,Red,Blue,Yellow
3477,Entertainment: Television,Hard,Multiple Choice,"Which former Coronation Street actress was once a hostess on the British Game Show ""Double Your Money""?",Amanda Barrie,Sue Nicholls,Violet Carson,Jean Alexander
3478,Entertainment: Video Games,Easy,Multiple Choice,"In most FPS video games such as Counter-Strike, shooting which part of the body does the highest damage?",Head,Arm,Leg,Chest
3479,Geography,Medium,Multiple Choice,What is the right way to spell the capital of Hungary?,Budapest,Boodapest,Bhudapest,Budapast
3480,Entertainment: Books,Medium,Multiple Choice,What is the fourth book of the Old Testament?,Numbers,Genesis,Exodus,Leviticus
3481,Entertainment: Japanese Anime & Manga,Hard,Multiple Choice,"""Silhouette"", a song performed by the group 'KANA-BOON' is featured as the sixteenth opening of which anime?",Naruto: Shippūden,One Piece,Naruto,Gurren Lagann
3482,Entertainment: Video Games,Medium,Multiple Choice,"Which of these ""Worms"" games featured 3D gameplay?",Worms 4: Mayhem,Worms W.M.D,Worms Reloaded,Worms: Open Warfare 2
3483,Entertainment: Books,Medium,Multiple Choice,"In the novel ""Lord of the Rings"", how many rings of power were given to the race of man?",9,5,11,13
3484,Entertainment: Japanese Anime & Manga,Medium,Multiple Choice,"Which Japanese music group was formed to produce theme music for the anime ""Guilty Crown""?",Egoist,Goose house,Babymetal,Garnidelia
3485,Entertainment: Video Games,Easy,Multiple Choice,Which Final Fantasy game consisted of a female-only cast of party members?,Final Fantasy X-2,Final Fantasy IX,Final Fantasy V,Final Fantasy XIII-2
3486,History,Medium,Multiple Choice,Which of his six wives was Henry VIII married to the longest?,Catherine of Aragon,Anne Boleyn,Jane Seymour,Catherine Parr
3487,Entertainment: Video Games,Hard,Multiple Choice,"In ""Earthbound"", how does one enter ""Master Belch's"" factory?",Wait 3 Minutes,"Enter the password ""Fly Honey""","Enter the password ""Master Belch Rules""","Enter the password ""Mr Saturn Drools"""
3488,Entertainment: Video Games,Hard,Multiple Choice,How many people can you recruit in the game Suikoden in a single playthrough?,107,108,93,96
3489,Entertainment: Music,Medium,Multiple Choice,"What was the title of Sakamoto Kyu's song ""Ue o Muite Arukou"" (I Look Up As I Walk) changed to in the United States?",Sukiyaki,Takoyaki,Sushi,Oden
3490,General Knowledge,Hard,Multiple Choice,What year was the RoboSapien toy robot released?,2004,2000,2001,2006
3491,Entertainment: Television,Easy,Multiple Choice,"In the TV show 'M*A*S*H', what was the nickname of Corporal Walter O'Reilly?",Radar,Hawkeye,Hot Lips,Trapper
3492,General Knowledge,Medium,Multiple Choice,"On average, Americans consume 100 pounds of what per second?",Chocolate,Potatoes,Donuts,Cocaine
3493,Entertainment: Books,Easy,Multiple Choice,Who wrote the novel 'Fear And Loathing In Las Vegas'?,Hunter S. Thompson,F. Scott Fitzgerald,Henry Miller,William S. Burroughs
3494,Entertainment: Music,Medium,True / False,Pete Townshend was the first musician to destroy their intrument live on stage.,False,True,,
3495,Science & Nature,Medium,Multiple Choice,Which of these stars is the largest?,UY Scuti,VY Canis Majoris,Betelgeuse,RW Cephei
3496,Entertainment: Board Games,Hard,Multiple Choice,"On a standard Monopoly board, how much do you have to pay for Tennessee Ave?",$180,$200,$160,$220
3497,Entertainment: Music,Medium,Multiple Choice,What is the name of French electronic music producer Madeon's 2015 debut studio album?,Adventure,The City,Icarus,Pop Culture
3498,Entertainment: Film,Easy,Multiple Choice,"This movie contains the quote, ""Nobody puts Baby in a corner.""",Dirty Dancing,Three Men and a Baby,Ferris Bueller's Day Off,Pretty in Pink
3499,Politics,Medium,True / False,Helen Clark was the 37th Prime Minister of Australia.,False,True,,
3500,Entertainment: Books,Hard,Multiple Choice,"In Margaret Atwood's ""The Handmaid's Tale"", what is Offred's real name is implied to be?",June,August,April,May
3501,History,Easy,Multiple Choice,What country joined the EU in 2013?,Croatia,Bulgaria,Slovenia,Turkey
3502,Entertainment: Film,Easy,Multiple Choice,"Who played Deputy Marshal Samuel Gerard in the 1993 film ""The Fugitive""?",Tommy Lee Jones,Harrison Ford,Harvey Keitel,Martin Landau
3503,Geography,Easy,Multiple Choice,How many time zones does China have?,1,3,4,2
3504,Entertainment: Books,Easy,True / False,Dracula is destroyed by contact with sunlight,False,True,,
3505,Entertainment: Television,Medium,Multiple Choice,Who was the winner of the 2016 WWE Royal Rumble?,Triple H,Roman Reigns,AJ Styles,Dean Ambrose
3506,Science: Computers,Easy,True / False,"In most programming languages, the operator ++ is equivalent to the statement ""+= 1"".",True,False,,
3507,Art,Medium,True / False,"Pablo Picasso is one of the founding fathers of ""Cubism.""",True,False,,
3508,Entertainment: Video Games,Medium,True / False,"The Ace Attorney trilogy was suppose to end with ""Phoenix Wright: Ace Attorney − Trials and Tribulations"" as its final game.",True,False,,
3509,Entertainment: Video Games,Hard,Multiple Choice,"Which game in the ""Monster Hunter"" series introduced the monster ""Gobul""?",Monster Hunter Tri,Monster Hunter Freedom Unite,Monster Hunter Frontier,Monster Hunter Generations
3510,Entertainment: Film,Medium,Multiple Choice,Which Marvel superhero did Chris Evans play prior to his role as Captain America?,Human Torch,Cyclops,Iceman,Daredevil
3511,History,Hard,Multiple Choice,What was the original name of New York City?,New Amsterdam,New London,New Paris,New Rome
3512,Science: Computers,Medium,Multiple Choice,"While Apple was formed in California, in which western state was Microsoft founded?",New Mexico,Washington,Colorado,Arizona
3513,Entertainment: Video Games,Hard,Multiple Choice,"""Gimmick!"" is a Japanese Famicom game that uses a sound chip expansion in the cartridge. What is it called?",FME-7,VRC7,VRC6,MMC5
3514,Entertainment: Video Games,Easy,Multiple Choice,"The protagonist of the hit game, Half-Life 2 is called:",Gordon Freeman,Alyx Vance,Isaac Kleiner,Wallace Breen
3515,Sports,Medium,Multiple Choice,What country hosted the 2014 Winter Olympics?,Russia,Canada,United States,Germany
3516,Entertainment: Film,Hard,True / False,YouTube personality Jenna Marbles served as an executive producer of the film Maximum Ride (2016).,True,False,,
3517,Entertainment: Video Games,Hard,Multiple Choice,What was the name of the hero in the 80s animated video game 'Dragon's Lair'?,Dirk the Daring,Arthur,Sir Toby Belch,Guy of Gisbourne
3518,Science: Mathematics,Easy,True / False,The 'Squaring the Circle' problem is solvable.,False,True,,
3519,Politics,Hard,Multiple Choice,What is the name of Niccolò Machiavelli's work that argued effective leaders needed to crush their opponents at all costs?,The Prince,The Rape of Lucrece,Will to Power,Love's Labours Lost
3520,History,Medium,Multiple Choice,The Spitfire L.F. Mk IX had what engine?,Merlin 66,Griffon 65,Merlin 50,Merlin X
3521,Science: Gadgets,Medium,Multiple Choice,"What is the most significant side venture the popular firearms company, Remington, has pursued?",Typewriters,Blenders,Ceiling Fans,Door Knobs
3522,Entertainment: Japanese Anime & Manga,Medium,Multiple Choice,"In ""JoJo's Bizarre Adventure: Stardust Crusaders"", what is the last name of the protagonist Jotaro?",Kujo,Cujoh,Joestar,Higashikata
3523,Entertainment: Comics,Hard,Multiple Choice,"In the webcomic ""Ava's Demon"", what sin is ""Nevy Nervine"" based off of? ",Envy ,Sloth,Wrath ,Lust
3524,Geography,Easy,Multiple Choice,Which of these African regions does *not* directly border the Democratic Republic of The Congo?,Sudan,Central African Republic,Tanzania,Zambia
3525,Entertainment: Video Games,Hard,Multiple Choice,Which of these online games was originally named LindenWorld in it's early development?,SecondLife,ActiveWorlds,IMVU,HabboHotel
3526,History,Medium,True / False,The Hundred Years' War was fought for more than a hundred years.,True,False,,
3527,Entertainment: Video Games,Easy,Multiple Choice,"In ""Mario & Sonic at the Olympic Games"", characters are split into how many types?",4,6,5,3
3528,Entertainment: Musicals & Theatres,Medium,Multiple Choice,"The musical ""Dirty Rotten Scoundrels"" is set in what country?",France,USA,Germany,Sweden
3529,Entertainment: Video Games,Medium,Multiple Choice,"Which of these weapons is NOT available to the Terrorist team in the game, ""Counter-Strike: Global Offensive""?",SCAR-20,SG 550,CZ-75,XM1014
3530,History,Medium,Multiple Choice,"On which aircraft carrier did the Doolitte Raid launch from on April 18, 1942 during World War II?",USS Hornet,USS Enterprise,USS Lexington,USS Saratoga
3531,General Knowledge,Easy,Multiple Choice,"In the English language, what is the name of the ""&"" character?",Ampersand,Eightslash,And Sign,Obelus 
3532,Entertainment: Television,Medium,Multiple Choice,"Dee from ""It's Always Sunny in Philadelphia"" has dated all of the following guys EXCEPT","Matthew ""Rickety Cricket"" Mara",Colin the Thief,Ben the Soldier,Kevin Gallagher aka Lil' Kevin
3533,Entertainment: Video Games,Easy,True / False,English new wave musician Gary Numan founded the video game development company Facepunch Studios in March 2009.,False,True,,
3534,Animals,Medium,Multiple Choice,What is the scientific name of the Common Chimpanzee?,Pan troglodytes,Gorilla gorilla,Pan paniscus,Panthera leo
3535,Geography,Medium,Multiple Choice,Which of these Japanese islands is the largest by area?,Shikoku,Iki,Odaiba,Okinawa
3536,Entertainment: Cartoon & Animations,Medium,Multiple Choice,What ability does Princess Sofia the First have from her amulet that allows her to breathe underwater?,Mermaid Transformation,Artificial Gills,Bubble Head,Bubble Shield
3537,Sports,Medium,Multiple Choice,Which of these NHL teams have never moved since their inception?,St. Louis Blues,New Jersey Devils,Carolina Hurricanes,Dallas Stars
3538,Entertainment: Video Games,Medium,Multiple Choice,What was the FIRST Valve game to have VR?,The Lab,Dota 2,Destinations,Half-Life 2
3539,General Knowledge,Easy,Multiple Choice,What is the name of Poland in Polish?,Polska,Pupcia,Polszka,Póland
3540,History,Hard,Multiple Choice,Who was the President of the United States during the signing of the Gadsden Purchase?,Franklin Pierce,Andrew Johnson,Abraham Lincoln,James Polk
3541,Sports,Medium,Multiple Choice,Which German sportswear company's logo is the 'Formstripe'?,Puma,Nike,Adidas,Reebok
3542,History,Medium,Multiple Choice,"What year did Skoal, a smokeless Tobacco company, release their first line of Pouches, known as ""Skoal Bandits""?",1983,1934,1984,1822
3543,Entertainment: Film,Easy,Multiple Choice,"Who is the main protagonist in, the 1985 film, Back to the Future?",Marty McFly,"Emmett ""Doc"" Brown",Biff Tannen,George McFly
3544,Entertainment: Cartoon & Animations,Easy,Multiple Choice,"Butters Stotch, Pip Pirrup, and Wendy Testaburger are all characters in which long running animated TV series?",South Park,The Simpsons,Family Guy,Bob's Burgers
3545,Science: Mathematics,Easy,True / False,An equilateral triangle always has every angle measuring 60°.,True,False,,
3546,Geography,Easy,Multiple Choice,What is the capital of Scotland?,Edinburgh,Glasgow,Dundee,London
3547,General Knowledge,Medium,Multiple Choice,When was the Declaration of Independence approved by the Second Continental Congress?,"July 4, 1776","May 4, 1776","June 4, 1776","July 2, 1776"
3548,General Knowledge,Medium,Multiple Choice,"What was the height of Kingda Ka, the tallest roller coaster in the world from 2005 to 2024?",456 ft,500 ft,429 ft,396 ft
3549,Animals,Easy,True / False,A bear does NOT defecate during hibernation. ,True,False,,
3550,Politics,Easy,True / False,Russia passed a law in 2013 which outlaws telling children that homosexuals exist.,True,False,,
3551,History,Easy,True / False,"The Enlightenment was an era of philosophies, advancements, and scientific theories to improve society.",True,False,,
3552,Entertainment: Video Games,Easy,True / False,"In the video game ""Splatoon"", the playable characters were originally going to be rabbits instead of squids.",True,False,,
3553,Vehicles,Hard,Multiple Choice,What year did the Chevrolet LUV mini truck make its debut?,1972,1982,1975,1973
3554,Geography,Easy,Multiple Choice,What is the largest hot desert in the world?,Sahara,Gobi,Mojave,Kalahari
3555,Geography,Medium,Multiple Choice,Bridgetown is the capital of which island country in the Carribean?,Barbados,Cuba,Jamaica‎,Dominica
3556,Science: Mathematics,Hard,Multiple Choice,"The notion of a ""set that contains all sets which do not contain themselves"" is a paradoxical idea attributed to which English philosopher?",Bertrand Russel,Francis Bacon,John Locke,Alfred North Whitehead
3557,Entertainment: Books,Hard,Multiple Choice,What is Ron Weasley's middle name?,Bilius,Arthur,John,Dominic
3558,Science: Computers,Medium,Multiple Choice,"What does the term MIME stand for, in regards to computing?",Multipurpose Internet Mail Extensions,Mail Internet Mail Exchange,Multipurpose Interleave Mail Exchange,Mail Interleave Method Exchange
3559,Geography,Easy,Multiple Choice,Which of these places is a location in Cornwall?,Barcelona,Madrid,Alicante,Lisbon
3560,Politics,Medium,Multiple Choice,Who became Prime Minister of the United Kingdom in July 2016?,Theresa May,Boris Johnson,David Cameron,Tony Blair
3561,General Knowledge,Easy,Multiple Choice,Which of the following blood component forms a plug at the site of injuries?,Platelets,Red blood cells,White blood cells,Blood plasma
3562,Entertainment: Music,Easy,Multiple Choice,"What Led Zeppelin album contains ""Stairway to Heaven""?",Led Zeppelin IV,Houses of the Holy,Physical Graffiti,Led Zeppelin III
3563,Science: Gadgets,Hard,Multiple Choice,Who built the first laser?,Theodore Harold Maiman,Nikola Tesla,Jack Kilby,Edith Clarke
3564,General Knowledge,Medium,True / False,"""Typewriter"" is the longest word that can be typed using only the first row on a QWERTY keyboard.",False,True,,
3565,Science & Nature,Medium,True / False,The Neanderthals were a direct ancestor of modern humans.,False,True,,
3566,Entertainment: Music,Easy,Multiple Choice,What was the best selling album of 2015?,"Adele, 25","Fetty Wap, Fetty Wap","Taylor Swift, 1989","Justin Bieber, Purpose"
3567,General Knowledge,Hard,Multiple Choice,"According to the 2014-2015 Australian Bureau of Statistics, what percentage of Australians were born overseas?",28%,13%,20%,7%
3568,General Knowledge,Hard,Multiple Choice,"In linguistics, which of the following is not one of the Gricean Maxims under the Cooperative Principal?",Length,Quality,Relation,Manner
3569,Entertainment: Video Games,Medium,Multiple Choice,"What is the name of Joel's daughter in the game, ""The Last of Us""? ",Sarah,Ellie,Tess,Marlene
3570,Entertainment: Music,Medium,Multiple Choice,Which of these is NOT a name of an album released by American rapper Pitbull?,Welcome to Miami,Dale,Global Warming,Armando
3571,Entertainment: Video Games,Easy,True / False,"In ""Super Mario 3D World"", the Double Cherry power-up originated from a developer accidentally making two characters controllable.",True,False,,
3572,History,Medium,Multiple Choice,"What happened on June 6, 1944?",D-Day,Atomic bombings of Hiroshima and Nagasaki,Attack on Pearl Harbor,The Liberation of Paris
3573,Entertainment: Video Games,Easy,Multiple Choice,Who is the main character in Metal Gear Rising: Revengeance?,Raiden,Solid Snake,Otacon,Revolver Ocelot
3574,Science & Nature,Easy,Multiple Choice,"This element, when overcome with extreme heat and pressure, creates diamonds.",Carbon,Nitrogen,Oxygen,Hydrogen
3575,Celebrities,Easy,True / False,Tupac Shakur died due to complications from being stabbed in 1996.,False,True,,
3576,Entertainment: Books,Medium,Multiple Choice,By what name was the author Eric Blair better known?,George Orwell,Aldous Huxley,Ernest Hemingway,Ray Bradbury
3577,Entertainment: Music,Easy,Multiple Choice,"In an orchestra, what is the lowest member of the brass family?",Tuba,Trombone,Contrabass,Bassoon
3578,Entertainment: Cartoon & Animations,Medium,True / False,Donald Duck played the role of Bob Cratchit in Disney's 1983 adaptation of A Christmas Carol.,False,True,,
3579,Entertainment: Video Games,Hard,Multiple Choice,"In Rainbow 6 Siege, what is Mozzie's real name?",Max Goose,Mick Seagull,Hugo Sparrow,Dan Bird
3580,Entertainment: Japanese Anime & Manga,Medium,Multiple Choice,"In the anime series ""Full Metal Alchemist"", what do Alchemists consider the greatest taboo?",Human Transmutation ,Transmuting Lead Into Gold,Using Alchemy For Crime ,Preforming Without A Permit
3581,Politics,Medium,Multiple Choice,"Which former US president used ""Let's Make America Great Again"" as his campaign slogan before Donald Trump's campaign?",Ronald Reagan,Jimmy Carter,Gerald Ford,Richard Nixon
3582,Entertainment: Music,Medium,Multiple Choice,"What musician made the song ""F**kin` Perfect"" in 2010?",P!nk,Mitis,Adam lambert,Koven
3583,Sports,Easy,Multiple Choice,Which driver has been the Formula 1 world champion for a record 7 times?,Michael Schumacher,Ayrton Senna,Fernando Alonso,Jim Clark
3584,Entertainment: Music,Easy,Multiple Choice,"What is the real name of American rapper Eminem, also known as Slim Shady?",Marshall Mathers,Calvin Broadus,Shawn Carter,Nasir Jones
3585,Entertainment: Comics,Medium,Multiple Choice,"In Pre-Super Genesis universe of ""Sonic the Hedgehog"" comic, what was the name of  Sally Acorn's brother?",Elias Acorn,Maximillian Acorn,Alexis Acorn,Frederick Acorn
3586,Entertainment: Television,Easy,Multiple Choice,"Which company has exclusive rights to air episodes of the ""The Grand Tour""?",Amazon,Netflix,BBC,CCTV
3587,Sports,Easy,Multiple Choice,What is the most common type of pitch thrown by pitchers in baseball?,Fastball,Slowball,Screwball,Palmball
3588,Entertainment: Film,Hard,Multiple Choice,"In the Friday The 13th series, what year did Jason drown in?",1957,1955,1953,1959
3589,General Knowledge,Easy,Multiple Choice,What country does sushi & karaoke come from?,Japan,China,South Korea,Vietnam
3590,Entertainment: Video Games,Easy,Multiple Choice,"Which Pokémon can learn the move ""Secret Power"" by leveling up?",Audino,Type:Null,Arceus,Silvally
3591,Entertainment: Japanese Anime & Manga,Hard,Multiple Choice,Who was the Author of the manga Uzumaki?,Junji Ito,	Noboru Takahashi,Akira Toriyama,Masashi Kishimoto
3592,Entertainment: Video Games,Easy,True / False,"The Indie Game Development Studio Cing, developers of Hotel Dusk and Last Window, went bankrupt on March 1st, 2010.",True,False,,
3593,Geography,Medium,True / False,Australia is greater than Greenland in size.,True,False,,
3594,Entertainment: Television,Medium,Multiple Choice,"Who co-founded the YouTube Let's Play channel ""Game Grumps"" alongside Newgrounds animator Egoraptor?",JonTron,Pewdiepie,Tobuscus,Markiplier
3595,Entertainment: Film,Easy,True / False,"In the original Star Wars: A New Hope, Han Solo is the first to shoot his blaster in a conversation with Greedo.",True,False,,
3596,Geography,Medium,Multiple Choice,The Pyrenees mountains are located on the border of which two countries?,France and Spain,Italy and Switzerland,Norway and Sweden,Russia and Ukraine
3597,History,Hard,Multiple Choice,When was Adolf Hitler appointed as Chancellor of Germany?,"January 30, 1933","September 1, 1939","February 27, 1933","October 6, 1939"
3598,Entertainment: Video Games,Medium,Multiple Choice,"What engine did the original ""Half-Life"" run on?",GoldSrc,Source,Quake,Unreal
3599,Entertainment: Books,Easy,Multiple Choice,Which is NOT a book in the Harry Potter Series?,The House Elf,The Chamber of Secrets,The Prisoner of Azkaban,The Deathly Hallows
3600,General Knowledge,Easy,Multiple Choice,"The file hosting service, ""Google Drive"" was launched on what day?","April 24, 2012","January 12, 2014","November 14, 2008","January 20, 2010"
3601,Entertainment: Film,Medium,Multiple Choice,"What is the name of the foley artist who designed the famous sounds of Star Wars, including Chewbacca's roar and R2-D2's beeps and whistles?",Ben Burtt,Ken Burns,Ralph McQuarrie,Miranda Keyes
3602,Politics,Hard,Multiple Choice,Which of the following United States senators is known for performing a 24-hour long filibuster?,Strom Thurmond,Roy Blunt,John Barrasso,Chuck Schumer
3603,Entertainment: Video Games,Medium,Multiple Choice,What was the first Super Mario game ever released in North America for the 3DS?,Super Mario 3D Land,Super Mario Maker,New Super Mario Bros. 2,Mario Kart 7
3604,Entertainment: Books,Hard,Multiple Choice,"In the book ""The Martian"", how long was Mark Watney trapped on Mars (in Sols)?",549 Days,765 Days,401 Days,324 Days
3605,General Knowledge,Easy,True / False,Dihydrogen Monoxide is a dangerous chemical.,False,True,,
3606,Entertainment: Music,Medium,Multiple Choice,Which of these songs was NOT released in the 90s?,"""I Want It All"" by Queen","""Vogue"" by Madonna","""Can't Stop This Thing We Started"" by Bryan Adams","""King of Wishful Thinking"" by Go West"
3607,Science & Nature,Easy,Multiple Choice,"What is the common name of the chemical compound ""dihydrogen monoxide""?",Water,Methane,Ammonia ,Laughing Gas
3608,Entertainment: Film,Easy,Multiple Choice," In the 1951 movie ""The Day The Earth Stood Still"" which US city did the alien spaceship land in?",Washington D.C., Los Angeles,New York,Philadelphia
3609,General Knowledge,Easy,Multiple Choice,What is the nickname of the US state of California?,Golden State,Sunshine State,Bay State,Treasure State
3610,Vehicles,Easy,Multiple Choice,Which of these companies does NOT manufacture motorcycles?,Toyota,Honda,Kawasaki,Yamaha
3611,Science & Nature,Medium,True / False,Enthalpy is a measure of the energy that is not available for work during a thermodynamic process.,False,True,,
3612,Entertainment: Music,Hard,Multiple Choice,Where was Nicki Minaj born?,Trinidad and Tobago,Haiti,Saint Lucia,Grenada
3613,Entertainment: Video Games,Easy,Multiple Choice,Who's the voice actor for Thrall in the Warcraft game series?,Chris Metzen,Ben Affleck,Jason Derulo,Jim Carrey
3614,Politics,Easy,Multiple Choice,"Whose 2016 presidential campaign slogan was ""Make America Great Again""?",Donald Trump,Ted Cruz,Marco Rubio,Bernie Sanders
3615,Entertainment: Video Games,Hard,Multiple Choice,Which of these Generation 1 Pokemon did NOT have an evolution in Generation 4?,Jynx,Electabuzz,Magmar,Rhydon
3616,Sports,Easy,True / False,There are a total of 20 races in Formula One 2016 season.,False,True,,
3617,History,Medium,Multiple Choice,Who was the leader of the Communist Party of Yugoslavia ?,Josip Broz Tito,Karadjordje Petrovic,Milos Obilic,Aleskandar Petrovic
3618,Entertainment: Video Games,Medium,Multiple Choice,"Who voices Max Payne in the 2001 game ""Max Payne""?",James McCaffrey,Sam Lake,Troy Baker,Hideo Kojima
3619,General Knowledge,Medium,Multiple Choice,Which language is NOT Indo-European?,Hungarian,Russian,Greek,Latvian
3620,Entertainment: Video Games,Medium,Multiple Choice,What snowy mob was added in Minecraft 1.10?,Polar bears,Eskimos,Penguins,Walking TNT
3621,Entertainment: Film,Easy,True / False,"""Minions"" was released on the June 10th, 2015.",False,True,,
3622,Entertainment: Japanese Anime & Manga,Easy,True / False,"In Pokémon, Ash's Pikachu refuses to go into a pokeball.",True,False,,
3623,Geography,Hard,Multiple Choice,The prefix Sino- (As in Sino-American) is used to refer to what nationality?,Chinese,Japanese,Russian,Indian
3624,Entertainment: Video Games,Medium,Multiple Choice,"In the game Pokémon Conquest, which warlord is able to bond with Zekrom and a shiny Rayquazza?",Nobunaga,The Player,Oichi,Hideyoshi
3625,General Knowledge,Hard,Multiple Choice,"The word ""aprosexia"" means which of the following?",The inability to concentrate on anything,The inability to make decisions,A feverish desire to rip one's clothes off,The inability to stand up
3626,Sports,Easy,Multiple Choice,Which of the following sports is not part of the triathlon?,Horse-Riding,Cycling,Swimming,Running
3627,Geography,Medium,True / False,Italy and Ireland are the only countries in Europe that start with the letter I.,False,True,,
3628,Geography,Medium,Multiple Choice,Which of the following countries is within the Eurozone but outside of the Schengen Area?,Cyprus,Malta,Greece,Portugal
3629,Entertainment: Video Games,Easy,Multiple Choice,"Who created the indie adventure game ""Night in the Woods""?",Alec Holowka,Ron Gilbert,Tim Schafer, Tommy Refenes
3630,Entertainment: Video Games,Easy,True / False,The protagonist of Dead Rising 3 is called Chuck Greene.,False,True,,
3631,Entertainment: Music,Hard,Multiple Choice,"Which song in rapper Kanye West's album ""The Life of Pablo"" features Rihanna?",Famous,Wolves,Ultralight Beam,Highlights
3632,Sports,Easy,True / False,Shaquille O’Neal has only made one three pointer in his career.,True,False,,
3633,Entertainment: Video Games,Medium,Multiple Choice,"In the Portal series, Aperture Science was founded under what name in the early 1940s?",Aperture Fixtures,Aperture Lavatories,Aperture Science Innovators,Wheatley Laboratories
3634,Animals,Medium,Multiple Choice,"The dish Fugu, is made from what family of fish?",Pufferfish,Bass,Salmon,Mackerel
3635,Mythology,Easy,Multiple Choice,"Which Greek & Roman god was known as the god of music, truth and prophecy, healing, the sun and light, plague, poetry, and more?",Apollo,Aphrodite,Artemis,Athena
3636,History,Hard,Multiple Choice,"What was the code name for the Allied invasion of Southern France on August 15th, 1944?",Operation Dragoon,Operation Overlord,Operation Market Garden,Operation Torch
3637,Science & Nature,Easy,Multiple Choice,"What is the thin, outermost layer of the Earth?",Crust,Exosphere,Mantle,Outer Core
3638,Entertainment: Comics,Medium,Multiple Choice,"Which ""Green Arrow"" sidekick commonly wears a baseball cap?",Roy Harper,Black Canary,Emiko Queen,Dick Grayson
3639,Entertainment: Music,Easy,Multiple Choice,Which of these is NOT the name of an album released by English singer-songwriter Adele?,12,19,21,25
3640,History,Medium,Multiple Choice,The crown of the Empire State Building was originally built for what purpose?,Airship Dock,Lightning Rod,Antennae,Flag Pole
3641,Politics,Medium,Multiple Choice,"Due to the Nagoya Resolution, China agreed to allow Taiwan to compete separately in international sporting events under what name?",Chinese Taipei,Chinese Taiwan,Republic of Taiwan,Republic of Taipei 
3642,Entertainment: Music,Easy,Multiple Choice,Who had a 1983 hit with the song 'Africa'?,Toto,Foreigner,Steely Dan,Journey
3643,Science & Nature,Hard,Multiple Choice,Which of the following is NOT a real element?,Vitrainium,Praseodymium,Hassium,Lutetium
3644,Mythology,Hard,Multiple Choice,"In Norse mythology, what is the name of the serpent which eats the roots of the ash tree Yggdrasil?",Nidhogg,Bragi,Odin,Ymir
3645,Entertainment: Japanese Anime & Manga,Hard,True / False,Kiznaiver is an adaptation of a manga.,False,True,,
3646,Entertainment: Music,Medium,Multiple Choice,What was the name of Pink Floyd's first studio album?,The Piper at the Gates of Dawn,Ummagumma,More,Atom Heart Mother
3647,History,Medium,Multiple Choice,The Thirty Years War ended with which treaty?,Peace of Westphalia,Treaty of Versailles,Treaty of Paris,Peace of Prague
3648,Entertainment: Film,Easy,Multiple Choice,"Who starred as Bruce Wayne and Batman in Tim Burton's 1989 movie ""Batman""?",Michael Keaton,George Clooney,Val Kilmer,Adam West
3649,Geography,Easy,True / False,Alaska is the largest state in the United States.,True,False,,
3650,Entertainment: Video Games,Medium,Multiple Choice,Which company did Bethesda purchase the Fallout Series from?,Interplay Entertainment ,Capcom,Blizzard Entertainment,Nintendo
3651,Entertainment: Video Games,Easy,Multiple Choice,"In the game ""Overwatch,"" what are the names of the two Australian criminals from the Junkers faction?",Junkrat and Roadhog,Roadrat and Junkhog,Ana and Pharah,McCree and Deadeye
3652,Science: Computers,Easy,Multiple Choice,The programming language 'Swift' was created to replace what other programming language?,Objective-C,C#,Ruby,C++
3653,General Knowledge,Easy,Multiple Choice,Which company did Valve cooperate with in the creation of the Vive?,HTC,Oculus,Google,Razer
3654,Entertainment: Japanese Anime & Manga,Hard,Multiple Choice,"Which of these anime have over 7,500 episodes?",Sazae-san,Naruto,One Piece,Chibi Maruko-chan
3655,Entertainment: Television,Easy,Multiple Choice,"Who was the first ever actor to play ""The Doctor"" on ""Doctor Who""?",William Hartnell,David Tennant,Peter Capaldi,Tom Baker
3656,Entertainment: Music,Easy,Multiple Choice,"In 2006, which band released their debut album ""A Fever You Can't Sweat Out""?",Panic! At the Disco,Twenty One Pilots,My Chemical Romance,Fall Out Boy
3657,Animals,Hard,Multiple Choice,"Which species is a ""mountain chicken""?",Frog,Chicken,Horse,Fly
3658,Science: Mathematics,Medium,Multiple Choice,"In a normal distribution, 95% of the data lies within how many standard deviations of the mean?",2,1,3,4
3659,History,Medium,Multiple Choice,"When did L. L. Zamenhof first publish ""Unua Libro"", the first publication describing his international language Esperanto?",1887,1897,1905,1915
3660,Entertainment: Video Games,Medium,Multiple Choice,Which Dota 1 hero changed gender when ported to Dota 2?,Legion Commander,Axe,Keeper of the Light,Templar Assassin
3661,Entertainment: Video Games,Medium,Multiple Choice,"The walls of the Goldenrod City Gym in ""Pokémon Gold and Silver"" are arranged in the shape of which Pokémon?",Clefairy,Bulbasaur,Pikachu,Pidgey
3662,Entertainment: Books,Medium,Multiple Choice,"Who wrote the ""A Song of Ice And Fire"" fantasy novel series?",George R. R. Martin,George Lucas,George Orwell,George Eliot
3663,Entertainment: Video Games,Medium,Multiple Choice,"In World of Warcraft lore,  how many siblings does Sylvanas Windrunner have?",3,2,4,1
3664,Entertainment: Video Games,Medium,Multiple Choice,Which company developed the MMO Spiral Knights (2011)?,Three Rings Design,Sega,Electronic Arts,Double Fine
3665,Science: Computers,Medium,True / False,"The common software-programming acronym ""I18N"" comes from the term ""Interlocalization"".",False,True,,
3666,Entertainment: Video Games,Easy,True / False,Watch_Dogs 2 is a prequel.,False,True,,
3667,Science: Mathematics,Easy,Multiple Choice,What is the mathematician Euler's first name?,Leonhard,Lionel,Andrin,Ajan
3668,General Knowledge,Hard,Multiple Choice,"The words ""bungalow"" and ""shampoo"" originate from the languages of which country?",India,Papua New Guinea,Ethiopia,China
3669,Politics,Medium,Multiple Choice,What year did Gerald Ford Become President?,1974,1977,1973,1969
3670,Entertainment: Music,Easy,Multiple Choice,"The Rush song ""YYZ"" derives its name from the IATA aiport identification code for which city?",Toronto,Vancouver,Ottawa,Calgary
3671,Entertainment: Television,Easy,Multiple Choice,Which of the following won the first season of American Idol in 2002?,Kelly Clarkson,Justin Guarini,Ruben Studdard,Chris Daughtry
3672,Entertainment: Video Games,Hard,Multiple Choice,"Given that all party members are maxed, who is the fastest party member in Super Mario RPG: Legend of The Seven Stars?",Geno,Mario,Bowser,Peach
3673,Entertainment: Music,Medium,Multiple Choice,Which of these albums is a Wu-Tang Clan album?,Iron Flag,Perfect Hair,The Low End Theory,Licensed to Ill
3674,Entertainment: Books,Easy,Multiple Choice,"Which classic book opens with the line ""Call me Ishmael""?",Moby Dick,A Tale of Two Cities,Kidnapped,Wuthering Heights
3675,Entertainment: Television,Medium,Multiple Choice,"In Battlestar Galactica (2004), what is the name of the President of the Twelve Colonies?",Laura Roslin,William Adama,Tricia Helfer,Harry Stills
3676,Science: Computers,Easy,True / False,The NVidia GTX 1080 gets its name because it can only render at a 1920x1080 screen resolution.,False,True,,
3677,Geography,Hard,Multiple Choice,What is the capital of Mauritius?,Port Louis,Port Moresby,Port Vila,Port-au-Prince
3678,Entertainment: Board Games,Easy,Multiple Choice,Which of the following is NOT a class in Dungeons and Dragons 5e?,Engineer ,Fighter ,Paladin ,Bard
3679,General Knowledge,Medium,Multiple Choice,Macintosh has named six of its operating systems after big cats. What big cat did Macintosh name their 2007 release after? ,Leopard,Tiger,Panther,Puma
3680,Science & Nature,Medium,True / False,Pneumonoultramicroscopicsilicovolcanoconiosis is a synonym for the disease known as silicosis.,True,False,,
3681,Animals,Easy,Multiple Choice,What is Grumpy Cat's real name?,Tardar Sauce,Sauce,Minnie,Broccoli
3682,Entertainment: Board Games,Hard,True / False,The board game Go has more possible legal positions than the number of atoms in the visible universe.,True,False,,
3683,Entertainment: Cartoon & Animations,Medium,Multiple Choice,Adam West was the mayor of which cartoon town?,Quahog,Springfield,South Park,Langley Falls
3684,Geography,Medium,Multiple Choice,What is the name of the only remaining Grand Duchy in the world ?,Luxembourg,Montenegro,Liechtenstein,Andorra
3685,Sports,Medium,True / False,Wilt Chamberlain scored his infamous 100-point-game against the New York Knicks in 1962.,True,False,,
3686,Geography,Medium,Multiple Choice,Which of the following language families is the most controversial amongst modern linguists?,Altaic,Sino-Tibetan,Dravidian,Indo-European
3687,Entertainment: Music,Hard,Multiple Choice,"The song ""Old Town Road"" by American rapper Lil Nas X samples the song ""34 Ghosts IV"" by which band?",Nine Inch Nails,Death Grips,Iron Maiden,Animal Collective
3688,Geography,Easy,True / False,St. Louis is the capital of the US State Missouri.,False,True,,
3689,Entertainment: Video Games,Easy,True / False,"Faust is a playable character in ""Guilty Gear Xrd Revelator"".",True,False,,
3690,Entertainment: Video Games,Medium,Multiple Choice,"In the game Destiny, who succeeded Peter Dinklage in voicing the protagonist's ""Ghost""?",Nolan North,John DiMaggio,Mark Hamill, Troy Baker
3691,Entertainment: Television,Easy,Multiple Choice,"In the show Stranger Things, what is Eleven's favorite breakfast food?",Eggo Waffles,Toast,Captain Crunch,Bacon and Eggs
3692,General Knowledge,Easy,Multiple Choice,"In a standard Gregorian calendar, how many months begin with the letter 'J'?",Three,Four,Five,Two
3693,General Knowledge,Easy,True / False,"On average, at least 1 person is killed by a drunk driver in the United States every hour.",True,False,,
3694,Entertainment: Video Games,Medium,Multiple Choice,"Of the following space shooter games, which came out first?",Space Invaders,Galaxian,Galaga,Sinistar
3695,Entertainment: Video Games,Medium,Multiple Choice,Which one of these games came out first?,Terraria,Minecraft,Starbound,Factorio
3696,General Knowledge,Easy,Multiple Choice,"In Half-Life, what is the name of the alien that attaches to heads?",Headcrab,Bullsquid,Vortigaunt,Facehugger
3697,Science & Nature,Medium,Multiple Choice,"In Chemistry, how many isomers does Butanol (C4H9OH) have?",4,3,5,6
3698,Entertainment: Music,Medium,Multiple Choice,"On the cover of 'Abbey Road,' which of the Beatles is not wearing shoes?",Paul McCartney,Ringo Starr,John Lennon,George Harrison
3699,Entertainment: Video Games,Medium,Multiple Choice,"In ""Call Of Duty: Zombies"", completing which map's easter egg will reward you with the achievement, ""Time Travel Will Tell""?",Shangri-La,Ascension,Moon,Die Rise
3700,Entertainment: Video Games,Medium,Multiple Choice,"When was the game ""Roblox"" released?",2006,2003,2002,2007
3701,Entertainment: Japanese Anime & Manga,Medium,Multiple Choice,"Ikki Kurogane is known by what nickname at the beginning of ""Chivalry of a Failed Knight""?",Worst One,Another One,Blazer,Princess
3702,Entertainment: Video Games,Medium,Multiple Choice,"What was the first weapon pack for ""PAYDAY 2""?",The Gage Weapon Pack #1,The Overkill Pack,The Gage Chivalry Pack,The Gage Historical Pack
3703,Entertainment: Television,Medium,Multiple Choice,Who was the original voice actor of Shaggy Rogers in Scooby-Doo?,Casey Kasem,Dante Basco,Billy West,Frank Welker
3704,Entertainment: Music,Hard,Multiple Choice,Pete Townshend collaborated with which famous guitarist for an event at Brixton Academy in 1985?,David Gilmour,Jimmy Page,Mark Knopfler,Eric Clapton
3705,Science: Computers,Easy,Multiple Choice,"In computing, what does LAN stand for?",Local Area Network,Long Antenna Node,Light Access Node,Land Address Navigation
3706,Entertainment: Video Games,Medium,Multiple Choice,"What is the mod ""Cry of Fear"" based off of?",Half-Life,Counter Strike: Source,Half-Life 2,"It's a stand alone game, not a mod"
3707,Sports,Medium,Multiple Choice,Which car manufacturer won the 2017 24 Hours of Le Mans?,Porsche,Toyota,Audi,Chevrolet
3708,Entertainment: Video Games,Easy,Multiple Choice,"Which Pokemon generation did the fan-named ""Masuda Method"" first appear in? ",Diamond/Pearl,Ruby/Sapphire,Black/White,X/Y
3709,Entertainment: Books,Hard,Multiple Choice,Which classic horror character killed Elizabeth Lavenza?,Frankenstein's Monster,Count Dracula,Werewolf,The Creature from the Black Lagoon
3710,Geography,Medium,Multiple Choice,On which continent/s is the entire country of Spain specifically located when taking into account all of its territory?,Europe and Africa,"Europe, Africa and Asia",Europe,Europe and Asia
3711,Science: Computers,Easy,True / False,JavaScript derives from a later version of Java,False,True,,
3712,General Knowledge,Medium,Multiple Choice,What was the name given to Japanese military dictators who ruled the country through the 12th and 19th Century?,Shogun,Ninja,Samurai,Shinobi
3713,Entertainment: Comics,Hard,Multiple Choice,"In 1978, Superman teamed up with what celebrity, to defeat an alien invasion?",Muhammad Ali,Mike Tyson,Sylvester Stallone,Arnold Schwarzenegger
3714,Entertainment: Video Games,Easy,Multiple Choice,Which of the following was NOT a playable character in the game Kingdom Hearts: Birth by Sleep?,Ignis,Ventus,Terra,Aqua
3715,Entertainment: Music,Medium,Multiple Choice,"In the song “The Ultimate Showdown of Ultimate Destiny,” who is the only one to survive the battle?",Mr. Rogers,Batman,Chuck Norris,Godzilla
3716,Entertainment: Film,Easy,Multiple Choice,"What superhero has been played in film by actors Michael Keaton, Val Kilmer, George Clooney and Christian Bale?",Batman,Superman,Iron Man,Spiderman
3717,Entertainment: Cartoon & Animations,Medium,Multiple Choice,"In ""My Little Pony: Friendship is Magic"", which of these ponies represents the quality of honesty?",Applejack,Twilight Sparkle,Pinkie Pie,Rarity
3718,History,Hard,Multiple Choice,"When was the city of Rome, Italy founded?",753 BCE,902 BCE,524 BCE,697 BCE
3719,Vehicles,Hard,Multiple Choice,What car manufacturer gave away their patent for the seat-belt in the interest of saving lives?,Volvo,Ferrari,Ford,Renault
3720,Entertainment: Japanese Anime & Manga,Medium,Multiple Choice,Which of the following anime of the mecha genre began airing in 1982?,The Super Dimension Fortress Macross,Mobile Suit Gundam,Armored Trooper VOTOMS,Neon Genesis Evangelion
3721,Entertainment: Video Games,Medium,Multiple Choice,"Which one of these nations was added to Civilization V with the ""Gods & Kings"" expansion?",The Netherlands,The Zulu,The Ottomans,The Kongo
3722,Sports,Medium,Multiple Choice,Which Formula 1 driver switched teams in the middle of the 2017 season?,Carlos Sainz Jr.,Daniil Kvyat,Jolyon Palmer,Rio Haryanto
3723,Entertainment: Film,Easy,Multiple Choice,When was the movie 'Con Air' released?,1997,1985,1999,1990
3724,Science: Computers,Medium,Multiple Choice,Which programming language was developed by Sun Microsystems in 1995?,Java,Python,Solaris OS,C++
3725,Mythology,Hard,Multiple Choice,Who is the Egyptian god of reproduction and lettuce?,Min,Menu,Mut,Meret
3726,General Knowledge,Hard,Multiple Choice,"What type of dog is 'Handsome Dan', the mascot of Yale University?",Bulldog,Yorkshire Terrier,Boxer,Pug
3727,Entertainment: Video Games,Easy,True / False,"In the ""Half-Life"" series, ""H.E.V"" stands for ""Hazardous Evasiveness Vest""",False,True,,
3728,History,Easy,Multiple Choice,In which year did the Invasion of Kuwait by Iraq occur?,1990,1992,1988,1986
3729,Entertainment: Music,Easy,Multiple Choice,"In the  Rossini opera, what was the name of 'The Barber of Seville'?",Figaro,Angelo,Fernando,Dave
3730,Entertainment: Japanese Anime & Manga,Hard,Multiple Choice,"What is the last line muttered in the anime film ""The End of Evangelion""?","""How disgusting.""","""Idiot, I won't let you kill me!""","""Nothing.""","""Goddammit, Shinji."""
3731,Sports,Medium,Multiple Choice,Which country is hosting the 2022 FIFA World Cup?,Qatar,Uganda,Vietnam,Bolivia
3732,Vehicles,Medium,Multiple Choice,Which supercar company is from Sweden?,Koenigsegg,Bugatti,Lamborghini,McLaren
3733,Geography,Easy,Multiple Choice,Which of these is NOT an Australian state or territory?,Alberta,New South Wales,Victoria,Queensland
3734,Entertainment: Video Games,Medium,Multiple Choice,"In Overwatch, how old is Reinhardt Wilhelm?",61,59,65,62
3735,Geography,Medium,Multiple Choice,Which of the following countries is an island?,Cyprus,Azerbaijan,El Salvador,Djibouti
3736,Entertainment: Television,Medium,Multiple Choice,"In the TV series ""Person of Interest"", who plays the character ""Harold Finch""?",Michael Emerson,Jim Caviezel,Taraji P. Henson,Kevin Chapman
3737,History,Medium,True / False,Canada was ceded to Britain under the terms of the 1763 Treaty of Paris.,True,False,,
3738,Science & Nature,Easy,Multiple Choice,How many planets are there in the Solar System?,8,9,11,10
3739,Entertainment: Books,Medium,Multiple Choice,What position does Harry Potter play in Quidditch?,Seeker,Beater,Chaser,Keeper
3740,Entertainment: Japanese Anime & Manga,Hard,Multiple Choice,"What is the name of the school in the anime and manga ""Gosick""?",St. Marguerite,St. Augustine,St. Mary,St. Bernadette
3741,Entertainment: Music,Hard,Multiple Choice,"What is the first Studio Album to be released on the Internet with a ""Pay-What-You-Want"" price?",In Rainbows,The Help Album,Skrillex and Diplo Present Jack Ü,Blackstar
3742,Science & Nature,Easy,Multiple Choice,Naturally occuring uranium primarily consists of which isotope?,238,235,239,233
3743,Entertainment: Film,Easy,Multiple Choice,"In the 1995 film ""Balto"", who are Steele's accomplices?","Kaltag, Nikki, and Star","Dusty, Kirby, and Ralph","Nuk, Yak, and Sumac","Jenna, Sylvie, and Dixie"
3744,Entertainment: Film,Medium,Multiple Choice,Mark Wahlberg played the titular character of which 2008 video-game adaptation?,Max Payne,Alan Wake,Hitman,God Of War
3745,Science & Nature,Medium,Multiple Choice,What causes Lyme disease?,A bacteria,A virus,A parasitic worm,An amoeba
3746,Entertainment: Music,Medium,Multiple Choice,"When did The Beatles release the LP ""Please Please Me""?",1963,1970,1960,1969
3747,Science & Nature,Medium,True / False,A defibrillator is used to start up a heartbeat once a heart has stopped beating.,False,True,,
3748,History,Medium,Multiple Choice,"Which U.S. president took part in the Potsdam Conference, where the Allies reached a peace settlement with Germany?",Harry S. Truman,Dwight D. Eisenhower,Franklin D. Roosevelt,Herbert Hoover
3749,General Knowledge,Easy,Multiple Choice,Which American-owned brewery led the country in sales by volume in 2015?,"D. G. Yuengling and Son, Inc",Anheuser Busch,Boston Beer Company,Miller Coors
3750,Science & Nature,Easy,Multiple Choice,"What is the ""powerhouse"" of the Eukaryotic animal cell?",Mitochondria,Nucleus,Chloroplast,Endoplasmic Reticulum
3751,Entertainment: Video Games,Easy,Multiple Choice,Who are the original creators of Rachet & Clank?,Insomniac Games,PixelTail Games,Rare,Bethesda
3752,Entertainment: Comics,Medium,Multiple Choice,"The success of DC Comics' Swamp Thing, Sandman, and other books in a similar style, led to the creation of what new imprint in 1993?",Vertigo,Impact,New Universe,Red Circle
3753,General Knowledge,Hard,True / False,Samhainophobia is the term used for an abnormal and persistent fear of halloween.,True,False,,
3754,General Knowledge,Easy,Multiple Choice,"What is the French word for ""hat""?",Chapeau,Bonnet, Écharpe, Casque
3755,Entertainment: Video Games,Easy,Multiple Choice,What game was used to advertise Steam?,Counter-Strike 1.6,Half-Life,Half-Life 2,Team Fortress
3756,General Knowledge,Medium,True / False,Furby was released in 1998.,True,False,,
3757,Geography,Hard,True / False,Only one country in the world starts with the letter Q.,True,False,,
3758,Geography,Easy,Multiple Choice,What is the name of New Zealand's indigenous people?,Maori,Vikings,Polynesians,Samoans
3759,Entertainment: Film,Medium,Multiple Choice,"What year did the James Cameron film ""Titanic"" come out in theaters?",1997,1996,1998,1999
3760,Entertainment: Music,Medium,Multiple Choice,Who is the artist of the recent new album the Uncanny Valley?,Perturbator,Carpenter Brut,GOST,Dan Terminus 
3761,History,Hard,Multiple Choice,The Hagia Sophia was commissioned by which emperor of the Byzantine Empire?,Justinian I,Constantine IV,Arcadius,Theodosius the Great
3762,History,Hard,Multiple Choice,How many women joined the United States Armed Services during World War II?,"350,000","225,000","100,000","500,000"
3763,Entertainment: Television,Easy,Multiple Choice,Grant Gustin plays which superhero on the CW show of the same name?,The Flash,The Arrow,Black Canary,Daredevil
3764,Entertainment: Music,Easy,Multiple Choice,What is the name of the album released in 2014 by American band Maroon 5?,V,X,III,IV
3765,Entertainment: Video Games,Medium,Multiple Choice,How many sets of grandmaster witcher gear are in The Witcher 3's Blood and Wine DLC?,5,3,6,4
3766,Entertainment: Video Games,Easy,Multiple Choice,What is the code name of Morgana the cat in Persona 5?,Mona,Panther,Nightstalker,Zorro
3767,Entertainment: Music,Medium,Multiple Choice,Which musical instrument is nicknamed 'the clown of the orchestra'?,Bassoon,Piccolo,Tuba,Flute
3768,Entertainment: Television,Medium,True / False,"In the animated series Futurama, the character Phllip J. Fry is his own grandfather.",True,False,,
3769,Entertainment: Cartoon & Animations,Medium,Multiple Choice,"When did the last episode of ""Futurama"" air before returning in 2023?","September 4, 2013","December 25, 2010","March 28, 1999","November 4, 2021"
3770,Geography,Easy,Multiple Choice,What country has a horizontal bicolor red and white flag?,Monaco,Bahrain,Malta,Liechenstein
3771,Entertainment: Board Games,Easy,Multiple Choice,How many dice are used in the game of Yahtzee?,Five,Four,Six,Eight
3772,Animals,Hard,Multiple Choice,What type of creature is a Bonobo?,Ape,Lion,Parrot,Wildcat
3773,Vehicles,Easy,Multiple Choice,"During World War 2, with tank was the most fear by the allies?",PanzerKampfwagen V Panther,Marder III,Mks Matilda II,PanzerKampfwagen VI Tiger 
3774,Entertainment: Video Games,Medium,Multiple Choice,"In ""Call Of Duty: Zombies"", which map features the ""Fly Trap"" easter egg?",Der Riese,Tranzit,Call Of The Dead,Shi No Numa
3775,Entertainment: Japanese Anime & Manga,Hard,Multiple Choice,"The ""To Love-Ru"" Manga was started in what year?",2006,2007,2004,2005
3776,Entertainment: Video Games,Easy,Multiple Choice,Who is the main protagonist in the game Life is Strange: Before The Storm?,Chloe Price ,Max Caulfield,Rachel Amber,Frank Bowers
3777,Geography,Medium,Multiple Choice,Which is the largest city in Morocco?,Casablanca,Rabat,Fes,Sale
3778,Entertainment: Books,Medium,Multiple Choice,"In ""Little Women"", which of the March sisters married Laurie?",Amy,Beth,Jo,Meg
3779,Entertainment: Japanese Anime & Manga,Medium,Multiple Choice,"In the anime, ""Super Sonico"", what is Super Sonico's favorite food?",Macroons,Ice Cream,Pizza,Chips
3780,General Knowledge,Medium,Multiple Choice,What direction does the Statue of Liberty face?,Southeast,Southwest,Northwest,Northeast
3781,Sports,Easy,Multiple Choice,"In baseball, how many fouls are an out?",0,5,3,2
3782,Entertainment: Music,Medium,Multiple Choice,Which Coldplay album won the Grammy for Best Rock Album in the 2009 Grammy Awards?,Viva La Vida Or Death And All His Friends,A Rush Of Blood To The Head,X&Y,Mylo Xyloto
3783,Entertainment: Music,Medium,Multiple Choice,"Which artist or group did John Lennon consider ""son(s) of the Beatles""?",Jeff Lynne's Electric Light Orchestra,The Rolling Stones,Pink Floyd,The Who
3784,Entertainment: Music,Easy,Multiple Choice,The tuba is a part of which musical family?,Brass,Percussion,Strings,Woodwind
3785,Science & Nature,Medium,Multiple Choice,Which of these is NOT a bone found in the human arm?,Tibia,Humerus,Ulna,Radius
3786,Geography,Easy,True / False,The capital of Indonesia is Bali.,False,True,,
3787,Entertainment: Music,Hard,Multiple Choice,Who was the previous drummer of blink-182 before Travis Barker?,Scott Raynor,Atom Willard,Ilan Rubin,Derek Grant
3788,Entertainment: Board Games,Hard,Multiple Choice,"Which ability from the ""Magic: The Gathering"" Scars of Mirrodin expansion involves having at least three artifacts in play?",Metalcraft,Affinity,Imprint,Living Weapon
3789,Entertainment: Japanese Anime & Manga,Medium,Multiple Choice,What sport is being played in the Anime Eyeshield 21?,American Football,Baseball,Football,Basketball
3790,Entertainment: Film,Medium,Multiple Choice,"In Mulan (1998), who is the leader of the Huns?",Shan Yu,Chien-Po,Li Shang,Fa Zhou
3791,Entertainment: Musicals & Theatres,Easy,Multiple Choice,"Who wrote the musical ""Hamilton""?",Lin-Manuel Miranda,Andrew Lloyd Webber,Nell Benjamin,Tom Kitt
3792,Entertainment: Music,Hard,Multiple Choice,"Which member of the English band ""The xx"" released their solo album ""In Colour"" in 2015?",Jamie xx,Romy Madley Croft,Oliver Sim,Baria Qureshi
3793,Entertainment: Television,Easy,Multiple Choice,"Who is the main character in the show ""Burn Notice""?",Michael Westen,Sam Axe,Fiona Glenanne,Madeline Westen
3794,Entertainment: Music,Medium,Multiple Choice,Which of these black metal acts was a solo project?,Burzum,Darkthrone,Mayhem,Dissection
3795,Entertainment: Japanese Anime & Manga,Medium,Multiple Choice,My Hero Academia's main character Midoriya goes by what superhero name?,Deku,All Might,Saitama,Kona
3796,Entertainment: Video Games,Medium,Multiple Choice,"How many regular Sunken Sea Scrolls are there in ""Splatoon""?",27,32,30,5
3797,Entertainment: Video Games,Medium,Multiple Choice,"According to Overwatch's lore, who was once a member of the Deadlock Gang?",McCree,Roadhog,Soldier 76,Junkrat
3798,Entertainment: Video Games,Hard,Multiple Choice,How many playable characters are there in Super Smash Bros. for Nintendo 3DS and Wii U?,58,48,51,55
3799,Entertainment: Film,Medium,Multiple Choice,"What is the make and model of the tour vehicles in ""Jurassic Park"" (1993)?",1992 Ford Explorer XLT,1992 Toyota Land Cruiser,1992 Jeep Wrangler YJ Sahar,Mercedes M-Class
3800,Vehicles,Hard,Multiple Choice,Which one of these chassis codes are used by BMW 3-series?,E46,E39,E85,F10
3801,Science & Nature,Medium,True / False,The planet Mars has two moons orbiting it.,True,False,,
3802,Entertainment: Video Games,Medium,Multiple Choice,What was the first Call of Duty game to include the Zombies gamemode?,Call of Duty: World at War,Call of Duty: Black Ops,Call of Duty: Modern Warfare 2,Call of Duty: Black Ops III
3803,Mythology,Hard,Multiple Choice,What was the punishment for Sysiphus's craftiness?,Cursed to roll a boulder up a hill for eternity.,"Tied to a boulder for eternity, being pecked by birds.",Standing in a lake filled with water he could not drink.,To fell a tree that regenerated after every axe swing.
3804,General Knowledge,Hard,Multiple Choice,"What is the romanized Arabic word for ""moon""?",Qamar,Najma,Kawkab,Shams
3805,Science & Nature,Easy,Multiple Choice,Which of the following is not one of the groups on the periodic table?,Fluorines,Alkali Metals,Halogens,Noble Gases
3806,History,Easy,Multiple Choice,What does the United States of America celebrate during the 4th of July?,The signing of the Declaration of Independence,The anniversary of the Battle of Gettysburg,The crossing of the Delaware River,The ratification of the Constitution
3807,Science: Computers,Medium,True / False,All program codes have to be compiled into an executable file in order to be run. This file can then be executed on any machine.,False,True,,
3808,Entertainment: Video Games,Medium,Multiple Choice,"Who voices the infamous Citadel Station A.I known as S.H.O.D.A.N, in the System Shock games?",Terri Brosius, Jennifer Hale,Jenn Taylor,Lori Alan
3809,Geography,Easy,True / False,Vatican City is a country.,True,False,,
3810,Entertainment: Video Games,Medium,Multiple Choice,"In the 2002 video game ""Kingdom Hearts"", how many playable worlds were there?",14,13,16,11
3811,History,Medium,Multiple Choice,"One of the deadliest pandemics, the ""Spanish Flu"", killed off what percentage of the human world population at the time?",3 to 6 percent,6 to 10 percent,1 to 3 percent,less than 1 percent
3812,Entertainment: Film,Medium,Multiple Choice,Darth Vader's famous reveal to Luke is iconic. But which of these is the right one?,"""No. I am your father.""","""Luke, I am your father.""","""You're wrong. I am your father.""","""The truth is that I am your father."""
3813,General Knowledge,Medium,Multiple Choice,"What did the Spanish autonomous community of Catalonia ban in 2010, that took effect in 2012?",Bullfighting,Fiestas,Flamenco,Mariachi
3814,Entertainment: Video Games,Medium,Multiple Choice,Who are the two protagonists of the game Yakuza 0?,Kazuma Kiryu and Goro Majima,Shintaro Kazama and Kazuma Kiryu,Keiji Shibusawa and Daisaku Kuze,Akira Nishikiyama and Tetsu Tachibana
3815,Entertainment: Japanese Anime & Manga,Medium,Multiple Choice,"Which of the stands from ""JoJo's Bizarre Adventure"" mimics the likeness of a tomato?",Pearl Jam,Red Hot Chili Pepper,Cream Starter,Nut King Call
3816,Entertainment: Music,Hard,Multiple Choice,Which of the following is NOT a real song from the band Thousand Foot Krutch?,Limitless Fury,Let The Sparks Fly,Down,Give Up The Ghost
3817,Entertainment: Film,Easy,Multiple Choice,Which animated movie was first to feature a celebrity as a voice actor?,Aladdin,Toy Story,James and the Giant Peach,The Hunchback of Notre Dame
3818,Entertainment: Music,Medium,True / False,"For his performance at ComplexCon 2016 in Long Beach, California, Skrillex revived his ""Mothership"" set piece for one night only.",True,False,,
3819,History,Medium,Multiple Choice,Which country was an allied power in World War II?,Soviet Union,Italy,Germany,Japan
3820,General Knowledge,Medium,True / False,Francis Bacon died from a fatal case of pneumonia while he was attempting to preserve meat by stuffing a chicken with snow.,True,False,,
3821,Science: Mathematics,Easy,Multiple Choice,"In Roman Numerals, what does XL equate to?",40,60,15,90
3822,General Knowledge,Easy,Multiple Choice,When someone is inexperienced they are said to be what color?,Green,Red,Blue,Yellow
3823,Sports,Easy,Multiple Choice,Who won the UEFA Champions League in 2017?,Real Madrid C.F.,Atletico Madrid,AS Monaco FC,Juventus F.C.
3824,Geography,Easy,Multiple Choice,Which country was NOT part of the Soviet Union?,Romania,Turkmenistan,Belarus,Tajikistan
3825,Entertainment: Cartoon & Animations,Easy,Multiple Choice,"What is the relationship between Rick and Morty in the show ""Rick and Morty""?",Grandfather and Grandson,Father and Son,Best Friends,Crimefighting Partners
3826,General Knowledge,Medium,Multiple Choice,Which of the following correctly describes Japanese word order?,Subject Object Verb,Subject Verb Object,Verb Subject Object,Verb Object Subject
3827,Entertainment: Video Games,Easy,Multiple Choice,Which of the following is NOT one of the main characters in Grand Theft Auto V’s story mode?,Tommy Vercetti,Michael de Santa,Franklin Clinton,Trevor Phillips
3828,Entertainment: Books,Hard,Multiple Choice,In which classic novel is there a character named Homer Simpson?,The Day of the Locust,Catch-22,Of Mice and Men,A Separate Peace
3829,Entertainment: Television,Easy,True / False,Klingons express emotion in art through opera and poetry.,True,False,,
3830,Entertainment: Video Games,Hard,Multiple Choice,"In the Team Fortress 2 canon, what did Shakespearicles NOT invent?",Stairs,Two-Story Building,Rocket Launcher,Stage Play
3831,Entertainment: Music,Easy,Multiple Choice,"""Some people call me the space cowboy"" is the first line from what song?",The Joker,Fandango,Take The Money and Run,Fly Like an Eagle
3832,Science: Gadgets,Medium,Multiple Choice,"Apple's Voice Assistant, Siri, debuted on which iPhone?",iPhone 4S,iPhone 6S,iPhone 3GS,iPhone 5S
3833,Entertainment: Music,Medium,Multiple Choice,"In August 1964, who introduced the Beatles to cannabis?",Bob Dylan,Jim Morrison,Brian Epstein,Jerry Garcia
3834,Entertainment: Cartoon & Animations,Easy,Multiple Choice,The song 'Little April Shower' features in which Disney cartoon film?,Bambi,Cinderella,Pinocchio,The Jungle Book
3835,Politics,Easy,Multiple Choice,What candidate won the 2012 US Presidential Election?,Barack Obama,Mitt Romney,Bob Hope,Ross Perot
3836,Entertainment: Cartoon & Animations,Easy,Multiple Choice,Which of the following did not feature in the cartoon 'Wacky Races'?,The Dragon Wagon,The Bouldermobile,The Crimson Haybailer,The Compact Pussycat
3837,Entertainment: Video Games,Hard,Multiple Choice,"In the 2014 Pokemon VGC Finals, which Pokemon was famous for bringing the winner to victory?",Pachirisu,Garchomp,Lapras,Primal Groudon
3838,Mythology,Easy,Multiple Choice,"Who in Greek mythology, who led the Argonauts in search of the Golden Fleece?",Jason,Castor,Daedalus,Odysseus
3839,Entertainment: Japanese Anime & Manga,Medium,Multiple Choice,"What is the name of the protagonist of the 2017 anime ""Land of the Lustrous""?",Phosphophyllite,Watermelon Tourmaline,Cinnabar,Padparadscha
3840,General Knowledge,Easy,Multiple Choice,"If you are caught ""Goldbricking"", what are you doing wrong?",Slacking,Smoking,Stealing,Cheating
3841,General Knowledge,Easy,Multiple Choice,When was the Playstation 3 released?,"November 11, 2006","January 8, 2007","December 25, 2007","July 16, 2006"
3842,Science: Computers,Easy,Multiple Choice,What does the term USB stand for?,Universal Serial Bus,Universal Simtex Blot,Unified Signal Bus,Unityped Semtex Backer
3843,Geography,Hard,Multiple Choice,"In 2012 the German-speaking microstate ""Liechtenstein"" in Central Europe had a population of how many inhabitants?","36,600","2,400","90,000","323,400"
3844,Entertainment: Books,Medium,Multiple Choice,"In the ""Harry Potter"" novels, what must a Hogwarts student do to enter the Ravenclaw Common Room?",Answer a riddle,Rhythmically tap barrels with a wand,Speak a password,Knock in sequence
3845,Entertainment: Cartoon & Animations,Hard,Multiple Choice,"In the TV show ""Rick and Morty"", Rick uses the catchphrase ""Wubba Lubba Dub Dub"", which means what in Birdperson?","I am in great pain, please help me.",I pray that my life ends soon.,Lets get this party started!,"I am suffering, please help me."
3846,Entertainment: Film,Easy,Multiple Choice,"In ""Mean Girls"", who has breasts that tell when it's raining?",Karen Smith,Gretchen Weiners,Janice Ian,Cady Heron
3847,Geography,Medium,Multiple Choice,Which one of these countries borders with Poland?,Lithuania,France,Norway,Netherlands
3848,Entertainment: Film,Medium,Multiple Choice,"In the movie ""Back to the Future,"" what speed does Doc Brown's DeLorean need to reach in order to travel through time?",88 mph,77 mph,100 mph,70 mph
3849,General Knowledge,Medium,True / False,"The word ""news"" originates from the first letters of the 4 main directions on a compass (North, East, West, South).",False,True,,
3850,Politics,Medium,Multiple Choice,What is the primary purpose of the Fourth Amendment to the US Constitution?,Preventing unreasonable searches and seizures,Preventing cruel and unusual punishments,Protecting against imprisonment without due process of law,Protecting the right to keep and bear arms
3851,Mythology,Easy,Multiple Choice,"What mythology did the god ""Apollo"" come from?",Greek and Roman,Roman and Spanish,Greek and Chinese,"Greek, Roman and Norse"
3852,Geography,Hard,Multiple Choice,Which of the following Inuit languages was the FIRST to use a unique writing system not based on the Latin alphabet?,Inuktitut,Inuinnaqtun,Greenlandic,Inupiat
3853,Entertainment: Video Games,Easy,True / False,"""Metal Gear Solid 3: Snake Eater"" was released in 2004.",True,False,,
3854,Entertainment: Cartoon & Animations,Hard,Multiple Choice,"Who played Stan's dog in the South Park episode ""Big Gay Al's Big Gay Boat Ride""?",George Clooney,Jay Leno,Matt Stone,Robert Smith
3855,Entertainment: Video Games,Hard,Multiple Choice,"What was the first ""Call Of Duty: Zombies"" map to be directed by Jason Blundell?",Mob Of The Dead,Buried,Origins,Moon
3856,Entertainment: Video Games,Medium,Multiple Choice,"In the 2000 video game ""Crimson Skies,"" what was the name of the protagonists' zeppelin?",Pandora,Helios,Icarus,Orion
3857,Science: Mathematics,Medium,True / False,"The proof for the Chinese Remainder Theorem used in Number Theory was NOT developed by its first publisher, Sun Tzu.",True,False,,
3858,Entertainment: Japanese Anime & Manga,Hard,Multiple Choice,"In the anime Initial D, how does Takumi Fujiwara describe a drift?",'. . . the front tires slide so the car won't face the inside',"'. . . the wheels lose traction, making the car slide sideways'","'. . . the car oversteers through a curve, causing it to turn faster'",'. . . you turn a lot'
3859,Entertainment: Video Games,Medium,True / False,Super Mario Bros. was released in 1990.,False,True,,
3860,Entertainment: Video Games,Easy,True / False,"The game ""Jetpack Joyride"" was created by ""Redbrick Studios"".",False,True,,
3861,Entertainment: Video Games,Medium,True / False,"The Fiat Multipla is a drivable car in ""Forza Horizon 3"".",False,True,,
3862,Entertainment: Board Games,Hard,Multiple Choice,"Which board game was first released on February 6th, 1935?",Monopoly,Risk,Clue,Candy Land
3863,General Knowledge,Medium,Multiple Choice,What is the name given to Indian food cooked over charcoal in a clay oven?,Tandoori,Biryani,Pani puri,Tiki masala
3864,Science & Nature,Hard,Multiple Choice,Burning which of these metals will produce a bright white flame?,Magnesium,Copper,Lithium,Lead
3865,Entertainment: Music,Medium,Multiple Choice,"""Lift Your Spirit"" is an album by which artist?",Aloe Blacc,Lena Meyer-Landrut,Stevie Wonder,Taylor Swift
3866,Science: Gadgets,Hard,Multiple Choice,Which of the following is the standard THX subwoofer crossover frequency?,80 Hz,70 Hz,90 Hz,100 Hz
3867,Entertainment: Video Games,Medium,Multiple Choice,"Which of these blocks in ""Minecraft"" has the lowest blast resistance?",Sand,End Stone,Water,Wood Planks
3868,Entertainment: Music,Medium,Multiple Choice,Which British female singer and songwriter was sampled Eminem's hit single 'Stan'?,Dido,Adele,Lily Allen,Leona Lewis
3869,Entertainment: Music,Medium,Multiple Choice,EDM producer Marshmello performs live wearing clothes and a marshmallow mask of what colour?,White,Black,Blue,Yellow
3870,Entertainment: Video Games,Medium,Multiple Choice,"Which of the following is not a prosecutor in the ""Ace Attorney"" video game series?",Jake Marshall,Godot,Miles Edgeworth,Jacques Portsman
3871,Entertainment: Film,Easy,Multiple Choice,"In ""ALF"", what was ALF's real name?",Gordon Shumway,Gordon Milipp,Gordon Foster,Gordon von Gam
3872,Entertainment: Video Games,Hard,Multiple Choice,"Which of these characters in ""Undertale"" can the player NOT go on a date with?",Toriel,Papyrus,Undyne,Alphys
3873,Entertainment: Film,Medium,Multiple Choice,This trope refers to minor characters that are killed off to show how a monster works.,Red Shirt,Minions,Expendables,Cannon Fodder
3874,Geography,Hard,Multiple Choice,Where is the city of Haarlem located?,The Netherlands,Germany,United States,Switzerland
3875,Entertainment: Video Games,Medium,Multiple Choice,"In the game ""Brawlhalla"", what species is the character Bödvar is?",Half Human / Half Bear,A Human,Half Wolf / Half Bear,Half Tiger /  Half Human
3876,General Knowledge,Easy,True / False,A pasodoble is a type of Italian pasta sauce.,False,True,,
3877,Entertainment: Video Games,Medium,Multiple Choice,"Sean Bean voices the character of ""Martin Septim"" in which Elder Scrolls game?",The Elder Scrolls IV: Oblivion,The Elder Scrolls V: Skyrim,The Elder Scrolls III: Morrowind ,The Elder Scrolls Online
3878,History,Medium,Multiple Choice,"John Moses Browning, the designer of the M1918 BAR (Browning Automatic Rifle) was a part of which religion?",Mormon,Catholic,Jewish,Atheist
3879,Science: Computers,Hard,Multiple Choice,"Who invented the ""Spanning Tree Protocol""?",Radia Perlman,Paul Vixie,Vint Cerf,Michael Roberts
3880,General Knowledge,Easy,Multiple Choice,What does a funambulist walk on?,A Tight Rope,Broken Glass,Balls,The Moon
3881,Science: Computers,Hard,Multiple Choice,The Harvard architecture for micro-controllers added which additional bus?,Instruction,Address,Data,Control
3882,Entertainment: Japanese Anime & Manga,Easy,Multiple Choice,"In Ms. Kobayashi's Dragon Maid, who is Kobayashi's maid?",Tohru,Lucoa,Kanna,Elma
3883,Entertainment: Video Games,Hard,Multiple Choice,"In Stardew Valley, what is the reward for completing all of the Bulletin Board bundles?",Additional Friendship points,Glittering Boulder removed,Bus is repaired,Greenhouse
3884,Entertainment: Cartoon & Animations,Hard,Multiple Choice,"Which cartoon family lives in 31 Spooner Street, Quahog, Rhode Island USA?",The Griffins,The Simpsons,The Jetsons,The Hills
3885,General Knowledge,Easy,Multiple Choice,What is Tasmania?,An Australian State,A flavor of Ben and Jerry's ice-cream,A Psychological Disorder,The Name of a Warner Brothers Cartoon Character
3886,Entertainment: Japanese Anime & Manga,Easy,True / False,"In Kill La Kill, the weapon of the main protagonist is a katana. ",False,True,,
3887,Entertainment: Japanese Anime & Manga,Easy,Multiple Choice,Who is the main character with yellow hair in the anime Naruto?,Naruto,Ten Ten,Sasuke,Kakashi
3888,Entertainment: Video Games,Easy,Multiple Choice,"In ""PUBATTLEGROUNDS"" which ammo type does the M24 use?",7.62mm,5.56mm,9mm,.300 Magnum
3889,Science: Mathematics,Medium,Multiple Choice,What is the area of a circle with a diameter of 20 inches if π= 3.1415?,314.15 Inches,380.1215 Inches,3141.5 Inches,1256.6 Inches
3890,Entertainment: Video Games,Medium,Multiple Choice,Which game is NOT part of the Science Adventure series by 5pb. and Nitroplus?,Occultic; Nine,Steins; Gate,Robotics; Notes,Chaos; Child
3891,Entertainment: Video Games,Medium,Multiple Choice,In which country's version of Half-Life are the HECU Marines replaced with robots?,Germany,Japan,China,France
3892,Celebrities,Easy,True / False,"Marilyn Monroe was born on July 1, 1926.",False,True,,
3893,Sports,Medium,Multiple Choice,What is the nickname of Northampton town's rugby union club?,Saints,Harlequins,Saracens,Wasps
3894,History,Hard,Multiple Choice,"What was the aim of the ""Umbrella Revolution"" in Hong Kong in 2014?",Genuine universal suffrage,Gaining Independence,Go back under British Rule,Lower taxes
3895,Entertainment: Cartoon & Animations,Easy,Multiple Choice,What is the name of the city that The Flintstones is based in?,Bedrock,Stoneville,Rockhampton,Boulder City
3896,Entertainment: Comics,Easy,Multiple Choice,"In ""Homestuck"" what is Dave Strider's guardian?",Bro,Becquerel,Doc Scratch,Halley
3897,Entertainment: Video Games,Medium,Multiple Choice,"In the Mario Kart and Smash Bros. Games, Princess Rosalina is considered what weight class?",Heavy,Medium,Light,Light-Medium
3898,Entertainment: Musicals & Theatres,Easy,Multiple Choice,Which Shakespeare play inspired the musical 'West Side Story'?,Romeo & Juliet,Hamlet,Macbeth,Othello
3899,Entertainment: Video Games,Medium,Multiple Choice,"Which horror movie had a sequel in the form of a video game released in August 20, 2002?",The Thing,The Evil Dead,Saw,Alien
3900,Entertainment: Japanese Anime & Manga,Easy,Multiple Choice,Who was a voice actor for the English dubbing of HOWL'S MOVING CASTLE (2004)?,Christian Bale,Matt Damon,Joseph Gordon-Levitt,Willem Dafoe
3901,History,Easy,Multiple Choice,Pol Pot was the former dictator of which country?,Cambodia,Laos,North Korea,Vietnam
3902,Geography,Easy,Multiple Choice,Which ocean borders the west coast of the United States?,Pacific,Atlantic,Indian,Arctic
3903,Entertainment: Film,Medium,Multiple Choice,"What was another suggested name for, the 1985 film, Back to the Future?",Spaceman From Pluto,Hill Valley Time Travelers,The Time Travelers,The Lucky Man
3904,Entertainment: Comics,Medium,Multiple Choice,Which of these game-based comics were published in 2011 by DC Comics?,Infamous,Left 4 Dead: The Sacrifice,Prototype,Kane & Lynch
3905,Entertainment: Books,Easy,Multiple Choice,"In the novel 1984, written by George Orwell, what is the name of the totalitarian regime that controls Oceania?",INGSOC,Neo-Bolshevism,Obliteration of the Self,Earth Alliance
3906,Entertainment: Video Games,Easy,Multiple Choice,"In the game Sonic Forces, which of the following was not from a previous game?",Infinite,Metal Sonic,Zavoc,Chaos
3907,Science: Computers,Easy,Multiple Choice,What is the name of Layer 7 of the OSI model?,Application,Session,Network,Present
3908,History,Medium,Multiple Choice,Which Apollo mission was the last one in NASA's Apollo program?,Apollo 17,Apollo 13,Apollo 11,Apollo 15
3909,Entertainment: Film,Easy,Multiple Choice,Which film has been critically regarded as the best film of all time?,Citizen Kane,Avatar,The Godfather Part II,The Room
3910,Sports,Medium,Multiple Choice,"In a game of snooker, what colour ball is worth 3 points?",Green,Yellow,Brown,Blue
3911,Entertainment: Television,Medium,Multiple Choice,"In Breaking Bad, the initials W.W. refer to which of the following?",Walter White,William Wolf,Willy Wonka,Wally Walrus
3912,Art,Medium,Multiple Choice,"Which artist painted “The Treachery of Images,” a painting of a pipe with the description ""this is not a pipe""?",Magritte,Matisse,Modigliani,Munch 
3913,Entertainment: Video Games,Medium,Multiple Choice,Which of these Counter-Strike maps is a bomb defuse scenario?,Prodigy,747,Havana,Oilrig
3914,Entertainment: Video Games,Medium,Multiple Choice,"In the game Silent Hill 2, who was James Sunderland's late wife?",Mary,Maria,Angela,Laura
3915,Sports,Easy,Multiple Choice,Which NFL team plays for New England?,Patriots,Chiefs,Dolphins,49ers
3916,Entertainment: Video Games,Easy,True / False,"The main character in the ""Half-Life"" franchise is named Morgan Freeman.",False,True,,
3917,Entertainment: Cartoon & Animations,Hard,Multiple Choice,"In ""Rick and Morty"", from which dimension do Rick and Morty originate from?",C-137,J1977,C-136,C500-a
3918,History,Easy,Multiple Choice,"Who was among those killed in the 2010 Smolensk, Russia plane crash tragedy?",The Polish President,Pope John Paul II,Bang-Ding Ow,Albert Putin
3919,Geography,Medium,True / False,The third largest country (by square kilometres) in South America is Colombia.,False,True,,
3920,General Knowledge,Medium,Multiple Choice,Who invented Pastafarianism?,Bobby Henderson,Eric Tignor,Bill Nye,Zach Soldi
3921,Entertainment: Film,Medium,Multiple Choice,Which movie of film director Stanley Kubrick is known to be an adaptation of a Stephen King novel?,The Shining,2001: A Space Odyssey, Dr. Strangelove ,Eyes Wide Shut
3922,Entertainment: Music,Medium,Multiple Choice,What was the name of the Wu-Tang Clan album Martin Shkreli bought for $2 million dollars?,Once Upon a Time in Shaolin,A Better Tomorrow,8 Diagrams,The Saga Continues
3923,Entertainment: Video Games,Medium,Multiple Choice,"What is the name of Cream the Rabbit's mom in the ""Sonic the Hedgehog"" series?",Vanilla,Peach,Strawberry,Mint
3924,Science & Nature,Hard,Multiple Choice,What physics principle relates the net electric flux out of a closed surface to the charge enclosed by that surface?,Gauss's Law,Faraday's Law,Ampere's Law,Biot-Savart Law
3925,Entertainment: Video Games,Hard,Multiple Choice,What was the world's first handheld game device?,Mattel Auto Race,Game Boy,Microvision,Game & Watch
3926,Science & Nature,Hard,Multiple Choice,Which is not a type of neuron?,Perceptual Neuron,Sensory Neuron,Motor Neuron,Interneuron
3927,Entertainment: Music,Easy,Multiple Choice,How many members are there in the band Nirvana?,Three,Two,Four,Five
3928,History,Easy,Multiple Choice,To what political party did Abraham Lincoln belong when elected POTUS?,Republican,Democrat,Independent,Whig
3929,Geography,Medium,Multiple Choice,What is the fifth largest country by area?,Brazil,United States,Australia,India
3930,Entertainment: Film,Medium,Multiple Choice,"About how much money did it cost for Tommy Wiseau to make his masterpiece ""The Room"" (2003)?",$6 Million,"$20,000",$1 Million,$10 Million
3931,Entertainment: Video Games,Hard,Multiple Choice,"In Disney's ""Toontown Online"", which of these species wasn't available as a Toon?",Cow,Monkey,Bear,Pig
3932,Entertainment: Film,Hard,Multiple Choice,"What is the species of the ""Predator"" in the 1987 movie ""Predator""?",Yautja,Xenomorph,Praetorian,Phocrex
3933,General Knowledge,Medium,Multiple Choice,"In a standard set of playing cards, which is the only king without a moustache?",Hearts,Spades,Diamonds,Clubs
3934,Science: Computers,Easy,Multiple Choice,Which SQL keyword is used to fetch data from a database?,SELECT,INDEX,VALUES,EXEC
3935,Science & Nature,Medium,Multiple Choice,Gannymede is the largest moon of which planet?,Jupiter,Uranus,Neptune,Mars
3936,Entertainment: Video Games,Medium,Multiple Choice,Which video game company developed the 2019 game Rage 2?,Avalanche Studios,Bethesda Game Studios,Infinity Ward,Gearbox Software
3937,Entertainment: Video Games,Easy,True / False,"The Konami Code is known as Up, Up, Down, Down, Left, Right, Right, Left, B, A, Start.",False,True,,
3938,Science: Gadgets,Medium,Multiple Choice,Who patented a steam engine that produced continuous rotary motion?,James Watt,Nikola Tesla,Albert Einstein,Alessandro Volta
3939,Entertainment: Video Games,Medium,Multiple Choice,Which of these roles in Town of Salem is mafia?,Disguiser,Escort,Lookout,Transporter
3940,Entertainment: Video Games,Hard,Multiple Choice,"""Strangereal"" is a fictitious Earth-like world for which game series?",Ace Combat,Jet Set Radio,Deus Ex,Crimson Skies
3941,Entertainment: Music,Easy,Multiple Choice,"Which year was the album ""Year of the Snitch"" by Death Grips released?",2018,2013,2017,2011
3942,General Knowledge,Easy,Multiple Choice,How tall is the Burj Khalifa?,"2,722 ft","2,717 ft","2,546 ft","3,024 ft"
3943,History,Hard,Multiple Choice,The Second Boer War in 1899 was fought where?,South Africa,Argentina,Nepal,Bulgaria
3944,Entertainment: Board Games,Easy,True / False,"The card game ""Munchkin"" won the 2001 Origins Award for Best Traditional Card Game.",True,False,,
3945,Science & Nature,Easy,Multiple Choice,What is the powerhouse of the cell?,Mitochondria,Ribosome,Redbull,Nucleus
3946,Entertainment: Film,Medium,Multiple Choice,"In the ""Jurassic Park"" universe, what is the name of the island that contains InGen's Site B?",Isla Sorna,Isla Nublar,Isla Pena,Isla Muerta
3947,Geography,Medium,Multiple Choice,Which of the following is the longest river in Europe?,Volga,Danube,Ural,Dnieper
3948,Entertainment: Cartoon & Animations,Easy,Multiple Choice,Who is Winnie the Pooh's gloomy donkey friend?,Eeyore,Piglet,Tigger,Kanga
3949,Entertainment: Books,Medium,Multiple Choice,Which of these books was NOT written by the Czech author Karel Čapek?,Journey to the Center of the Earth,The War with the Newts,R.U.R. (Rossum's Universal Robots),"Dashenka, or the Life of a Puppy"
3950,General Knowledge,Easy,Multiple Choice,How many fingers does a single human hand have?,Four,Five,Ten,Eight
3951,Science & Nature,Hard,Multiple Choice,"Which of the following is the term for ""surgical complications resulting from surgical sponges left inside the patient's body?",Gossypiboma,Gongoozler,Jentacular,Meupareunia
3952,Celebrities,Medium,Multiple Choice,Paul McCartney has always used his middle name. What is his real first name? ,James,John,Jack,Justin
3953,Entertainment: Japanese Anime & Manga,Hard,Multiple Choice,"Which person from ""JoJo's Bizarre Adventure"" does NOT house a reference to a band, artist, or song earlier than 1980?",Giorno Giovanna,Josuke Higashikata,Jolyne Cujoh,Johnny Joestar
3954,Entertainment: Musicals & Theatres,Easy,True / False,IMAX stands for Image Maximum.,True,False,,
3955,Mythology,Medium,Multiple Choice,"In Norse Mythology, Baldr was killed by Loki with a magical spear made from what plant?",Mistletoe,Wolf's Bane,Buckthorn,Hemlock
3956,Entertainment: Video Games,Medium,Multiple Choice,"Which Overwatch character says the line ""Heroes never die!""?",Mercy,Reaper,Sonic,Ana
3957,Entertainment: Video Games,Easy,True / False,"In Pokémon, Bulbasaur is the only starter pokemon that is a Grass/Poison type.",True,False,,
3958,Entertainment: Music,Medium,Multiple Choice,'We Built This City' was a number one hit for which American rock band in 1985?,Starship,Kansas,Jefferson Airplane,Aerosmith
3959,Entertainment: Music,Medium,Multiple Choice,"""Make You Feel My Love"" was originally written and performed by which singer-songwriter?",Bob Dylan,Elvis,Adele,Billy Joel
3960,Geography,Easy,Multiple Choice,What is the name of the peninsula containing Spain and Portugal?,Iberian Peninsula,European Peninsula,Peloponnesian Peninsula,Scandinavian Peninsula
3961,Entertainment: Film,Easy,Multiple Choice,"Which of these actors does NOT appear in the 1998 movie ""Saving Private Ryan""?",Ralph Fiennes,Tom Hanks,Vin Diesel,Matt Damon
3962,Science: Gadgets,Medium,True / False,The Western Electric Model 500 telephone uses tone dialing to dial phone numbers.,False,True,,
3963,Entertainment: Video Games,Medium,Multiple Choice,"How many games are there in the ""Colony Wars"" series for the PlayStation?",3,2,4,5
3964,Entertainment: Video Games,Easy,Multiple Choice,"Which of the following Pokemon Types was present in the original games, Red and Blue?",Ice,Steel,Dark,Fairy
3965,Entertainment: Video Games,Easy,Multiple Choice,"In Five Nights at Freddy's 1, how can you make Golden Freddy disappear?",Enable cameras,Turn on the light,Shut the door,Do nothing
3966,General Knowledge,Medium,Multiple Choice,Where does water from Poland Spring water bottles come from?,"Maine, United States","Hesse, Germany","Masovia, Poland","Bavaria, Poland"
3967,Geography,Hard,Multiple Choice,How many countries share a land border with Russia? (Not including disputed territories),14,12,10,8
3968,Science: Mathematics,Medium,Multiple Choice,What is the Roman numeral for 500?,D,L,C,X
3969,Entertainment: Video Games,Hard,Multiple Choice,Which of the following games was NOT included in Valve's Orange Box?,Counter-Strike,Portal,Half-Life 2: Episode Two,Team Fortress 2
3970,Entertainment: Music,Medium,Multiple Choice,"What is the name of the main character from the music video of ""Shelter"" by Porter Robinson and A-1 Studios?",Rin,Rem,Ren,Ram
3971,Entertainment: Japanese Anime & Manga,Hard,Multiple Choice,"In the Naruto manga, what is the last name of Tsunade?",Senju,Haruno,Uzumaki,Yamanaka
3972,History,Easy,Multiple Choice,Who was the Prime Minister of Japan when Japan declared war on the US?,Hideki Tojo,Michinomiya Hirohito,Isoroku Yamamoto,Fumimaro Konoe
3973,Entertainment: Video Games,Easy,True / False,"In the game ""Subnautica"", a ""Spadefish"" will attack you.",False,True,,
3974,Geography,Medium,Multiple Choice,What is the capital of Belarus?,Minsk,Warsaw,Kiev,Vilnius
3975,Sports,Medium,Multiple Choice,"In what year did Steaua București win the European Cup, actual UEFA Champions League, against FC Barcelona?",1986,1990,1982,1989
3976,Entertainment: Video Games,Hard,Multiple Choice,What is the name of your team in Star Wars: Republic Commando?,Delta Squad,The Commandos,Bravo Six,Vader's Fist
3977,Politics,Easy,Multiple Choice,"According to the United States Constitution, how old must a person be to be elected President of the United States?",35,30,40,45
3978,Politics,Medium,Multiple Choice,"The 2014 movie ""The Raid 2: Berandal"" was mainly filmed in which Asian country?",Indonesia,Thailand,Brunei,Malaysia
3979,Science: Mathematics,Hard,Multiple Choice,What is the approximate value of mathematical constant e?,2.72,3.14,1.62,1.41
3980,Celebrities,Medium,Multiple Choice,"Who is ""James Rolfe"" better known as?",The Angry Video Game Nerd,TotalBiscuit,PeanutButterGamer,PewDiePie
3981,Science: Gadgets,Easy,Multiple Choice,What does SSD stand for in the context of computer storage?, Solid State Drive,Software Storage Device,Super Speed Data,Secure System Disk
3982,Entertainment: Video Games,Medium,Multiple Choice,What was the name of the protagonist of Metal Gear Solid V: The Phantom Pain?,"Punished ""Venom"" Snake",Miller,Solid Snake,Ocelot
3983,Vehicles,Medium,Multiple Choice,What manufacturer made the car used in Back to the Future?,DeLorean,Ford,Toyota,Daihatsu
3984,Science: Mathematics,Hard,Multiple Choice,What is the only Millennium Prize Problem that has been solved so far?,Poincaré conjecture,P vs. NP problem,Riemann Hypothesis,Fermat's conjecture
3985,Entertainment: Music,Hard,Multiple Choice,Which iconic album cover features the pulsar waves of CP 1919 placed in the center of the cover?,Unknown Pleasures,The Dark Side of the Moon,London Calling,The Velvet Underground & Nico
3986,Animals,Hard,Multiple Choice,What bird is born with claws on its wing digits?,Hoatzin,Cormorant,Cassowary,Secretary bird
3987,History,Medium,Multiple Choice,Who is believed to have been the first European to 'discover' the land of New Zealand?,Abel Tasman,Christopher Columbus,Jeanne Baré,John Cabot 
3988,History,Medium,Multiple Choice,"The Fallingwater House, located in Pennsylvania, was designed by which architect?",Frank Lloyd Wright,Antoni Gaudi,Frank Gehry,Le Corbusier
3989,History,Easy,Multiple Choice,"In 1720, England was in massive debt and became involved in the South Sea Bubble. Who was the main mastermind behind it?",John Blunt,Daniel Defoe,Robert Harley,John Churchill
3990,Science: Computers,Easy,Multiple Choice,What does LTS stand for in the software market?,Long Term Support,Long Taco Service,Ludicrous Transfer Speed,Ludicrous Turbo Speed
3991,Politics,Easy,True / False,Berlin was the capital of two countries for about 40 years.,False,True,,
3992,Entertainment: Music,Medium,Multiple Choice,"Cryoshell, known for ""Creeping in My Soul"" did the advertising music for what Lego Theme?",Bionicle,Hero Factory,Ben 10 Alien Force,Star Wars
3993,History,Hard,Multiple Choice,List the following Iranic empires in chronological order:,"Median, Achaemenid, Parthian, Sassanid","Median, Achaemenid, Sassanid, Parthian","Achaemenid, Median, Parthian, Sassanid","Achaemenid, Median, Sassanid, Parthian"
3994,Entertainment: Japanese Anime & Manga,Hard,True / False,"The protagonist in ""Humanity Has Declined"" has no discernable name and is simply referred to as 'I' for most of the series.",True,False,,
3995,Geography,Medium,Multiple Choice,"Frankenmuth, a US city nicknamed ""Little Bavaria"", is located in what state?",Michigan,Pennsylvania,Kentucky,Virginia
3996,General Knowledge,Easy,Multiple Choice,A criminal who has “cooked the books” has engaged in what kind of illegal behavior?,Accounting Fraud,Money Laundering,Extortion,Blackmail
3997,Entertainment: Video Games,Easy,Multiple Choice,"In the Video Game, Half-life, what type of US military force starts clearing out the Black Mesa Research Facility?",The HECU,Navy Seals,The Combine,The Marines
3998,Science & Nature,Hard,Multiple Choice,How many objects are equivalent to one mole?,6.022 x 10^23,6.002 x 10^22,6.022 x 10^22,6.002 x 10^23
3999,Entertainment: Video Games,Medium,Multiple Choice,"In what Half-Life expansion can you find Gordon's picture in an ""Employee of the Month"" picture frame?",Half-Life: Opposing Force,Half-Life: Blue Shift,Half-Life: Decay,They Hunger
4000,Science & Nature,Easy,Multiple Choice,What is the standard SI unit for mass?,Kilogram,Tonne,Pound,Gram
4001,Entertainment: Film,Easy,Multiple Choice,"Max Schreck, a famous German silent film actor, plays a famous monster in which 1922 film?",Nosferatu,Frankenstein ,The Headless Horseman,Häxan
4002,Entertainment: Television,Easy,Multiple Choice,"In DuckTales, what is the name of the city where all the main characters live?",Duckburg,Duckwing,Tailspin,Wingford
4003,Geography,Easy,Multiple Choice,On which continent does the Andes mountain range lie?,South America,Europe,Asia,Africa
4004,General Knowledge,Medium,Multiple Choice,"What is the romanized Russian word for ""winter""?",Zima,Leto,Vesna,Osen'
4005,Entertainment: Video Games,Medium,Multiple Choice,How much does the 'AWP' cost in Counter-Strike: Global Offensive?,$4750,$4500,$4650,$5000
4006,Entertainment: Video Games,Hard,Multiple Choice,Which of these games was NOT developed by Markus Persson?,Dwarf Fortress,Minecraft,Wurm Online,0x10c
4007,Entertainment: Television,Easy,Multiple Choice,"Which actor portrays ""Walter White"" in the series ""Breaking Bad""?", Bryan Cranston,Andrew Lincoln,Aaron Paul,RJ Mitte
4008,Entertainment: Books,Hard,Multiple Choice,Which of the following is NOT a work done by Shakespeare?,Trial of Temperance,Measure For Measure,Titus Andronicus,Cymbeline
4009,Entertainment: Japanese Anime & Manga,Medium,Multiple Choice,Who was the first Legendary Pokemon to be defeated by Ash Ketchum in the Pokémon anime?,Articuno,Darkrai,Latios,Regice
4010,Geography,Medium,Multiple Choice,What is the smallest country in South America by area?,Suriname,Brazil,Uruguay,Chile
4011,Science & Nature,Medium,Multiple Choice,Which of the following is NOT a passive electrical component?,Transistor,Resistor,Capacitor,Inductor
4012,Celebrities,Medium,Multiple Choice,What caused Jake Lloyd who played Anakin Skywalker in The Phantom Menace to quit acting?,Bullying,Criminal Record,Nomination for Worst Actor,Racism
4013,Entertainment: Video Games,Medium,True / False,"The edutainment video game series character, Carmen Sandiego, is partially named after Brazilian actress, Carmen Miranda.",True,False,,
4014,Geography,Medium,Multiple Choice,How many countries are larger than Australia?,5,4,3,6
4015,Entertainment: Music,Hard,Multiple Choice,"What event inspired The Cranberries song ""Zombie"" ?",The Warrington Bombings,September 11 Attacks,The Manchester Arena Bombing,The July 7th bombings
4016,Entertainment: Music,Easy,Multiple Choice,What is not a wind instrument?,Viola,Oboe,Trombone,Duduk
4017,Animals,Medium,True / False,An octopus can fit through any hole larger than its beak.,True,False,,
4018,Entertainment: Video Games,Easy,Multiple Choice,Rincewind from the 1995 Discworld game was voiced by which member of Monty Python?,Eric Idle,John Cleese,Terry Gilliam,Michael Palin
4019,Entertainment: Books,Easy,Multiple Choice,How many Harry Potter books are there?,7,8,5,6
4020,Entertainment: Video Games,Medium,Multiple Choice,"In the Super Smash Bros. series, which game first featured Luigi as a playable character?",Super Smash Bros.,Super Smash Bros. Melee,Super Smash Bros. Brawl,Super Smash Bros. for Wii U
4021,Celebrities,Medium,True / False,"Terry Gilliam is the only American member of the comedy troupe ""Monty Python.""",True,False,,
4022,Entertainment: Music,Medium,Multiple Choice,"The song ""Twin Size Mattress"" was written by which band?",The Front Bottoms,Twenty One Pilots,The Wonder Years,The Smith Street Band
4023,Science: Mathematics,Hard,Multiple Choice,What is the fourth digit of π?,1,2,3,4
4024,Entertainment: Television,Easy,Multiple Choice,"In Star Trek: The Next Generation, what is the name of Data's cat?",Spot,Mittens,Tom,Kitty
4025,Entertainment: Japanese Anime & Manga,Easy,Multiple Choice,Which part from the JoJo's Bizarre Adventure manga is about a horse race across America?,Part 7: Steel Ball Run,Part 6: Stone Ocean,Part 3: Stardust Crusaders,Part 5: Golden Wind
4026,Geography,Medium,True / False,"There exists an island named ""Java"".",True,False,,
4027,Entertainment: Music,Medium,Multiple Choice,"The 2023 Beatles song ""Now and Then"" originated from an unfinished demo recorded by which Beatle?",John Lennon,Paul McCartney,George Harrison,Ringo Starr
4028,Entertainment: Television,Medium,True / False,"Klingons respect their disabled comrades, and those who are old, injuried, and helpless.",False,True,,
4029,Entertainment: Video Games,Medium,Multiple Choice,"In Monster Hunter Generations, which of the following monsters are a part of the ""Fated Four""?",Astalos,Gore Magala,Malfestio,Arzuros
4030,History,Medium,Multiple Choice,Which Las Vegas casino was originally constructed and operated by mobster Bugsy Siegel?,The Flamingo,The MGM Grand,The Sands,The Sahara
4031,Entertainment: Japanese Anime & Manga,Medium,Multiple Choice,"In ""Puella Magi Madoka Magica"", what is the first name of Madoka's younger brother?",Tatsuya,Montoya,Tomohisa,Minato
4032,Entertainment: Video Games,Hard,Multiple Choice,"In the indie farming game ""Stardew Valley"", which NPC hates the ""prismatic shard"" item when received as a gift?",Haley,Abigail ,Elliott,Lewis
4033,Entertainment: Video Games,Medium,Multiple Choice,Which Sonic the Hedgehog game introudced Knuckles the Echidna?,Sonic the Hedgehog 3,Sonic the Hedgehog 2,Sonic & Knuckles,Sonic Adventure
4034,Geography,Hard,Multiple Choice,"What is the capital of Wisconsin, USA?",Madison,Milwaukee,Wisconsin Dells,Green Bay
4035,Geography,Medium,Multiple Choice,Where is Hadrian's Wall located?,"Carlisle, England","Rome, Italy","Alexandria, Egypt","Dublin, Ireland"
4036,Entertainment: Music,Medium,Multiple Choice,What country did Shirley Bassey originate from?,Wales,America,England,Canada
4037,Art,Hard,Multiple Choice,"What year did Albrecht Dürer create the painting ""The Young Hare""?",1502,1702,1402,1602
4038,Entertainment: Cartoon & Animations,Easy,Multiple Choice,"In the 1993 Disney animated series ""Bonkers"", what is the name of Bonker's second partner?",Miranda Wright,Dick Tracy,Eddie Valiant,Dr. Ludwig von Drake
4039,Entertainment: Japanese Anime & Manga,Hard,Multiple Choice,"In which manga did the ""404 Girl"" from 4chan originate from?",Yotsuba&!,Azumanga Daioh,Lucky Star,Clover
4040,Entertainment: Video Games,Easy,Multiple Choice,"In the videogame Bully, what is the protagonist's last name?",Hopkins,Smith,Kowalski,Crabblesnitch
4041,Entertainment: Video Games,Medium,Multiple Choice,"Who is the protagonist of the videogame ""Dead Rising 2""?",Chuck Greene,Nick Ramos,Frank West,Katie Greene
4042,Entertainment: Music,Easy,Multiple Choice,Which Twitch streamer is the vocalist for Red Vox?,Vinesauce,The8BitDrummer,LIRIK,Sodapoppin
4043,Mythology,Medium,Multiple Choice,"Who is the father of Icarus, who flew too close to the sun?",Daedalus,Minos,Perseus,Zeus
4044,Geography,Medium,Multiple Choice,How many counties in the Republic of Ireland.,26,32,28,30
4045,History,Medium,Multiple Choice,Which country gifted the Statue of Liberty to the United States of America?,France,Spain,England,Germany
4046,Entertainment: Video Games,Easy,Multiple Choice,"Which of these is not a Dragon Age Origins ""Origin"": ",Human Commoner,Dwarf Commoner,Dwarf Noble,Human Noble
4047,Entertainment: Japanese Anime & Manga,Hard,Multiple Choice,"Which animation studio produced ""Sword Art Online""?",A-1 Pictures,Production I.G,Silver Link,Kyoto Animation
4048,Geography,Easy,Multiple Choice,Which US state is furthest north east?,Maine,New York,Georgia,Florida
4049,General Knowledge,Medium,True / False,There are 86400 seconds in a day.,True,False,,
4050,Entertainment: Television,Hard,Multiple Choice,"In ""Star Trek"", who was the founder of the Klingon Empire and its philosophy?",Kahless the Unforgettable,Lady Lukara of the Great Hall,Molor the Unforgiving,Dahar Master Kor
4051,Entertainment: Video Games,Medium,Multiple Choice,"In the game Overwatch, which hero out of the following 4 is from Brazil?",Lúcio,Sombra,McCree,Symmetra
4052,History,Medium,Multiple Choice,What was the total length of the Titanic?,882 ft | 268.8 m,759 ft | 231.3 m,1042 ft | 317.6 m,825 ft | 251.5 m
4053,Entertainment: Video Games,Easy,Multiple Choice,"The Khajiit are a race of cat-like creatures from which epic series of role-playing games, set across the land of Tamriel?",The Elder Scrolls,Lord of the Rings,The Witcher,Neverwinter Nights
4054,General Knowledge,Medium,True / False,Cucumbers are usually more than 90% water.,True,False,,
4055,Entertainment: Video Games,Easy,Multiple Choice,"Which of the following weapons in ""Counter-Strike: Global Offensive"" does not have a right-click function?",XM1014,SG553,R8 Revolver,USP-S
4056,Entertainment: Video Games,Medium,Multiple Choice,"In the ""Call Of Duty: Zombies"" map ""Origins"", how many steps are there to upgrade a Staff?",4,7,5,3
4057,Entertainment: Music,Medium,True / False,"""Neutral Milk Hotel"" is a real band.",True,False,,
4058,Entertainment: Video Games,Hard,Multiple Choice,"What military rank is the protagonist ""Nomad"" in ""Crysis""?",First Lieutenant,Captain,First Sargent ,Staff Sargent
4059,History,Hard,Multiple Choice,Which country were potatoes originally grown?,Peru,United States ,Ireland,New Zealand
4060,Entertainment: Video Games,Medium,Multiple Choice,"Where does ""The Legend of Zelda: Majora's Mask"" take place?",Termina,Hyrule,Gysahl,Besaid
4061,Art,Medium,Multiple Choice,"Who painted ""The Scream""?",Edvard Munch,Vincent Van Gogh,Picasso,Henri Matisse
4062,Entertainment: Japanese Anime & Manga,Easy,Multiple Choice,"What is the theme song of ""Neon Genesis Evangelion""?",A Cruel Angel's Thesis,Stardust Crusaders,Requiem for a Dream,God Knows
4063,General Knowledge,Easy,Multiple Choice,What are Panama hats made out of?,Straw,Silk,Hemp,Flax
4064,Entertainment: Television,Medium,Multiple Choice,"Which movie served as the KTMA pilot episode for the show ""Mystery Science Theater 3000""?",The Green Slime,The Robot Vs. The Aztec Mummy,The Crawling Eye,Plan 9 From Outer Space
4065,General Knowledge,Easy,Multiple Choice,What is the name of the extra pedal on a manual or standard transmission car?,Clutch,Shifter,Booster,Parking Brake
4066,Entertainment: Books,Medium,Multiple Choice,"In Michael Crichton's novel ""Jurassic Park"", John Hammond meets his demise at the claws of which dinosaur?",Procompsognathus,Dilophosaurus,Tyrannosaurus Rex,Velociraptor
4067,Entertainment: Japanese Anime & Manga,Easy,True / False,"In the 1988 film ""Akira"", Tetsuo ends up destroying Tokyo.",True,False,,
4068,Entertainment: Music,Medium,Multiple Choice,Which American family band had a 1986 top 10 hit with the song 'Crush On You'?,The Jets,DeBarge,The Jacksons,The Cover Girls
4069,Science & Nature,Easy,True / False,Not including false teeth; A human has two sets of teeth in their lifetime.,True,False,,
4070,History,Medium,Multiple Choice,Who was the first explorer to sail to North America?,Leif Erikson,Christopher Columbus,Amerigo Vespucci,Ferdinand Magellan
4071,Entertainment: Video Games,Medium,Multiple Choice,What year was the video game streaming platform TwitchTV founded?,2011,2012,2010,2014
4072,History,Medium,Multiple Choice,"As poverty and racial tensions pushed African-Americans out of the southern US, many of them moved north in an event known as what?",The Great Migration,The Great Awakening,The Harlem Renaissance,The Resettlement
4073,Entertainment: Video Games,Medium,Multiple Choice,In what year were screenshots added to Steam?,2011,2010,2008,2009
4074,Geography,Medium,Multiple Choice,Lake Titicaca is located between which two nations?,Peru and Bolivia,Kenya and Uganda,Mexico and the United States,India and Bangladesh
4075,History,Medium,Multiple Choice,"Which Nazi General was known as the ""Desert Fox""?",Erwin Rommel,Gerd von Rundstadt,Wilhelm Keitel,Heinz Guderian 
4076,Mythology,Medium,True / False,"The Roman god ""Jupiter"" was first known as ""Zeus"" to the Greeks.",True,False,,
4077,Science: Computers,Hard,Multiple Choice,Which of the following is NOT a computer science algorithm?,Float Sort,Bubble Sort,Merge Sort,Quick Sort
4078,Animals,Medium,Multiple Choice,What is the world's longest venomous snake?,King Cobra,Green Anaconda,Inland Taipan,Yellow Bellied Sea Snake
4079,History,Medium,Multiple Choice,What year did the Battle of Agincourt take place?,1415,1463,1401,1422
4080,General Knowledge,Easy,True / False,Ping-Pong originated in England,True,False,,
4081,Geography,Medium,Multiple Choice,The historical city Timbuktu is located in which West African country?,Mali,Senegal,Niger,Burkina Faso
4082,Entertainment: Video Games,Easy,Multiple Choice,In which year was League of Legends released?,2009,2010,2003,2001
4083,Animals,Medium,Multiple Choice,"""Decapods"" are an order of ten-footed crustaceans.  Which of these are NOT decapods?",Krill,Lobsters,Shrimp,Crabs
4084,Entertainment: Musicals & Theatres,Hard,Multiple Choice,"After England, more Shakespeare plays are set in this present day country than in any other.",Italy,United States,Greece,France
4085,Entertainment: Video Games,Easy,Multiple Choice,Who is the leader of Team Mystic in Pokémon Go?,Blanche,Candela,Spark,Willow
4086,Entertainment: Cartoon & Animations,Easy,True / False,"Waylon Smithers from ""The Simpsons"" was originally black when he first appeared in the series.",True,False,,
4087,Entertainment: Video Games,Easy,Multiple Choice,Which company developed the free battle royale game Fortnite?,Epic Games,Valve,Ubisoft,Square Enix
4088,Entertainment: Books,Hard,Multiple Choice,"In the Harry Potter universe, what is Cornelius Fudge's middle name?",Oswald,James,Harold,Christopher
4089,Entertainment: Musicals & Theatres,Hard,Multiple Choice,"What is the name of Broadway's first ""long-run"" musical?",The Elves,Wicked,Hamilton,The Book of Mormon
4090,Entertainment: Video Games,Easy,True / False,Activision created Battlefield 1.,False,True,,
4091,Entertainment: Video Games,Medium,Multiple Choice,What is the lowest amount of max health you can have in Team Fortress 2?,70,100,50,95
4092,Entertainment: Video Games,Easy,True / False,Luigi is taller than Mario?,True,False,,
4093,Entertainment: Music,Easy,True / False,"""Friday,"" the single by Rebecca Black, was released in February 10th, 2011.",True,False,,
4094,Entertainment: Music,Hard,Multiple Choice,"Which of these artists did NOT feature in the fitfh studio album ""Humanz"" by British virtual band Gorillaz?",Snoop Dogg,Vince Staples,Pusha T,Danny Brown
4095,General Knowledge,Hard,Multiple Choice,"The Swedish word ""Grunka"" means what in English?",Thing,People,Place,Pineapple
4096,Entertainment: Video Games,Hard,Multiple Choice,"Which video game was recalled for containing a hidden, playable South Park episode?",Tiger Woods 99 PGA Tour,Tony Hawk's Pro Skater 3,Sonic Adventure,Madden 99
4097,General Knowledge,Medium,Multiple Choice,What nation produces roughly 40% of the world’s vanilla?,Madagascar,Indonesia,China,Mexico
4098,Vehicles,Medium,True / False,The snowmobile was invented by Canadian Joseph-Armand Bombardier in 1937.,True,False,,
4099,Vehicles,Hard,Multiple Choice,Which of the following FIA Rally cars was approved for use in the Group B class first? ,Porsche 911 Turbo,Audi Quattro A2,BMW M1,Lancia Rally 037
4100,Entertainment: Music,Hard,Multiple Choice,"Which year was the album ""Floral Shoppe"" by Macintosh Plus released?",2011,2014,2013,2012
4101,Entertainment: Video Games,Medium,Multiple Choice,"Which of these is the name of a cut enemy from ""Half-Life 2""?",Hydra,Cthulu,Spike,Tremor
4102,General Knowledge,Easy,Multiple Choice,"What does the 'S' stand for in the abbreviation SIM, as in SIM card? ",Subscriber,Single,Secure,Solid
4103,Geography,Easy,Multiple Choice,How many US states start with the letter K?,Two,One,None,Three
4104,Sports,Medium,Multiple Choice,Which NBA player won Most Valuable Player for the 1999-2000 season?,Shaquille O'Neal,Allen Iverson,Kobe Bryant,Paul Pierce
4105,Science & Nature,Medium,True / False,Male pandas do handstands while urinating on trees. ,True,False,,
4106,Entertainment: Video Games,Easy,Multiple Choice,Which of these covert groups employs Sam Fisher to work as a Splinter Cell?,Third Echelon,Voron,Black Arrow,The Engineers
4107,General Knowledge,Hard,Multiple Choice,"If someone said ""you are olid"", what would they mean?",You smell extremely unpleasant.,You are out of shape/weak.,Your appearance is repulsive.,You are incomprehensible/an idiot.
4108,Science & Nature,Hard,Multiple Choice,"Which one of these is scientific term for ""Brain Freeze""?",Sphenopalatine Ganglioneuralgia,Hyacinthoides Italica,Amaranthus Retroflexus,Amblyomma Americanum
4109,General Knowledge,Medium,True / False,Kissing someone for one minute burns about 2 calories.,True,False,,
4110,Science: Computers,Hard,Multiple Choice,CMOS is tech used for constructing integrated circuits. What does CMOS stand for?,Complementary metal–oxide–semiconductor,Complementary magnetic-ohms-semiconductor,Computer-made operating system,Computer-made oscillating static
4111,Science: Computers,Medium,Multiple Choice,What does AD stand for in relation to Windows Operating Systems? ,Active Directory,Alternative Drive,Automated Database,Active Department
4112,Sports,Easy,Multiple Choice,How many points did LeBron James score in his first NBA game?,25,19,69,41
4113,Entertainment: Video Games,Hard,Multiple Choice,"Which game in the ""Halo"" series has the strongest iteration of the shotgun?",Halo: Combat Evolved,Halo 2,Halo 3,Halo: Reach
4114,Art,Easy,Multiple Choice,What is a fundamental element of the Gothic style of architecture?,pointed arch,coffered ceilings,façades surmounted by a pediment ,internal frescoes
4115,Animals,Medium,Multiple Choice,What is the collective noun for bears?,Sloth,Drove,Tribe,Husk
4116,Science & Nature,Easy,Multiple Choice,What is the unit of electrical resistance?,Ohm,Mho,Tesla,Joule
4117,Entertainment: Video Games,Hard,True / False,Unturned originally started as a Roblox game.,True,False,,
4118,Entertainment: Film,Medium,Multiple Choice,What was the name of the protagonist in the movie Commando (1985)?,John Matrix,Ben Richards,Douglas Quaid,Harry Tasker
4119,General Knowledge,Easy,Multiple Choice,"Which country, not including Japan, has the most people of Japanese descent?",Brazil,China,South Korea,United States of America
4120,Entertainment: Television,Medium,Multiple Choice,Who was the first Big Brother US winner to win with a perfect game?,Dan Gheesling,Ian Terry,Jordan Lloyd,Rachael Reilly
4121,Entertainment: Musicals & Theatres,Easy,True / False,"""The Crucible"" was written by William Shakespeare.",False,True,,
4122,Entertainment: Television,Easy,Multiple Choice,"How many seasons did the Sci-Fi television show ""Stargate Atlantis"" have?",5,10,2,7
4123,Geography,Medium,True / False,The capital of Brazil is Rio de Janeiro.,False,True,,
4124,Entertainment: Film,Easy,Multiple Choice,"In the movie ""Blade Runner"", what is the term used for human-like androids ?",Replicants,Cylons,Synthetics,Skinjobs
4125,Entertainment: Music,Easy,True / False,Eurobeat is primarily an Italian genre of music.,True,False,,
4126,Entertainment: Music,Easy,Multiple Choice,"The ""K"" in ""K-Pop"" stands for which word?",Korean,Kenyan,Kazakhstan,Kuwaiti
4127,Entertainment: Video Games,Hard,Multiple Choice,"In the game Nuclear Throne, what organization chases the player character throughout the game?",The I.D.P.D,The Fishmen,The Bandits,The Y.V.G.G
4128,General Knowledge,Easy,Multiple Choice,"Which of these words refers to something made, distributed, or sold illegally?",Bootleg,Bootblack,Bootlace,Bootstrap
4129,Entertainment: Video Games,Hard,Multiple Choice,"In the Animal Crossing series, which flower is erroneously called the ""Jacob's Ladder""?",Lily of the Valley,Hydrangea,Harebell,Yarrow
4130,Entertainment: Music,Easy,True / False,A Saxophone is a brass instrument.,False,True,,
4131,Entertainment: Video Games,Hard,True / False,Super Mario and Paarthurnax (Skyrim) are voiced by the same actor.,True,False,,
4132,Entertainment: Video Games,Medium,True / False,TF2: The Medic will be credited for an assist if he heals a Spy that successfully saps a building.,True,False,,
4133,Entertainment: Video Games,Hard,Multiple Choice,Which of the following games in the The Legend of Zelda franchise was released in North America before Japan?,The Legend of Zelda: Twilight Princess,Zelda II: The Adventure of Link,The Legend of Zelda: Four Swords Adventures,The Legend of Zelda: Majora's Mask
4134,General Knowledge,Easy,Multiple Choice,What is the closest planet to our solar system's sun?,Mercury,Mars,Jupiter,Earth
4135,Entertainment: Film,Medium,Multiple Choice,"Which musical artist had a prominent role in the 2017 film ""Kingsman: The Golden Circle""?",Elton John,Lady Gaga,Rihanna,Justin Bieber
4136,Entertainment: Video Games,Easy,True / False,"The 2005 video game ""Call of Duty 2: Big Red One"" is not available on PC.",True,False,,
4137,History,Hard,Multiple Choice,In which year did the Tokyo Subway Sarin Attack occur?,1995,2001,2011,1991
4138,Entertainment: Video Games,Easy,Multiple Choice,What is the default alias that Princess Garnet goes by in Final Fantasy IX?,Dagger,Dirk,Garnet,Quina
4139,Geography,Easy,Multiple Choice,In which country is the city of Rio de Janeiro?,Brazil,Peru,Chile,Venezuela
4140,Entertainment: Video Games,Hard,True / False,"In the game ""Melty Blood Actress Again Current Code"", you can enter Blood Heat mode in Half Moon style.",False,True,,
4141,Science & Nature,Hard,Multiple Choice,Which scientific unit is named after an Italian nobleman?,Volt,Pascal,Ohm,Hertz
4142,Celebrities,Medium,Multiple Choice,Which television show has Dan Gheesling been on?,Big Brother,Jeopardy,Survivor,The Bachelor
4143,History,Easy,Multiple Choice,How old was Adolf Hitler when he died?,56,43,65,47
4144,Entertainment: Music,Medium,Multiple Choice,"In what film was the Michael Jackson song ""Will You Be There"" featured?",Free Willy,Sleepless in Seattle,Men in Black,Bad Boys
4145,Entertainment: Video Games,Medium,Multiple Choice,What is the subtitle for Gran Turismo 3?,A-Spec,Championship,Drive,Nitro
4146,Entertainment: Video Games,Medium,Multiple Choice,"In ""Overwatch"", Coalescence is the name for the ultimate of which hero?",Moira,Zenyatta,Torbjorn,Symmetra
4147,Entertainment: Video Games,Medium,Multiple Choice,What is the world's first video game console?,Magnavox Odyssey,Coleco Telstar,Nintendo Color TV Game,Atari 2600
4148,Entertainment: Video Games,Hard,Multiple Choice,"In the video game Undertale, what Fun Value is required to obtain the Fake Hallway?",66,91,45,39
4149,Geography,Medium,Multiple Choice,Which two modern-day countries used to be known as the region of Rhodesia between the 1890s and 1980?,Zambia & Zimbabwe,Togo & Benin,Lesotho & Swaziland,Rwanda & Burundi
4150,Politics,Hard,Multiple Choice,"Who was the longest-serving senator in US history, serving from 1959 to 2010?",Robert Byrd,Daniel Inouye,Strom Thurmond,Joe Biden
4151,History,Medium,Multiple Choice,"In relation to the British Occupation in Ireland, what does the IRA stand for.",Irish Republican Army,Irish Rebel Alliance,Irish Reformation Army,Irish-Royal Alliance
4152,Entertainment: Books,Hard,Multiple Choice,Which of these does Charlie NOT read in The Perks of Being a Wallflower?,The Grapes of Wrath,Hamlet,The Great Gatsby,Peter Pan
4153,Entertainment: Video Games,Medium,Multiple Choice,"What is the name of the child performing the Black Sacrament, in The Elder Scrolls V: Skyrim?",Aventus Aretino,Proventus Avenicci,Aval Atheron,Arngeir
4154,History,Medium,Multiple Choice,Who was the Prime Minister of the United Kingdom for most of World War II?,Winston Churchill,Neville Chamberlain,Harold Macmillan,Edward Heath
4155,Entertainment: Film,Easy,Multiple Choice,"Who is the protagonist of the 2002 film ""Kung Pow! Enter the Fist""?",Chosen One,Dragon King,Iron Monkey,Master Tang
4156,Science: Computers,Medium,Multiple Choice,"What does ""LCD"" stand for?",Liquid Crystal Display,Language Control Design,Last Common Difference,Long Continuous Design
4157,Science: Computers,Easy,True / False,The Windows 7 operating system has six main editions.,True,False,,
4158,General Knowledge,Easy,Multiple Choice,Which candy is NOT made by Mars?,Almond Joy,M&M's,Twix,Snickers
4159,Science: Computers,Medium,True / False,The HTML5 standard was published in 2014.,True,False,,
4160,Entertainment: Video Games,Easy,Multiple Choice,"Which popular First Person Shooter (FPS) franchise, got a Real Time Strategy (RTS) game developed based on its universe?",Halo,Battlefield,Call of Duty,Borderlands
4161,Entertainment: Television,Medium,Multiple Choice,"Which WWF wrestler had the nickname ""The Ayatollah of Rock 'N' Rolla""?",Chris Jericho,Marty Jannetty,Scott Hall,Shawn Michaels
4162,History,Easy,Multiple Choice,What year did World War I begin?,1914,1905,1919,1925
4163,Science: Computers,Easy,Multiple Choice,The numbering system with a radix of 16 is more commonly referred to as ,Hexidecimal,Binary,Duodecimal,Octal
4164,Geography,Medium,Multiple Choice,What is the capital city of Slovenia?,Ljubljana,Maribor,Velenje,Trbovlje
4165,General Knowledge,Hard,True / False,"In Scandinavian languages, the letter Å means river.",True,False,,
4166,Entertainment: Music,Hard,Multiple Choice,"How many members are there in the idol group ""µ's""?",9,48,6,3
4167,Geography,Easy,True / False,"Until 1939, Laos was called Siam.",False,True,,
4168,Entertainment: Video Games,Hard,Multiple Choice,"In the SHMUP series, ""Darius"", what is the name of the antagonist faction you fight against?",Belsar,Bacterion,Bydo,Orn Empire
4169,Entertainment: Video Games,Medium,True / False,"In ""Overwatch,"" an allied McCree will say ""Step right up"" upon using his ultimate ability Deadeye.",True,False,,
4170,Entertainment: Music,Medium,Multiple Choice,"In which year was the Megadeth album ""Peace Sells... but Who's Buying?"" released?",1986,1979,1987,1983
4171,Entertainment: Japanese Anime & Manga,Easy,Multiple Choice,"What's the English Dub Name of ""Smile Precure""?",Glitter Force,Sparkle Girls,Fairy Tale Patrol,Power Princesses
4172,General Knowledge,Easy,Multiple Choice,What word represents the letter 'T' in the NATO phonetic alphabet?,Tango,Target,Taxi,Turkey
4173,Entertainment: Music,Easy,Multiple Choice,Who is the lead singer of the band Coldplay?,Chris Martin,Chris Isaak,Chris Wallace,Chris Connelly
4174,Entertainment: Film,Easy,Multiple Choice,Which of these films is NOT set in Los Angeles?,RoboCop,Blade Runner,The Terminator,Predator 2
4175,Entertainment: Video Games,Medium,Multiple Choice,"Which of the following games in the Anno series introduced the ""Eco Balance"" gameplay mechanic?",Anno 2070,Anno 1404,Anno 2205, Anno 1701
4176,Animals,Hard,Multiple Choice,What scientific suborder does the family Hyaenidae belong to?,Feliformia,Haplorhini,Caniformia,Ciconiiformes
4177,Science: Mathematics,Hard,Multiple Choice,Which of the following mathematicians made major contributions to game theory?,John Von Neumann,Carl Friedrich Gauss,Leonhard Euler,Stefan Banach
4178,History,Hard,Multiple Choice,Which of the following was not one of Joseph Stalin's ten blows during World War II?,Vistula-Oder Offensive,Crimean Offensive,Leningrad-Novgorod Offensive,Operation Bagration
4179,History,Medium,Multiple Choice,Who was the first wife of King Henry VIII?,Catherine of Aragon,Jane Seymour,Anne Boleyn,Anne of Cleves
4180,Entertainment: Video Games,Medium,Multiple Choice,Marvel vs Capcom 2: New age of Heroes was released in what year?,2000,2001,2003,1998
4181,Entertainment: Video Games,Easy,Multiple Choice,"In the fighting game ""Skullgirls,"" which character utilizes a folding chair called the ""Hurting"" as a weapon?",Beowulf,Big Band,Squigly,Cerebella
4182,Entertainment: Video Games,Medium,Multiple Choice,"In No Man's Sky (as of the Beyond update), what two resources do you need to craft Antimatter?",Condensed Carbon and Chromatic Metal,Starship Launch Fuel and Condensed Carbon,Pure Ferrite and Sodium,Storm Crystal and Antimatter Housing
4183,General Knowledge,Medium,Multiple Choice,"The Fields Medal, one of the most sought after awards in mathematics, is awarded every how many years?",4,3,5,6
4184,General Knowledge,Easy,True / False,Pluto is a planet.,False,True,,
4185,Entertainment: Books,Medium,Multiple Choice,"In The Lies of Locke Lamora, what title is Locke known by in the criminal world?",The Thorn of Camorr,The Rose of the Marrows,The Thorn of Emberlain,The Thorn of the Marrows
4186,Entertainment: Music,Hard,Multiple Choice,Which Manchester nightclub was considered central to the 'Madchester' music scene in the late 80's?,The Haçienda,The Warehouse Project,LIV,The Liar's Club
4187,Entertainment: Video Games,Medium,Multiple Choice,"In Portal 2, which solar system body did Wheatley end up orbiting?",The moon,Earth,Jupiter,Mars
4188,Geography,Hard,Multiple Choice,"What North American tourist attraction is served by the ""Maid of the Mist"" tour company?",Niagara Falls,"Whistler, British Columbia",Disney World,Yosemite National Park
4189,Entertainment: Film,Easy,Multiple Choice,What was Dorothy's surname in 'The Wizard Of Oz'?,Gale,Perkins,Day,Parker
4190,Entertainment: Comics,Hard,Multiple Choice,When was the Garfield comic first published?,1978,1982,1973,1988
4191,History,Medium,Multiple Choice,"Which infamous European traitor was known as ""the last person to enter Parliament with honest intentions""?",Guy Fawkes,Robert Catesby,Francis Tresham,Everard Digby
4192,Entertainment: Music,Hard,Multiple Choice,What year was Huun Huur Tu's album Altai Sayan Tandy-Uula released? ,2004,1993,2006,2010
4193,Entertainment: Japanese Anime & Manga,Easy,Multiple Choice,"Who is the author of the manga series ""Astro Boy""?",Osamu Tezuka,Mitsuteri Yokoyama,Takao Saito,Yoshihiro Tatsumi
4194,Entertainment: Music,Hard,Multiple Choice,Pamina and Papageno are characters in what Mozart opera?,The Magic Flute,The Marriage of Figaro,The Impresario,The Goose of Cairo
4195,History,Hard,Multiple Choice,"During the Wars of the Roses (1455 - 1487) which Englishman was dubbed ""the Kingmaker""?",Richard Neville,Richard III,Henry V,Thomas Warwick
4196,Entertainment: Video Games,Easy,Multiple Choice,What year was the game Dishonored released?,2012,2011,2008,2013
4197,Science: Mathematics,Hard,Multiple Choice,Which of these numbers is closest to the total number of possible states for an army standard Enigma Machine?,1.58 x 10^20,1.58 x 10^22,1.58 x  10^18,1.58 x 10^24
4198,Entertainment: Video Games,Medium,True / False,The ADAM collecters in the Bioshock series are known as Little Sisters.,True,False,,
4199,Entertainment: Film,Easy,True / False,"Shaquille O'Neal appeared in the 1997 film ""Space Jam"".",False,True,,
4200,Entertainment: Cartoon & Animations,Easy,Multiple Choice,Which Teenage Mutant Ninja Turtle traditionally wears an orange bandana?,Michelangelo,Leonardo,Donatello,Raphael
4201,History,Easy,Multiple Choice,These two countries held a commonwealth from the 16th to 18th century.,Poland and Lithuania,Hutu and Rwanda,North Korea and South Korea,Bangladesh and Bhutan
4202,Entertainment: Video Games,Medium,Multiple Choice,"Which game won the ""Games for Impact"" award in The Game Awards 2015?",Life is Strange,Ori and the Blind Forest,Rocket League,Metal Gear Solid V: The Phantom Pain
4203,History,Medium,Multiple Choice,What is the name given to the series of confrontations between the UK and Iceland over North Atlantic fishing rights?,The Cod Wars,The Lobster Wars,The Halibut Wars,The Mackerel Wars
4204,Entertainment: Video Games,Easy,True / False,Solid Snake is actually a clone from the DNA of Big Boss in the Metal Gear Solid series' history.,True,False,,
4205,Entertainment: Video Games,Medium,Multiple Choice,"In the ""Portal"" series, who was Cave Johnson's personal assistant?",Caroline,Heather,Melissa,Jane
4206,Geography,Medium,Multiple Choice,Which of the following countries banned the use of personal genetic ancestry tests?,Germany,Austria,Canada,Sweden
4207,Entertainment: Video Games,Hard,Multiple Choice,What was the code name given to Sonic the Hedgehog 4 during its development?,Project Needlemouse,Project Bluespike,Project Roboegg,Project Darksphere
4208,Science & Nature,Hard,Multiple Choice,"In physics, conservation of energy and conservation of momentum are both consequences of which of the following?",Noether's Theorem,Bell's Theorem,Wick's Theorem,Carnot's Theorem
4209,Entertainment: Books,Medium,Multiple Choice,"Which poet wrote ""The Ballad of Reading Gaol"" whilst imprisoned for being gay?",Oscar Wilde,Lord Byron,William Blake,Wilfred Owen
4210,Entertainment: Television,Easy,Multiple Choice,"In ""Breaking Bad"", Walter White is a high school teacher diagnosed with which form of cancer?",Lung Cancer,Prostate Cancer,Brain Cancer,Testicular Cancer
4211,Entertainment: Film,Easy,True / False,"Leonardo DiCaprio won an Oscar for Best Actor in 2004's ""The Aviator"".",False,True,,
4212,Entertainment: Japanese Anime & Manga,Easy,Multiple Choice,"Who is the armored titan in ""Attack On Titan""?",Reiner Braun,Armin Arlelt,Mikasa Ackermann,Eren Jaeger
4213,Entertainment: Comics,Easy,Multiple Choice,What is the full first name of the babysitter in Calvin and Hobbes?,Rosalyn,Rose,Ruby,Rachel
4214,History,Hard,Multiple Choice,What did the first vending machines in the early 1880's dispense?,Post cards,Alcohol,Cigarettes,Sodas 
4215,Entertainment: Music,Easy,True / False,"The song ""Stronger Than You"" is a single by Estelle, who played Garnet in Steven Universe.",True,False,,
4216,Geography,Medium,Multiple Choice,What European country is not a part of the EU?,Norway,Lithuania,Ireland,Czechia
4217,Entertainment: Japanese Anime & Manga,Hard,Multiple Choice,Which of these names are not a character of JoJo's Bizarre Adventure?,JoJo Kikasu,Jean-Pierre Polnareff,George Joestar,Risotto Nero
4218,Entertainment: Video Games,Easy,Multiple Choice,"What was the release date of ""Grand Theft Auto IV""?","April 29, 2008","May 21, 2009","June 22, 2010","July 28, 2008"
4219,Entertainment: Film,Easy,Multiple Choice,What was the first feature-length computer-animated movie?,Toy Story,Tron,Lion king,101 Dalmatians
4220,Science: Computers,Medium,Multiple Choice,What does the 'S' in the RSA encryption algorithm stand for?,Shamir,Secure,Schottky,Stable
4221,Entertainment: Video Games,Easy,True / False,"In the Super Mario series, the character Pauline is a Princess like Princess Peach.",False,True,,
4222,History,Medium,Multiple Choice," What Russian automatic gas-operated assault rifle was developed in the Soviet Union in 1947, and is still popularly used today?",AK-47,RPK,M16,MG 42
4223,Vehicles,Hard,Multiple Choice,Volkswagen's legendary VR6 engine has cylinders positioned at what degree angle?,15 Degree,30 Degree,45 Degree,90 Degree
4224,Entertainment: Video Games,Easy,Multiple Choice,"In Night In The Woods, where does Gregg work?",Snack Falcon,Ol' Pickaxe,"Video Outpost ""Too""",Food Donkey
4225,Celebrities,Medium,True / False,Michael Jackson had a pet python named ‘Crusher’.,True,False,,
4226,Entertainment: Comics,Easy,Multiple Choice,"According to their longtime nickname, what kind of ""duo"" are Batman & Robin?",Dynamic,Dangerous,Dynastic,Delirious
4227,Entertainment: Music,Medium,Multiple Choice,"What genre of EDM is the Dutch DJ, musician, and remixer Armin van Buuren most well-known for?",Trance,House,Drum and Bass,Dubstep
4228,Geography,Medium,Multiple Choice,Kuala Lumpur is the capital of which country?,Malaysia,Indonesia,Singapore,Thailand
4229,Politics,Medium,Multiple Choice,Who was the British Prime Minister at the outbreak of the Second World War?,Neville Chamberlain,Clement Attlee,Winston Churchill,Stanley Baldwin
4230,Entertainment: Film,Medium,Multiple Choice,"In the movie “The Iron Giant,” this character is the protagonist.",Hogarth Hughes,Kent Mansley,Dean McCoppin,Annie Hughes
4231,General Knowledge,Medium,Multiple Choice,"What is the German word for ""spoon""?",Löffel,Gabel,Messer,Essstäbchen
4232,Entertainment: Music,Medium,Multiple Choice,Grand Theft Autumn/Where Is Your Boy is a song by which band?,Fall Out Boy,Panic! At The Disco,Paramore,Blink-182
4233,General Knowledge,Easy,True / False,All strawberries are red.,False,True,,
4234,Science & Nature,Medium,Multiple Choice,What is the lowest layer of the Earth's atmosphere named?,Troposphere,Stratosphere,Mesosphere,Thermosphere
4235,Entertainment: Books,Medium,Multiple Choice,"What was the name of the Mysterious Island, in Jules Verne's ""The Mysterious Island""?",Lincoln Island,Vulcania Island,Prometheus Island,Neptune Island
4236,Entertainment: Board Games,Medium,True / False,"""Rich Uncle Pennybags"" from the board game ""Monopoly"" wears a monocle.",False,True,,
4237,Entertainment: Video Games,Hard,Multiple Choice,"In what year was the game ""Eliminator"" released?",1998,2000,1999,2001
4238,General Knowledge,Easy,Multiple Choice,Gouda cheese is from which European country?,The Netherlands,Belgium,Germany,France
4239,Science: Gadgets,Easy,Multiple Choice,When was the DVD invented?,1995,2000,1990,1980
4240,Science & Nature,Medium,Multiple Choice,Who developed the first successful polio vaccine in the 1950s?,Jonas Salk,John F. Enders,Thomas Weller,Frederick Robbins
4241,Vehicles,Easy,Multiple Choice,"Which car tire manufacturer is famous for its ""Eagle"" brand of tires, and is the official tire supplier of NASCAR?",Goodyear,Pirelli,Bridgestone,Michelin
4242,Animals,Easy,Multiple Choice,Which is the national animal of India?,Tiger,Lion,Horse,Camel
4243,Politics,Medium,Multiple Choice,Which of the following Argentinian presidents was elected in 2015?,Mauricio Macri,Cristina Fernandez de Kirchner,Nestor Kirchner,Juan Domingo Peron
4244,General Knowledge,Easy,Multiple Choice,Which of the following nations was NOT a belligerent in World War I?,Denmark,Portugal,Greece,Romania
4245,Entertainment: Music,Hard,Multiple Choice,What rock group is named after a gym teacher who taught at the original band members' high school?,Lynyrd Skynyrd,Jefferson Airplane,Pink Floyd,The Byrds
4246,Animals,Easy,Multiple Choice,Which breed of dog is traditionally associated with firefighters?,Dalmatians,German Shepard,Great Dane,Mastiff
4247,Entertainment: Music,Medium,Multiple Choice,"Which popular jazz standard begins with the line ""Someday, when I'm awfully low""?",The Way You Look Tonight,Autumn Leaves,Dream a Little Dream of Me,All the Things You Are
4248,Geography,Medium,Multiple Choice,What city is the Terracotta Army located in?,Xi'an,Beijing,Shanghai,Hong Kong
4249,Entertainment: Japanese Anime & Manga,Easy,True / False,"In Chobits, Hideki found Chii in his apartment.",False,True,,
4250,Entertainment: Music,Medium,Multiple Choice,What song on ScHoolboy Q's album Black Face LP featured Kanye West?,THat Part,Neva CHange,Big Body,Blank Face
4251,Entertainment: Music,Medium,Multiple Choice,Ellie Goulding's earliest album was named?,Lights,Halcyon,Bright Lights,Halcyon Days
4252,Entertainment: Video Games,Medium,Multiple Choice,Which CS:GO eSports team won the major event ESL One Cologne 2016?,SK Gaming,Team Liquid,Fnatic,Virtus.pro
4253,Entertainment: Music,Medium,Multiple Choice,What is rapper Drake's real name?,Aubrey Graham,Shaun Carter,Dwayne Carter,Andre Young
4254,Sports,Easy,Multiple Choice,Which of these teams has Jaromir Jagr not played for?,New York Islanders,Calgary Flames,New Jersey Devils,Dallas Stars
4255,Entertainment: Comics,Medium,Multiple Choice,Which of the following superheros did Wonder Woman NOT have a love interest in?,Green Arrow,Superman,Batman,Steve Trevor
4256,Entertainment: Video Games,Medium,Multiple Choice,"In ""Overwatch,"" what is the hero McCree's full name?",Jesse McCree,"Jack ""McCree"" Morrison",Gabriel Reyes,"Jamison ""Deadeye"" Fawkes"
4257,Entertainment: Video Games,Easy,Multiple Choice,"Who made the video game, ""Bendy and the Ink Machine""?",TheMeatly,Scott Cawthon, Jeff Kaplan,Konami
4258,History,Hard,Multiple Choice,How long did the Warsaw Uprising during World War II last?,63 Days,20 Days,55 Days,224 Days
4259,Animals,Medium,Multiple Choice,"A carnivorous animal eats flesh, what does a nucivorous animal eat?",Nuts,Nothing,Fruit,Seaweed
4260,General Knowledge,Easy,Multiple Choice,When was the website reddit founded ?,2005,2008,2004,2006
4261,Sports,Medium,Multiple Choice,Who has played the most tournaments in the German national soccer team?,Lothar Matthäus,Miroslav Klose,Philipp Lahm,Oliver Kahn
4262,Entertainment: Musicals & Theatres,Easy,Multiple Choice,How many plays is Shakespeare generally considered to have written?,37,18,54,25
4263,Animals,Medium,True / False,"The ""mountain chicken"" is a chicken.",False,True,,
4264,Science & Nature,Easy,Multiple Choice,Which element has the highest melting point?,Carbon,Tungsten,Platinum,Osmium
4265,Entertainment: Video Games,Medium,Multiple Choice,"What is the real name of the Scout in ""Team Fortress 2""?",Jeremy,Lance,Walter,John
4266,Geography,Medium,Multiple Choice,What is the official national language of Pakistan?,Urdu,Indian,Punjabi,Pashto
4267,Entertainment: Video Games,Medium,Multiple Choice,"In ""A Hat In Time"" who is the final boss?",Mustache Girl,Snatcher,Conductor,Mafia Boss
4268,Entertainment: Video Games,Medium,Multiple Choice,What CS:GO case contains the Butterfly Knife?,Breakout Case,Shadow Case,Vanguard Case,Esports 2014 Case
4269,Entertainment: Video Games,Easy,Multiple Choice,"League of Legends, DOTA 2, Smite and Heroes of the Storm are all part of which game genre?",Multiplayer Online Battle Arena (MOBA),Real Time Strategy (RTS),First Person Shooter (FPS),Role Playing Game (RPG)
4270,Animals,Easy,True / False,The internet browser Firefox is named after the Red Panda.,True,False,,
4271,Entertainment: Video Games,Easy,True / False,"The name of the main character of the video game ""The Legend of Zelda"", is Zelda.",False,True,,
4272,Sports,Medium,Multiple Choice,What is the exact length of one non-curved part in Lane 1 of an Olympic Track?,84.39m,100m,100yd,109.36yd
4273,General Knowledge,Medium,Multiple Choice,Astraphobia is the irrational fear of what?,Thunder,Rain,Wind,Snow
4274,Entertainment: Music,Medium,Multiple Choice,"Who wrote the musical composition, ""Rhapsody In Blue""?",George Gershwin,Irving Berlin,Duke Ellington,Johnny Mandel
4275,Entertainment: Comics,Easy,Multiple Choice,The main six year old protagonist in Calvin and Hobbes is named after what theologian?,John Calvin,Calvin Klein,Calvin Coolidge,Phillip Calvin McGraw
4276,Entertainment: Video Games,Medium,Multiple Choice,Which of the following Call of Duty games was a PS3 launch title?,Call of Duty 3,Call of Duty 4: Modern Warfare,Call of Duty: World at War,Call of Duty: Roads to Victory
4277,Entertainment: Television,Medium,Multiple Choice,"Which track by ""Massive Attack"" is used for the theme of ""House""? ",Teardrop,Protection,Angel,Black Milk
4278,Geography,Medium,Multiple Choice,"What is the region conjoining Pakistan, India, and China with unknown leadership called?",Kashmir,Andorra,Gibraltar,Quin
4279,General Knowledge,Easy,Multiple Choice,What was the name of the WWF professional wrestling tag team made up of the wrestlers Ax and Smash?,Demolition,The Dream Team,The Bushwhackers,The British Bulldogs
4280,Mythology,Medium,Multiple Choice,"According to the Egyptian Myth of Osiris, who murdered Osiris?",Set,Horus,Ra,Anhur
4281,Mythology,Hard,Multiple Choice,Nidhogg is a mythical creature from what mythology?,Norse,Egyptian,Greek,Hindu
4282,History,Hard,Multiple Choice,On which day did ARPANET suffer a 4 hour long network crash?,"October 27, 1980","November 21, 1969","October 29, 1969","December 9, 1991"
4283,Art,Hard,Multiple Choice,"The painting ""Guernica"" by Pablo Picasso expressed emotions of dread in response to which war?",Spanish Civil War,World War I,The Crimean War,Spanish-American War
4284,Geography,Medium,Multiple Choice,"What is the name of the former country that was succeeded by countries such as Serbia, Croatia and Slovenia?",Yugoslavia,Czechoslovakia,Abkhazia,South Ossetia
4285,Sports,Medium,True / False,"During Wimbledon, spectators in the grounds can buy the tennis balls that have been used in matches.",True,False,,
4286,Entertainment: Japanese Anime & Manga,Easy,Multiple Choice,In the anime Seven Deadly Sins what is the name of one of the sins?,Diane,Sakura,Ayano,Sheska
4287,Entertainment: Video Games,Medium,Multiple Choice,How many classes are there in Team Fortress 2?,9,10,8,7
4288,Entertainment: Video Games,Medium,Multiple Choice,"In the video game DOTA 2, which of these is NOT a hero?",Dragon Champion,Dark Seer,Keeper of the Light,Mirana
4289,Entertainment: Film,Easy,Multiple Choice,"This movie contains the quote, ""I feel the need ... the need for speed!""",Top Gun,Days of Thunder,The Color of Money,Cocktail
4290,Geography,Easy,Multiple Choice,Which area of Eastern Europe is famous for its association with vampires?,Transylvania,Silesia,Macedonia,Slovakia
4291,Entertainment: Film,Medium,Multiple Choice,"What type of cheese, loved by Wallace and Gromit, had it's sale prices rise after their successful short films?",Wensleydale,Cheddar,Moon Cheese,Edam
4292,Entertainment: Television,Hard,Multiple Choice,"The theme for the popular science fiction series ""Doctor Who"" was composed by who?",Ron Grainer,Murray Gold,Delia Derbyshire,Peter Howell
4293,History,Hard,Multiple Choice,"The main objective of the German operation ""Case Blue"" during World War II was originally to capture what?",Caucasus,Stalingrad,Crimea,Voronezh
4294,Sports,Medium,Multiple Choice,Which soccer team won the Copa América Centenario 2016?,Chile,Argentina,Brazil,Colombia
4295,Entertainment: Music,Hard,Multiple Choice,The heavy metal band Black Sabbath hail from which English city?,Birmingham,Manchester,London,Newcastle-Upon-Tyne
4296,Entertainment: Video Games,Medium,Multiple Choice,What is the name the location-based augmented reality game developed by Niantic before Pokémon GO?,Ingress,Aggress,Regress,Digress
4297,Entertainment: Video Games,Medium,Multiple Choice,"In the Fallout: New Vegas add-on Honest Hearts, what is the name of Joshua Graham's personal .45 pistol?",A Light Shining in Darkness,Requiem,Maria,Recompense of the Fallen
4298,Geography,Medium,Multiple Choice,What is the capital of Chile?,Santiago,Valparaíso,Copiapó,Antofagasta
4299,Entertainment: Japanese Anime & Manga,Easy,True / False,"In the anime ""Naruto"", the main character is a female.",False,True,,
4300,Sports,Easy,Multiple Choice,Which English football club has the nickname 'The Foxes'?,Leicester City,Northampton Town,Bradford City,West Bromwich Albion
4301,Animals,Easy,Multiple Choice,What is the fastest  land animal?,Cheetah,Lion,Thomson’s Gazelle,Pronghorn Antelope
4302,History,Hard,Multiple Choice,"The coat of arms of the King of Spain contains the arms from the monarchs of Castille, Leon, Aragon and which other former Iberian kingdom?",Navarre,Galicia,Granada,Catalonia
4303,Entertainment: Music,Hard,Multiple Choice,"Which artists' version of the song ""The Tide is High"" came first?",The Paragons,Blondie,Kardinal Offishall,Atomic Kitten
4304,Entertainment: Video Games,Easy,Multiple Choice,Who is the main antagonist of Ori and the Blind Forest?,Kuro,Nibel,Gumo,King Rammer XII
4305,Entertainment: Video Games,Hard,True / False,"All of these maps were in ""Tom Clancy's Rainbow Six Siege"" on its initial release: House, Clubhouse, Border, Consulate.",False,True,,
4306,Geography,Easy,Multiple Choice,What name was historically used for the Turkish city currently known as Istanbul?,Constantinople,Hüdavendigar,Söğüt,Adrianople
4307,Science & Nature,Hard,Multiple Choice,Coulrophobia is the irrational fear of what?,Clowns,Cemeteries,Needles,Tunnels
4308,Animals,Easy,True / False,Rabbits can't vomit.,True,False,,
4309,History,Medium,Multiple Choice,"Which country attacked the USS Liberty on June 8, 1967?",Israel,Syria,Saudi Arabia,Iran
4310,Entertainment: Video Games,Easy,Multiple Choice,The starting pistol of the Terrorist team in a competitive match of Counter Strike: Global Offensive is what?,Glock-18,Tec-9,Desert Eagle,Dual Berretas
4311,Science & Nature,Medium,True / False,A person can get sunburned on a cloudy day.,True,False,,
4312,Sports,Medium,Multiple Choice,Who won the 2015 College Football Playoff (CFP) National Championship? ,Ohio State Buckeyes,Alabama Crimson Tide,Clemson Tigers,Wisconsin Badgers
4313,Entertainment: Books,Medium,Multiple Choice,"In Alice in Wonderland, what is the name of Alice's kitten?",Dinah,Oscar,Heath,Smokey
4314,Entertainment: Television,Easy,Multiple Choice,"In the Star Trek universe, what color is Vulcan blood?",Green,Blue,Red,Purple
4315,History,Hard,Multiple Choice,What year was Canada founded in?,1867,1798,1859,1668
4316,Geography,Hard,Multiple Choice,Where is Fort Marlborough located?,Bengkulu,Singapore,London,Dover
4317,Entertainment: Television,Hard,Multiple Choice,"What was the UK ""Who Wants to be a Millionaire?"" cheating scandal known as?",Major Fraud,Ingram Cheater,Coughing Major,Millionaire Crime
4318,Entertainment: Film,Medium,Multiple Choice,Which of the following films was NOT directed by Quentin Tarantino?,From Dusk till Dawn,Jackie Brown,Pulp Fiction,Reservoir Dogs
4319,Entertainment: Video Games,Easy,Multiple Choice,"In Pokemon, the ability Wonder Guard is exclusive to which Pokemon? ",Shedinja ,Sableye,Spiritomb,Silvally 
4320,Entertainment: Film,Hard,Multiple Choice,"What is the name of the supercomputer located in the control room in ""Jurassic Park"" (1993)?",Thinking Machines CM-5,Cray X-MP,Cray XK7,IBM Blue Gene/Q
4321,Science: Computers,Hard,Multiple Choice,Which kind of algorithm is Ron Rivest not famous for creating?,Secret sharing scheme,Hashing algorithm,Asymmetric encryption,Stream cipher
4322,Entertainment: Television,Medium,Multiple Choice,Who plays the character of Dennis Reynolds on It's Always Sunny in Philadelphia?,Glenn Howerton,Rob McElhenney,Charlie Day,Danny DeVito
4323,Entertainment: Video Games,Hard,Multiple Choice,"In the game Cry of Fear, which enemy can cause the player to kill themselves if they are wielding a loaded firearm?",Drowned,Suicider,Citalopram,Psycho
4324,Entertainment: Film,Hard,Multiple Choice,Which boxer was famous for striking the gong in the introduction to J. Arthur Rank films?,Bombardier Billy Wells,Freddie Mills,Terry Spinks,Don Cockell
4325,Science & Nature,Hard,Multiple Choice,"What does the term ""isolation"" refer to in microbiology?","The separation of a strain from a natural, mixed population of living microbes",A lack of nutrition in microenviroments,The nitrogen level in soil,"Testing effects of certain microorganisms in an isolated enviroments, such as caves"
4326,History,Medium,Multiple Choice,What year did the Vietnam War end?,1975,1978,1967,1969
4327,Animals,Easy,True / False,A caterpillar has more muscles than humans do.,True,False,,
4328,Entertainment: Video Games,Easy,Multiple Choice,What minimum level in the Defence skill is needed to equip Dragon Armour in the MMO RuneScape?,60,65,55,70
4329,General Knowledge,Medium,Multiple Choice,"If a person's hair is described as 'Titian', what colour is it?",Red,Blonde,Brunette,Black
4330,History,Medium,Multiple Choice,What is the oldest US state?,Delaware,Rhode Island,Maine,Virginia
4331,Entertainment: Film,Easy,Multiple Choice,"Who is frozen at the end of the movie ""Goldeneye""?",Boris Grishenko,James Bond,Natalya Simonova,Alec Travelyan
4332,Entertainment: Television,Medium,Multiple Choice,"What actor portrays Hogan ""Wash"" Washburne in the TV Show Firefly?",Alan Tudyk,Adam Baldwin,Nathan Fillion,Sean Maher
4333,Entertainment: Video Games,Hard,Multiple Choice,"What programming language was used to create the game ""Minecraft""?",Java,HTML 5,C++,Python
4334,Entertainment: Television,Medium,Multiple Choice,"The 1985 Toyota Corolla ""AE86"" was the hero car for what anime? ",Initial D,Wangan Midnight,Ghost MF,Ex Driver
4335,Celebrities,Medium,Multiple Choice,Which actress's real name was Frances Ethel Gumm?,Judy Garland,Doris Day,Julie Andrews,Marilyn Monroe
4336,Entertainment: Film,Medium,Multiple Choice,Which of the following James Bond villains is not affiliated with the SPECTRE organization?,Auric Goldfinger,Dr. Julius No,Rosa Klebb,Emilio Largo
4337,Entertainment: Video Games,Medium,Multiple Choice,Who's the Captain of the S.T.A.R.S. Bravo Team in Resident Evil 1?,Enrico Marini,Albert Wesker,Richard Aiken,Rebecca Chambers
4338,Science & Nature,Medium,Multiple Choice,"Which desert is the only desert in the world where the ""Saguaro"" cactus grows indigenously?",The Sonoran Desert,The Gobi Desert,The Yuma Desert,The Arabian Desert
4339,Animals,Medium,Multiple Choice,Which animal was part of an Russian domestication experiment in 1959?,Foxes,Pigeons,Bears,Alligators
4340,Entertainment: Film,Easy,True / False,"In the movie The Revenant, DiCaprio's character hunts down the killer of his son.",True,False,,
4341,Entertainment: Japanese Anime & Manga,Easy,Multiple Choice,What is the last name of Edward and Alphonse in the Fullmetal Alchemist series.,Elric,Ellis,Eliek,Elwood
4342,Entertainment: Film,Medium,Multiple Choice,Which of the following is NOT a quote from the 1942 film Casablanca? ,"""Frankly, my dear, I don't give a damn.""","""Here's lookin' at you, kid.""","“Of all the gin joints, in all the towns, in all the world, she walks into mine…”","""Round up the usual suspects."""
4343,Entertainment: Japanese Anime & Manga,Hard,Multiple Choice,"In the superhero anime, ""One Punch Man"", what is the main protagonist's Hero name?",Caped Baldy,Strong Fist,Mad Boxer,Justice Puncher
4344,Science & Nature,Hard,Multiple Choice,What element on the periodic table has 92 electrons?,Uranium,Sulfur,Hydrogen,Iron
4345,Sports,Hard,Multiple Choice,Who did Drew Brees pass in all time NFL passing yards in 2018?,Peyton Manning,Tom Brady,Dan Marino,Joe Montana
4346,History,Medium,Multiple Choice,All of the following are names of the Seven Warring States EXCEPT:,Zhai (翟),Zhao (趙),Qin (秦),Qi (齊)
4347,Geography,Medium,True / False,"There are no roads in/out of Juneau, Alaska.",True,False,,
4348,Entertainment: Japanese Anime & Manga,Medium,True / False,"The animated film ""Spirited Away"" won the Academy Award for Best Animated Feature at the 75th Academy Awards in 2003.",True,False,,
4349,Entertainment: Video Games,Medium,Multiple Choice,Who is Sora's Nobody in Kingdom Hearts?,Roxas,Riku,Kairi,Mickey
4350,Science: Computers,Easy,Multiple Choice,"In web design, what does CSS stand for?",Cascading Style Sheet,Counter Strike: Source,Corrective Style Sheet,Computer Style Sheet
4351,Entertainment: Music,Easy,Multiple Choice,Which Beatles album does NOT feature any of the band members on it's cover?,The Beatles (White Album),Rubber Soul,Abbey Road,Magical Mystery Tour
4352,Entertainment: Video Games,Hard,Multiple Choice,"How long are all the cutscenes from Metal Gear Solid 4 (PS3, 2008) combined?",8 hours,4 hours,12 hours,5 hours
4353,Entertainment: Video Games,Easy,Multiple Choice,The name of the Metroid series comes from what?,An enemy in the game,The final boss's name,The main character's name,A spaceship's name
4354,Geography,Medium,Multiple Choice,"The towns of Brugelette, Arlon and Ath are located in which country?",Belgium,Andorra,France,Luxembourg
4355,Entertainment: Video Games,Hard,Multiple Choice,Which one of these is NOT an official map in Counter-Strike: Global Offensive?,de_season,de_sugarcane,de_canals,de_militia
4356,History,Hard,Multiple Choice,Which one of these rulers did not belong to the Habsburg dynasty?,Philip V,Charles V,Philip II,Francis Joseph
4357,General Knowledge,Medium,Multiple Choice,"What does the ""G"" mean in ""G-Man""?",Government,Going,Ghost,Geronimo
4358,Entertainment: Board Games,Hard,Multiple Choice,"The board game ""Ra"" was designed by which designer? ",Reiner Knizia,Bruno Cathala,Uwe Rosenburg,Allison Kline
4359,Entertainment: Video Games,Easy,True / False,"In the Fallout: New Vegas add-on Lonesome Road, Ulysses wields a flag pole named The Liberator.",False,True,,
4360,Entertainment: Film,Hard,Multiple Choice,"What did Alfred Hitchcock use as blood in the film ""Psycho""? ",Chocolate syrup,Ketchup,Red food coloring,Maple syrup
4361,Science: Mathematics,Hard,Multiple Choice,What is the plane curve proposed by Descartes to challenge Fermat's extremum-finding techniques called?,Folium of Descartes,Elliptic Paraboloid of Descartes,Cartesian Coordinates,Descarte's Helicoid
4362,Animals,Hard,Multiple Choice,What is the scientific name of the cheetah?,Acinonyx jubatus,Panthera onca,Lynx rufus,Felis catus
4363,Entertainment: Video Games,Easy,Multiple Choice,"In Kingdom Hearts, how many members does Organization XIII have in total?",14,10,13,12
4364,Science: Computers,Hard,Multiple Choice,"The acronym ""RIP"" stands for which of these?",Routing Information Protocol,Runtime Instance Processes,Regular Interval Processes,Routine Inspection Protocol
4365,General Knowledge,Medium,Multiple Choice,A statue of Charles Darwin sits in what London museum?,Natural History Museum,Tate,British Museum,Science Museum
4366,Entertainment: Video Games,Medium,Multiple Choice,"Which was the first ""Call Of Duty: Zombies"" map to introduce the ""Wunderwaffe DG-2""?",Shi No Numa,Tranzit,Kino Der Toten,Der Riese
4367,Entertainment: Japanese Anime & Manga,Easy,True / False,No Game No Life first aired in 2014.,True,False,,
4368,History,Hard,Multiple Choice,"After the 1516 Battle of Marj Dabiq, the Ottoman Empire took control of Jerusalem from which sultanate?",Mamluk,Ayyubid,Ummayyad,Seljuq
4369,Entertainment: Video Games,Easy,Multiple Choice,Which of the following Zelda games did not feature Ganon as a final boss?,Majora's Mask,Ocarina of Time,Skyward Sword,Breath of the Wild
4370,Sports,Medium,Multiple Choice,What is Tiger Woods' all-time best career golf-score?,61,65,63,67
4371,Geography,Easy,Multiple Choice,Which of the following countries has a flag featuring a yellow lion wielding a sword on a dark red background?,Sri Lanka,Kiribati,Scotland,Bhutan
4372,Entertainment: Video Games,Hard,Multiple Choice,"In Terraria, which debuff does the ankh charm not provide immunity to?",Venom,Cursed,Bleeding,Slow
4373,Entertainment: Television,Easy,Multiple Choice,Which of these Bojack Horseman characters is a human?,Todd Chavez,Lennie Turtletaub,Princess Carolyn,Tom Jumbo-Grumbo
4374,General Knowledge,Hard,Multiple Choice,"According to Fair Works Australia, how long do you have to work to get Long Service Leave?",7 years,2 years,8 years,6 months
4375,Sports,Easy,True / False,Peyton Manning retired after winning Super Bowl XLIX.,False,True,,
4376,Sports,Medium,Multiple Choice,A stimpmeter measures the speed of a ball over what surface?,Golf Putting Green, Football Pitch,Cricket Outfield,Pinball Table
4377,Entertainment: Music,Medium,True / False,Arcade Fire's 'The Suburbs' won the Album of the Year award in the 2011 Grammys.,True,False,,
4378,Entertainment: Video Games,Medium,Multiple Choice,In which Mario game did the Mega Mushroom make its debut?,Mario Party 4,New Super Mario Bros.,Mario Kart Wii,Super Mario 3D World
4379,History,Hard,Multiple Choice,The son of which pope supposedly held a lecherous fête involving 50 courtesans in the papal palace?,Alexander VI,Innocent V,Urban II,Pius III
4380,Entertainment: Music,Easy,Multiple Choice,"The band Muse released their first album, Showbiz, in what year?",1999,1998,2000,2001
4381,Art,Easy,Multiple Choice,Who painted The Starry Night?,Vincent van Gogh,Pablo Picasso,Leonardo da Vinci,Michelangelo
4382,Entertainment: Video Games,Hard,Multiple Choice,"Which game in the ""Monster Hunter"" series introduced the ""Insect Glaive"" weapon?",Monster Hunter 4,Monster Hunter Freedom,Monster Hunter Stories,Monster Hunter 2
4383,Sports,Easy,Multiple Choice,Which country hosted the 2022 FIFA World Cup?,Qatar,USA,Japan,Switzerland
4384,Sports,Easy,Multiple Choice,Which wrestler won the 2019 Men’s Royal Rumble?,Seth Rollins,Braun Strowman,AJ Styles,Andrade
4385,History,Medium,Multiple Choice,What nationality was sultan Saladin?,Kurdish,Arab,Egyptian,Syrian
4386,Entertainment: Video Games,Easy,Multiple Choice,"Half-Life by Valve uses the GoldSrc game engine, which is a highly modified version of what engine?",Quake Engine,Doom Engine,id Engine,Source Engine
4387,Entertainment: Video Games,Easy,True / False,"There are 6 legendary cards in ""Clash Royale"".",False,True,,
4388,Geography,Medium,Multiple Choice,What was the most populous city in the Americas in 2015?,São Paulo,New York,Mexico City,Los Angeles
4389,Geography,Hard,Multiple Choice,What is the administrative centre and largest settlement on the Norwegian archipelago of Svalbard?,Longyearbyen,Sveagruva,Ny-Ålesund,Barentsburg
4390,General Knowledge,Medium,True / False,Ecuador uses the Mexican Peso as its currency.,False,True,,
4391,Entertainment: Video Games,Medium,Multiple Choice,"What is the name of the creature that the main character befriends in ""The Last Guardian""?",Trico,Nico,Wolf,Andazi
4392,Science: Computers,Easy,Multiple Choice,The C programming language was created by this American computer scientist. ,Dennis Ritchie,Tim Berners Lee,al-Khwārizmī,Willis Ware
4393,Entertainment: Board Games,Medium,Multiple Choice,"What type is ""Magic Drain"" in Yugioh! Trading Card Game?",Counter Trap,Normal Trap,Quick-Play Spell,Field Spell
4394,Sports,Medium,Multiple Choice,With which team did Michael Schumacher make his Formula One debut at the 1991 Belgian Grand Prix?,Jordan,Benetton,Ferrari,Mercedes
4395,History,Medium,Multiple Choice,In what dialogue did Socrates defend himself to the court of Athens? ,The Apology,The Euthyphro,The Laws,The Republic
4396,Entertainment: Video Games,Medium,Multiple Choice,"How many Star Spirits do you rescue in the Nintendo 64 video game ""Paper Mario""?",7,5,10,12
4397,Entertainment: Film,Hard,Multiple Choice,"In Youtuber Jerma985's 2014 film ""Rat Movie: Mystery of the Mayan Treasure,"" who is the man who tries to steal the Mayan Treasure?",Dick Dastardly Richards,"Gabe ""The Glue Man"" Degrossi",Bootleg Duck Dynasty Byeah Batman,Demon Lord Zeraxos
4398,Entertainment: Video Games,Hard,Multiple Choice,How many voice channels does the Super Nintendo Entertainment System support?,8,6,10,12
4399,Geography,Medium,Multiple Choice,The land of Gotland is located in which European country?,Sweden,Denmark,Norway,Germany
4400,General Knowledge,Easy,True / False,Did Michael Jackson invent the moonwalk?,False,True,,
4401,Entertainment: Video Games,Easy,Multiple Choice,What is the name of a popular franchise that includes placing blocks down and surviving in an open world? ,Minecraft,Unturned,Roblox,Grand Theft Auto V
4402,Science: Computers,Easy,Multiple Choice,"In computing, how many bits are in a nibble?",4,16,32,2
4403,Entertainment: Video Games,Hard,Multiple Choice,"In ""Sonic the Hedgehog 2"" for the Sega Genesis, what do you input in the sound test screen to access the secret level select?",The Lead Programmer's birthday,"The first release date of ""Sonic the Hedgehog""",The date Sonic Team was founded,"The first release date of ""Sonic the Hedgehog 2"""
4404,Entertainment: Video Games,Easy,Multiple Choice,Which character was introduced to the Super Smash Bros franchise in Super Smash Bros Melee?,Sheik,Samus,Lucas,Mega Man
4405,Geography,Easy,Multiple Choice,What country is the second largest in the world by area?,Canada,Russia,China,United States of America
4406,General Knowledge,Medium,Multiple Choice,"What is the Swedish word for ""window""?",Fönster,Hål,Skärm,Ruta
4407,Science & Nature,Easy,Multiple Choice,Alzheimer's disease primarily affects which part of the human body?,Brain,Lungs,Skin,Heart
4408,Entertainment: Japanese Anime & Manga,Easy,Multiple Choice,"In the anime ""My Hero Academia"", which character is shown with the ability to manipulate gravity?",Uraraka,Bakugo,Deku,Asui 
4409,History,Easy,Multiple Choice,"The ""Trail of Tears"" was a result of which United States President's Indian Removal Policy?",Andrew Jackson,Harry S. Truman,Martin Van Buren,John Quincy Adams
4410,Entertainment: Cartoon & Animations,Medium,Multiple Choice,"What year was the Disney film ""A Goofy Movie"" released?",1995,1999,2001,1997
4411,Geography,Hard,Multiple Choice,What country is not a part of Scandinavia?,Finland,Norway,Sweden,Denmark
4412,Science & Nature,Easy,Multiple Choice,Which is the most abundant element in the universe?,Hydrogen,Helium,Lithium,Oxygen
4413,Entertainment: Music,Easy,Multiple Choice,"Which English guitarist has the nickname ""Slowhand""?",Eric Clapton,Mark Knopfler,Jeff Beck,Jimmy Page
4414,Vehicles,Easy,True / False,The Honda Motor Corporation originates in Japan,True,False,,
4415,History,Medium,Multiple Choice,"When did the United States formally declare war on Japan, entering World War II?","December 8, 1941","June 6, 1944","June 22, 1941","September 1, 1939"
4416,Entertainment: Video Games,Medium,Multiple Choice,"In the game ""Undertale"", who was Mettaton's creator?",Alphys,Undyne,Sans,Asgore
4417,Entertainment: Musicals & Theatres,Medium,Multiple Choice,Which musical has won the most Tony awards?,The Producers,Hamilton,Chicago,Phantom of the Opera
4418,Vehicles,Easy,Multiple Choice,What country was the Trabant 601 manufactured in?,East Germany,Soviet Union,Hungary,France
4419,Science: Computers,Easy,Multiple Choice,"In the programming language Java, which of these keywords would you put on a variable to make sure it doesn't get modified?",Final,Static,Private,Public
4420,Entertainment: Film,Easy,Multiple Choice,"For the film ""Raiders of The Lost Ark"", what was Harrison Ford sick with during the filming of the Cairo chase?",Dysentery,Anemia,Constipation,Acid Reflux 
4421,Geography,Hard,Multiple Choice,What is the capital city of Bermuda?,Hamilton,Santo Dominigo,San Juan,Havana
4422,Entertainment: Music,Easy,Multiple Choice,Which music publication is often abbreviated to NME?,New Musical Express,New Metro Entertainment,Next Musical Enterprise,North Manchester Express
4423,Entertainment: Video Games,Medium,Multiple Choice,"In ""World of Warcraft,"" what dragon appears in the human guise of Lord Victor Nefarius?",Nefarian,Nefarius,Neltharion,Nefaran
4424,Entertainment: Japanese Anime & Manga,Medium,Multiple Choice,What is the name of Ryūko Matoi's theme song in the anime Kill la Kill?,Before My Body Is Dry,Don't Lose Your Way,Till I Die,Suck Your Blood
4425,Vehicles,Easy,Multiple Choice,What animal is pictured on the logo of the automobile manufacturer Porsche?,Horse,Bull,Lion,Cheetah
4426,Entertainment: Cartoon & Animations,Easy,Multiple Choice,Who was the villain of ''The Lion King''?,Scar,Fred,Jafar,Vada
4427,Entertainment: Video Games,Easy,Multiple Choice,Which Mario spin-off game did Waluigi make his debut?,Mario Tennis,Mario Party 3,Mario Kart: Double Dash!!,Mario Golf: Toadstool Tour
4428,Vehicles,Hard,Multiple Choice,The difference between the lengths of a Boeing 777-300ER and an Airbus A350-1000 is closest to:,0.1m,1m,10m ,100m
4429,Entertainment: Music,Easy,Multiple Choice,"""Sleepyhead"" is the debut single from which Electronic band?",Passion Pit,The Chemical Brothers,LadyTron,Kraftwerk
4430,Entertainment: Japanese Anime & Manga,Medium,Multiple Choice,"What is the name of the infamous pachinko machine from ""Kaiji""?",The Bog,The Devil,The Undefeated,The Dragon
4431,Entertainment: Television,Easy,True / False,"In Battlestar Galactica (2004), Cylons were created by man as cybernetic workers and soldiers.",True,False,,
4432,Geography,Easy,Multiple Choice,The body of the Egyptian Sphinx was based on which animal?,Lion,Bull,Horse,Dog
4433,History,Medium,Multiple Choice,In what year did Neil Armstrong and Buzz Aldrin land on the moon?,1969,1965,1966,1973
4434,Entertainment: Video Games,Hard,True / False,Grand Theft Auto V is the fifteenth installment of the Grand Theft Auto series.,True,False,,
4435,Entertainment: Music,Medium,Multiple Choice,"When was the Prince album ""Purple Rain"" released?",1984,1979,1983,1981
4436,Sports,Easy,Multiple Choice,What was the year of estabilishment of the Bari Italian Football Club?,1908,1945,2014,1895
4437,Entertainment: Books,Medium,Multiple Choice,"George Orwell's novel ""Animal Farm"" was inspired by which historical event?",The rise of communism and Stalin's policies.,The rise of Imperial Japan and Pacific control.,The rise of fascism and Hitler's influences.,Franklin D. Roosevelt's New Deal and its effects on The Great Depression.
4438,Geography,Medium,Multiple Choice,Which of these Mediterranian islands is under the sovereign rule of France?,Corsica,Majorca,Sardinia,Malta
4439,Sports,Easy,Multiple Choice,Which country hosted the 2018 FIFA World Cup?,Russia,Germany,United States,Saudi Arabia
4440,Entertainment: Comics,Medium,Multiple Choice,The stuffed tiger in Calvin and Hobbes is named after what philosopher?,Thomas Hobbes,David Hobbes,John Hobbes,Nathaniel Hobbes
4441,Entertainment: Video Games,Hard,Multiple Choice,What is the fastest speed possible in Trackmania²: Stadium?,1000  km/h,500 km/h,320 km/h,100 km/h
4442,Science: Computers,Hard,Multiple Choice,Which of the following physical typologies are used with Ethernet Networks?,Star,Ring,Mesh,Hex
4443,Entertainment: Video Games,Hard,Multiple Choice,How many voice channels does the Nintendo Entertainment System support natively?,5,4,6,3
4444,Entertainment: Video Games,Easy,Multiple Choice,What company developed the Xbox line of video game consoles?,Microsoft,Sony,Toshiba,IBM
4445,History,Easy,Multiple Choice,Who rode on horseback to warn the Minutemen that the British were coming during the U.S. Revolutionary War?,Paul Revere,Thomas Paine,Henry Longfellow,Nathan Hale
4446,Science: Gadgets,Medium,Multiple Choice,Which company developed the Hololens?,Microsoft,HTC,Oculus,Tobii
4447,Entertainment: Film,Medium,Multiple Choice,What is the birth name of Michael Caine?,Maurice Micklewhite,Morris Coleman,Carl Myers,Martin Michaels
4448,Entertainment: Film,Medium,Multiple Choice,"Ed Koch, the Mayor of New York in 1984, played himself in which Muppets movie?",The Muppets Take Manhattan,The Great Muppet Caper,The Muppet Christmas Carol,The Muppet Movie
4449,Entertainment: Music,Easy,Multiple Choice,How many strings are there on a cello?,4,5,6,8
4450,General Knowledge,Medium,Multiple Choice,What year was the first Apple iPod introduced?,2001,2000,1999,1998
4451,Entertainment: Video Games,Medium,Multiple Choice,The original Planetside was released in North America on...,"May 20, 2003","June 17, 2001","September 29, 2003","January 14, 2005"
4452,Entertainment: Board Games,Hard,Multiple Choice,Which character class in Dungeons and Dragons 5th edition gains it's powers from making a pact with a being of higher power?,Warlock,Wizard,Sorceror,Cleric
4453,Mythology,Easy,True / False,"In Norse mythology, Thor once dressed as a woman.",True,False,,
4454,History,Medium,Multiple Choice,"In 1845, a series of wars named after which indigenous people began in New Zealand?",Māori,Papuans,Aborigines,Polynesians
4455,Entertainment: Video Games,Medium,Multiple Choice,What was the first .hack game?,.hack//Infection,.hack//Zero,.hack//Sign,.hack//Liminality
4456,Entertainment: Music,Medium,Multiple Choice,Which song is not by TheFatRat?,Ascent,Monody,Windfall,Infinite Power!
4457,Entertainment: Comics,Medium,Multiple Choice,What is Hellboy's true name?,Anung Un Rama,Right Hand of Doom,Ogdru Jahad,Azzael
4458,Entertainment: Video Games,Hard,Multiple Choice,What is the name of the alien species introduced in Shadow the Hedgehog (2005)?,Black Arms,The Swarm,Black Hive,The Eclipse
4459,Sports,Medium,Multiple Choice,Edson Arantes do Nascimento is the full name of which legendary football player?,Pelé,Romário,Zico,Ronaldinho
4460,Sports,Medium,Multiple Choice,Why was The Green Monster at Fenway Park was originally built?,To prevent viewing games from outside the park.,To make getting home runs harder.,To display advertisements.,To provide extra seating.
4461,Geography,Easy,True / False,"Washington, D.C. is considered a US state.",False,True,,
4462,Entertainment: Video Games,Hard,Multiple Choice,What is the name of the main island in PLAYERUNKNOWN'S BATTLEGROUNDS?,Erangel,Marmara,Severny,Lastovo
4463,General Knowledge,Medium,Multiple Choice,What was Mountain Dew's original slogan?,Yahoo! Mountain Dew... It'll tickle your innards!,Give Me A Dew,Do The Dew,Get' that barefoot feelin' drinkin' Mountain Dew
4464,Science: Gadgets,Easy,Multiple Choice,Which of the following is not a type of computer mouse?,Smoothie mouse,Drum mouse,Trackball mouse,Optical mouse
4465,Entertainment: Books,Hard,Multiple Choice,"The novel ""Jane Eyre"" was written by what author? ",Charlotte Brontë,Emily Brontë,Jane Austen,Louisa May Alcott
4466,General Knowledge,Easy,True / False,March 10th is also known as Mar10 Day.,True,False,,
4467,Entertainment: Video Games,Medium,Multiple Choice,"What is the name of the only female ""Original Four"" Kerbal in Kerbal Space Program?",Valentina Kerman,Emiko Kerman,Samantha Kerman,Catmund Kerman
4468,History,Easy,Multiple Choice,A collection of Sanskrit hymns and verses known as the Vedas are sacred texts in what religion?,Hinduism,Judaism,Islam,Buddhism
4469,Entertainment: Video Games,Easy,Multiple Choice,"In Dota 2, Wraith King was previously known as...",Skeleton King,Reaper King,Skull King,Hell King
4470,Geography,Medium,Multiple Choice,How many rivers are in Saudi Arabia?,0,1,2,3
4471,Entertainment: Music,Medium,Multiple Choice,"Which Iron Maiden album did the song ""Dream of Mirrors"" feature in?",Brave New World,Dance of Death,A Matter of Life and Death,Somewhere in Time
4472,Entertainment: Video Games,Medium,Multiple Choice,"Without enchantments, which pickaxe in minecraft mines blocks the quickest.",Golden ,Diamond,Iron,Obsidian
4473,Geography,Easy,Multiple Choice,"Which US state is also known as the ""Lone Star State""?",Texas,Alabama,Tennessee,Kentucky
4474,Entertainment: Video Games,Hard,Multiple Choice,"What is the main theme song of ""Sonic Adventure 2""?",Live and Learn,Open Your Heart,Can You Feel the Sunshine?,His World
4475,General Knowledge,Easy,Multiple Choice,Foie gras is a French delicacy typically made from what part of a duck or goose?,Liver,Heart,Stomach,Intestines
4476,Vehicles,Hard,Multiple Choice,Which of the following Union Pacific 'Big Boy' locomotives was restored to working order in 2019?,4014,4012,4004,4000
4477,Sports,Medium,Multiple Choice,"In 2016, who won the Formula 1 World Constructor's Championship for the third time in a row?",Mercedes-AMG Petronas,Scuderia Ferrari,McLaren Honda,Red Bull Racing Renault
4478,Entertainment: Board Games,Easy,Multiple Choice,How many dots are on a single die?,21,24,15,18
4479,Science & Nature,Easy,Multiple Choice, What is the chemical symbol for Helium?,He,H,Hg,Hs
4480,Science: Gadgets,Easy,Multiple Choice,Which gaming console is developed by Sony?,PlayStation,Xbox,Atari,Nintendo Switch
4481,Geography,Easy,True / False,There are no deserts in Europe.,True,False,,
4482,Science: Mathematics,Medium,Multiple Choice,What is the alphanumeric representation of the imaginary number?,i,e,n,x
4483,Science & Nature,Easy,Multiple Choice,What is the first element on the periodic table?,Hydrogen,Helium,Oxygen,Lithium
4484,Geography,Hard,Multiple Choice,In which country is Tallinn located?,Estonia,Finland,Sweden,Poland
4485,History,Medium,Multiple Choice,Who was Hannibal?,Carthaginian general,British serial killer,French explorer,Greek philosopher
4486,Entertainment: Video Games,Hard,Multiple Choice,"In the original ""Super Mario Bros."", what is the acceleration of Mario if he was in free fall?",91.28 m/s^2,110  m/s^2,9.42  m/s^2,4.4  m/s^2
4487,Entertainment: Video Games,Easy,Multiple Choice,What is the name of the main healing item in Dark Souls?,Estus Flask,Health Potion,Orange Juice,Ashen Flask
4488,Science: Computers,Medium,Multiple Choice,Whistler was the codename of this Microsoft Operating System.,Windows XP,Windows 2000,Windows 7,Windows 95
4489,Entertainment: Video Games,Medium,Multiple Choice,"In ""Call Of Duty: Zombies"", which map introduced the perk ""PhD Flopper""?",Ascension,Moon,Call Of The Dead,Die Rise
4490,Entertainment: Music,Medium,Multiple Choice,"Johnny Cash did a cover of this song written by lead singer of Nine Inch Nails, Trent Reznor.",Hurt,Closer,A Warm Place,Big Man with a Gun
4491,Science: Computers,Medium,Multiple Choice,All of the following programs are classified as raster graphics editors EXCEPT:,Inkscape,Paint.NET,GIMP,Adobe Photoshop
4492,Entertainment: Comics,Medium,Multiple Choice,Which Batman sidekick is the son of Talia al Ghul?,Damian Wayne,Dick Grayson,Tim Drake,Jason Todd
4493,Entertainment: Music,Medium,Multiple Choice,"In which year did ""Caravan Palace"" release their first album?",2008,2000,2015,2004
4494,General Knowledge,Easy,Multiple Choice,Which of the following card games revolves around numbers and basic math?,Uno,Go Fish,Twister,Munchkin
4495,Entertainment: Video Games,Medium,Multiple Choice,"In the game ""Red Dead Redemption"", what is the name of John Marston's dog?",Rufus,Rutus,Finn,Apollo
4496,Entertainment: Video Games,Medium,Multiple Choice,What was the first game ever released that ran on the Source engine?,Counter-Strike: Source,Half-Life 2,Garry's Mod,Team Fortress 2
4497,Entertainment: Cartoon & Animations,Hard,Multiple Choice,"Who voice acted the character Hiccup in the movie ""How to Train Your Dragon""?",Jay Baruchel,Jack Brauchel,John Powell,Gerard Butler
4498,Entertainment: Video Games,Medium,Multiple Choice,What is the main character of Metal Gear Solid 2?,Raiden,Solidus Snake,Big Boss,Venom Snake
4499,Science: Computers,Medium,Multiple Choice,What does RAID stand for?,Redundant Array of Independent Disks,Rapid Access for Indexed Devices,Range of Applications with Identical Designs,Randomized Abstract Identification Description
4500,Entertainment: Music,Medium,Multiple Choice,What was the title of ABBA`s first UK hit single?,Waterloo,Mamma Mia,Fernando,Dancing Queen
4501,Entertainment: Video Games,Hard,Multiple Choice,"In TF2 Lore, what are the names of the Heavy's younger sisters?",Yana and Bronislava,Gaba and Anna,Yanna and Gaba,Anna and Bronislava
4502,Entertainment: Music,Medium,Multiple Choice,Which of these is not a member of the virtual band Gorillaz?,Phi Cypher,Murdoc Niccals,Noodle,Russel Hobbs
4503,Entertainment: Japanese Anime & Manga,Easy,True / False,"The name of the attack ""Kamehameha"" in Dragon Ball Z was named after a famous king of Hawaii.",True,False,,
4504,Entertainment: Cartoon & Animations,Medium,Multiple Choice,"In ""The Amazing World of Gumball"", who is the principal of Elmore Junior High?",Principal Brown,Principal Small,Principal Brawn,Principal Simeon
4505,Entertainment: Video Games,Medium,True / False,"In Half-Life 2, if you play the zombies' speech in reverse, they actually speak coherent English.",True,False,,
4506,Sports,Hard,Multiple Choice,Which year was the third Super Bowl held?,1969,1968,1971,1970
4507,Science & Nature,Easy,Multiple Choice,How many moons does Pluto have?,Five,Two,Three,One
4508,General Knowledge,Easy,Multiple Choice,How many letters are there in the English alphabet?,26,28,23,24
4509,Science: Computers,Easy,Multiple Choice,How long is an IPv6 address?,128 bits,32 bits,64 bits,128 bytes
4510,Animals,Hard,Multiple Choice,Which species of Brown Bear is not extinct?,Syrian Brown Bear,California Grizzly Bear,Atlas Bear,Mexican Grizzly Bear
4511,Science & Nature,Medium,Multiple Choice,All the following metal elements are liquids at or near room temperature EXCEPT:,Beryllium,Gallium,Caesium,Mercury
4512,Entertainment: Music,Medium,Multiple Choice,"Which of these languages was NOT included in the 2016 song ""Don't Mind"" by Kent Jones?",Portuguese,Japanese,French,Spanish
4513,Entertainment: Film,Easy,Multiple Choice,Which of the following actors has only been in a Quentin Tarantino directed film once?,John Travolta,Christoph Waltz,Harvey Keitel,Samuel L. Jackson
4514,Vehicles,Easy,Multiple Choice,What UK Train does NOT go over 125MPH?,Sprinter,Class 43,Javelin,Pendolino
4515,Entertainment: Video Games,Medium,Multiple Choice,"Who is the main character in the video game ""Just Cause 3""?",Rico Rodriguez,Tom Sheldon,Marcus Holloway,Mario Frigo
4516,Entertainment: Cartoon & Animations,Medium,True / False,Night on Bald Mountain was one of the musical pieces featured in Disney's 1940's film Fantasia.,True,False,,
4517,Entertainment: Video Games,Easy,Multiple Choice,"How many times do you fight Gilgamesh in ""Final Fantasy 5""?",6,4,5,3
4518,Entertainment: Video Games,Medium,Multiple Choice,Which was the first video game to be produced by development company Rare?,Slalom,R.C. Pro-Am,Donkey Kong Country,Battletoads
4519,Geography,Hard,True / False,The two largest ethnic groups of Belgium are Flemish and Walloon. ,True,False,,
4520,History,Medium,Multiple Choice,Which U.S. President was famously 'attacked' by a swimming rabbit?,Jimmy Carter,Ronald Reagan,Lydon B. Johnson,Gerald Ford
4521,Entertainment: Television,Hard,Multiple Choice,What was the name of the inflatable duck sacrified to the crowd at the end of Episode 34 of the 18th season of Big Brother?,Pablo,Esteban,Carlos,Duckster
4522,Entertainment: Board Games,Medium,Multiple Choice,Which of the following characters is not in the board game Clue?,Mister Indigo,Colonel Mustard,Reverend Green,Miss Scarlet
4523,Science & Nature,Hard,Multiple Choice,"What is the scientific name for the extinct hominin known as ""Lucy""?",Australopithecus Afarensis,Australopithecus Africanus,Australopithecus Architeuthis,Australopithecus Antaris
4524,Politics,Easy,Multiple Choice,Which of the following Pacific Islander countries is ruled by a constitutional monarchy?,Tonga,Palau,Fiji,Kiribati
4525,Entertainment: Japanese Anime & Manga,Hard,Multiple Choice,"Which song was the callsign for Stefan Verdemann's KWFM radio station in Urasawa Naoki's ""Monster""?",Over the Rainbow,What a Wonderful World,When You Wish Upon A Star,Singing In The Rain
4526,Entertainment: Video Games,Hard,Multiple Choice,"In the Kingdom Hearts series, which is not an optional boss you can fight?",Master Yen Sid,Sephiroth,Julius,Kurt Zisa
4527,Entertainment: Video Games,Medium,Multiple Choice,"From the Meme Culture, which Mario game immerged ""Weegee""?",Mario is Missing! MS-DOS Version ,Mario is Missing! SNES Version,Mario is Missing! NES Version,Mario is Missing! MSX Version
4528,General Knowledge,Medium,Multiple Choice,Which of the following is NOT one of Aesop's fables?,The Fox and the Hound,The Fox and the Grapes,The Tortoise and the Hare,The Frog and the Ox
4529,Entertainment: Video Games,Medium,Multiple Choice,Who is the main villain of Kirby's Return to Dreamland?,Magolor,Landia,King Dedede,Queen Sectonia 
4530,Entertainment: Video Games,Easy,Multiple Choice,Which of these is a type of monster found in Minecraft?,Skeleton,Werewolf,Vampire,Minotaur
4531,Entertainment: Music,Medium,Multiple Choice,"Which of these is NOT a song on The Beatles' 1968 self titled album, also known as the White album?",Being For The Benefit Of Mr. Kite!,Why Don't We Do It in the Road?,Everybody's Got Something to Hide Except Me and My Monkey,The Continuing Story of Bungalow Bill
4532,Science: Mathematics,Hard,Multiple Choice,How many Millibars (mbar) to 1 Inch of Mercury (inHg),33.9,30.0,27.4,10.6
4533,Entertainment: Video Games,Medium,Multiple Choice,"In The Elder Scrolls V: Skyrim, who is the jester in the dark brotherhood?",Cicero,Lucien Lachance,Archimedes,Astrid
4534,Geography,Easy,Multiple Choice,What is the smallest country in the world?,Vatican City,Maldives,Monaco,Malta
4535,Entertainment: Television,Hard,Multiple Choice,"Which of these voices wasn't a choice for the House AI in ""The Simpsons Treehouse of Horror"" short, House of Whacks?",George Clooney,Matthew Perry,Dennis Miller,Pierce Brosnan
4536,Sports,Hard,Multiple Choice,With which doubles partner did John McEnroe have most success?,Peter Fleming,Mark Woodforde,Michael Stich,Mary Carillo
4537,Entertainment: Video Games,Easy,Multiple Choice,"Who created the 2011 Video Game ""Minecraft""?",Markus Persson,Jens Bergensten,Daniel Rosenfeld,Carl Manneh
4538,Art,Easy,Multiple Choice,Who painted the Mona Lisa?,Leonardo da Vinci ,Pablo Picasso, Vincent van Gogh,Michelangelo
4539,Entertainment: Television,Medium,Multiple Choice,Which actor was not a major character in TV Show Freaks and Geeks?,Jonah Hill,Jason Segel,Seth Rogen,James Franco
4540,Entertainment: Video Games,Medium,Multiple Choice,What song is played during the ending credits of Guitar Hero: World Tour?,Dream Theater - Pull Me Under,King Crimson - 21st Century Schizoid Man,Dragonforce - Through The Fire & The Flames,Lynyrd Skynyrd - Free Bird
4541,Entertainment: Music,Easy,Multiple Choice,"What 1970's American ballad referred to the 1959 plane crash as the ""the day the music died""?",American Pie,Kentucky Rain,I Will Always Love You,Rock 'n' Roll Suicide
4542,History,Easy,True / False,The French Kingdom helped the United States gain their independence over Great Britain during the Revolutionary War.,True,False,,
4543,Entertainment: Cartoon & Animations,Easy,Multiple Choice,"In South Park, what is Stan's surname?",Marsh,Stotch,Broflovski,Tweak
4544,Entertainment: Film,Medium,Multiple Choice,"In the 2010 Nightmare on Elm Street reboot, who played Freddy Kruger?",Jackie Earle Haley,Tyler Mane,Derek Mears,Gunnar Hansen
4545,Geography,Easy,Multiple Choice,The longest shared border in the world can be found between which two nations?,Canada and the United States,Chile and Argentina,Russia and China,India and Pakistan
4546,Entertainment: Video Games,Easy,Multiple Choice,Who stars in Brutal Legend?,Jack Black,Kanye West,Lemmy,Ozzy Osbourne
4547,Entertainment: Music,Medium,True / False,Metallica collaborated with Rowan Atkinson's Mr Bean on a 1992 comic relief single.,False,True,,
4548,Entertainment: Video Games,Easy,Multiple Choice,Who is the leader of Team Instinct in Pokémon Go?,Spark,Candela,Blanche,Willow
4549,Mythology,Hard,Multiple Choice,"In Greek Mythology, who was the daughter of King Minos?",Ariadne,Athena,Ariel,Alana
4550,Entertainment: Video Games,Medium,Multiple Choice,"Which town was Seamus ""Sledge"" Cowden from ""Tom Clancy's Rainbow Six Siege"" born in?",John O'Groats,Brawl,Kearvaig,Talmine
4551,Entertainment: Video Games,Easy,True / False,"In Sonic the Hedgehog universe, Tails' real name is Miles Prower.",True,False,,
4552,Entertainment: Television,Easy,Multiple Choice,"What is the name of the main character in ""The Flash"" TV series?",Barry Allen,Oliver Queen,Bart Allen,Bruce Wayne
4553,Sports,Hard,Multiple Choice,Which English football team is nicknamed 'The Tigers'?,Hull City,Cardiff City,Bristol City,Manchester City
4554,Geography,Easy,Multiple Choice,What is the nickname for the US state Delaware?,The First State,The Fiftieth State,The Second State,The Sixteenth State
4555,Science: Computers,Medium,Multiple Choice,"In programming, what do you call functions with the same name but different implementations?",Overloading,Overriding,Abstracting,Inheriting
4556,History,Medium,True / False,Abraham Lincoln was the first U.S. President to be born outside the borders of the thirteen original states. ,True,False,,
4557,General Knowledge,Easy,Multiple Choice,The Hyundai Motor Company was founded in which country?,South Korea,Russia,Japan,China
4558,Entertainment: Music,Medium,Multiple Choice,"How many copies have Metallica album ""Metallica"" (A.K.A The Black Album) sold worldwide (in Millions of Copies)?",20.5,19.5,22.5,25.5
4559,Entertainment: Video Games,Medium,Multiple Choice,What was the first Game released using the Build Engine?,Witchaven,DOOM,Duke Nukem 3D,William Shatner's Tekwar
4560,Entertainment: Television,Hard,Multiple Choice,"Which race enjoys a glass of warm baghol in ""Star Trek""?",Klingon,Vulcan,Human,Botha
4561,History,Medium,Multiple Choice,The catastrophic nuclear accident that occurred in Ukraine in 1986 occurred at which power plant?,Chernobyl,Ignalina,Mayak,Kursk
4562,Entertainment: Video Games,Hard,True / False,"In ""The Sims"" series, the most members in a household you can have is 8.",True,False,,
4563,Entertainment: Video Games,Medium,Multiple Choice,What is the name of the final boss in Turok: Dinosaur Hunter?,The Campaigner,The Primagen,Oblivion,Lord Tyrannus
4564,History,Hard,Multiple Choice,The first Legoland park was opened in 1968 in which of these cities?,"Billund, Denmark","Carlsbad, California","Winter Haven, Florida","Nagoya, Japan"
4565,Geography,Easy,Multiple Choice,The Space Needle is located in which city?,Seattle,Los Angles,Toronto,Vancouver
4566,Entertainment: Video Games,Medium,Multiple Choice,"In Need For Speed Most Wanted (2005), what do you drive at the beginning of the career mode?",BMW M3 GTR,Porsche 911 Turbo,Nissan 240SX,Ford Mustang
4567,Geography,Easy,Multiple Choice,Which of the following languages does NOT use the Latin alphabet?,Georgian,Turkish,Swahili,Vietnamese
4568,History,Easy,Multiple Choice,Which of these landmarks is not included in the original 'Seven Wonders of the Ancient World'?,Great Wall of China,Great Pyramid of Giza,Colossus of Rhodes,Hanging Gardens of Babylon
4569,Entertainment: Books,Easy,Multiple Choice,"Who wrote the young adult novel ""The Fault in Our Stars""?",John Green,Stephenie Meyer,Suzanne Collins,Stephen Chbosky
4570,Entertainment: Video Games,Medium,True / False,"As of February 2019, the ""Donkey Kong Country"" series only had released five games (not counting remakes or ports).",True,False,,
4571,Entertainment: Video Games,Medium,Multiple Choice,Which team won the first Overwatch League championship?,London Spitfire,Philadelphia Fusion,New York Excelsior,Seoul Dynasty
4572,Politics,Hard,Multiple Choice,Which of these was an official candidate in the 2017 British General Election?,Lord Buckethead,James Francis,Robert Wimbledon,Sir Crumpetsby
4573,Geography,Easy,Multiple Choice,What is the capital of Finland?,Helsinki,Jabraltar,Macedonia,Oslo
4574,Entertainment: Video Games,Medium,Multiple Choice,"""Rollercoaster Tycoon"" was programmed mostly entirely in...",x86 Assembly,C++,C,ALGOL
4575,Sports,Medium,Multiple Choice,What was Sir Donald Bradman's batting average in test matches?,99.94,100,69.51,44.78
4576,History,Easy,True / False,Adolf Hitler was tried at the Nuremberg trials.,False,True,,
4577,History,Hard,Multiple Choice,What was the real name of the Albanian national leader Skanderbeg?,Gjergj Kastrioti,Diturak Zhulati,Iskander Bejko,Mirash Krasniki
4578,Entertainment: Music,Medium,True / False,"Pink Floyd's 1973 album ""Animals"" features a photograph of Battersea Power Station.",True,False,,
4579,Entertainment: Video Games,Easy,Multiple Choice,"Blinky, Pinky, Inky and Clyde are characters from which classic video game?",Pac-Man,Gauntlet,Space Invaders,Street Fighter
4580,Art,Medium,True / False,Vincent van Gogh cut off one of his ears.,True,False,,
4581,Entertainment: Music,Medium,Multiple Choice,Which song previously recorded by Elvis Presley was covered by UB40 with a reggae beat?,Can't Help Falling in Love,Jailhouse Rock,In the Ghetto,Wooden Heart
4582,Entertainment: Television,Medium,Multiple Choice,"What was the name of Ross' pet monkey on ""Friends""?",Marcel,Jojo,George,Champ
4583,Mythology,Medium,Multiple Choice,This Greek mythological figure is the god/goddess of battle strategy (among other things).,Athena,Ares,Artemis,Apollo
4584,Entertainment: Music,Easy,Multiple Choice,Which Nirvana album had a naked baby on the cover?,Nevermind,Bleach,In Utero,Incesticide
4585,Geography,Medium,Multiple Choice,Which of these countries is not a United Nations member state?,Niue,Tuvalu,South Sudan,Montenegro
4586,Science & Nature,Medium,Multiple Choice,What term is best associated with Sigmund Freud?,Psychoanalysis,Cognitive-Behavioral Therapy,Theory of Gravity,Dialectical Behavior Therapy
4587,Vehicles,Medium,Multiple Choice,"The British Rail Class 700, Class 707 and the Class 717 are part of what train family?",Desiro City,Networker,Aventra,Electrostar
4588,Sports,Hard,Multiple Choice,The Mazda 787B won the 24 Hours of Le Mans in what year?,1991,1990,2000,1987
4589,Entertainment: Video Games,Easy,True / False,The Kerbol System (from Kerbal Space Program) includes a Saturn analogue.,False,True,,
4590,Animals,Medium,Multiple Choice,About how much of their body weight in food do sea otters eat every day?,25%,10%,80%,45%
4591,History,Hard,Multiple Choice,"What did the abbreviation ""RMS"" stand for in the RMS Titanic in 1912?",Royal Mail Ship,Royal Majesty Service,Regular Maritime Schedule ,Regulated Maelstrom Sensor
4592,Entertainment: Video Games,Easy,Multiple Choice,What is the name of the playable character in the 2018 video game Deltarune: Chapter 1?,Kris,Frisk,Chara,Gaster
4593,Entertainment: Film,Medium,Multiple Choice,Which movie sequel had improved box office results compared to its original film?,Toy Story 2,Sin City: A Dame to Kill For,Speed 2: Cruise Control,Son of the Mask
4594,Geography,Hard,Multiple Choice,Which of these is an official currency of the Cook Islands?,New Zealand Dollar,United States Dollar,British Pound,Australian Dollar
4595,Entertainment: Video Games,Easy,Multiple Choice,"Which ""Call Of Duty: Zombies"" map introduced the ""Staffs Of The Ancients""?",Origins,Shangri-La,Revelations,Nuketown
4596,Entertainment: Television,Easy,Multiple Choice,Who won the 10th season of Big Brother in the United States?,Dan Gheesling,Adam Jasinski,Hayden Moss,Dick Donato
4597,Entertainment: Film,Medium,True / False,"There aren't any live-action clones in ""Star Wars: Episode III - Revenge of the Sith"".",True,False,,
4598,General Knowledge,Easy,Multiple Choice,What is the name of the poker hand containing three of a kind and a pair?,Full House,Flush,Straight,High card
4599,General Knowledge,Hard,Multiple Choice,Which of the following is not another name for the eggplant?,Potimarron,Brinjal,Guinea Squash,Melongene
4600,Entertainment: Video Games,Easy,Multiple Choice,"In the video game ""Team Fortress 2"", which class is able to double jump?",Scout,Spy,Engineer,Pyro
4601,Geography,Medium,Multiple Choice,What tiny principality lies between Spain and France?,Andorra,Liechtenstein,Monaco,San Marino
4602,Entertainment: Video Games,Medium,Multiple Choice,What numbers did Sayaka Maizono write on the wall in Dangan Ronpa Trigger Happy Havoc?,11037,"4, 8, 15, 16, 23, 42",55730,"3, 9, 11, 12, 15, 17,"
4603,Entertainment: Film,Easy,Multiple Choice,Which of the following movies was not based on a novel by Stephen King? ,The Thing,Carrie,Misery,The Green Mile
4604,Entertainment: Japanese Anime & Manga,Medium,Multiple Choice,"What was the reason for the banning of episode 35 of the ""Pokémon Original Series"" Anime?",Gun Usage,Flashing Images,Jynx,Strong Violence
4605,History,Easy,Multiple Choice,What is widely considered to be the oldest civilization known to mankind?,Sumeria,Babylon,Assyria,Phoenicia
4606,Entertainment: Television,Easy,Multiple Choice,"When Donkey Kong died in the ""Donkey Kong Country"" episode ""It's a Wonderful Life"", who was his guardian angel?",Eddie the Mean Old Yeti,Kiddy Kong,Diddy Kong,King K. Rool
4607,Vehicles,Medium,Multiple Choice,"What part of an automobile engine uses lobes to open and close intake and exhaust valves, and allows an air/fuel mixture into the engine?",Camshaft,Piston,Drive shaft,Crankshaft
4608,Entertainment: Television,Easy,Multiple Choice,What was the name of the the first episode of Doctor Who to air in 1963?,An Unearthly Child,The Daleks,The Aztecs,The Edge of Destruction
4609,Entertainment: Music,Medium,Multiple Choice,Which one of these Pink Floyd albums were also a movie?,The Wall,The Dark Side of the Moon,Wish You Were Here,Animals
4610,Science: Computers,Easy,Multiple Choice,What does the Prt Sc button do?,Captures what's on the screen and copies it to your clipboard,Nothing,Saves a .png file of what's on the screen in your screenshots folder in photos,Closes all windows
4611,History,Medium,Multiple Choice,How old was the famous King Tutankhamen (Tut) when he died?,19,21,15,30
4612,Entertainment: Video Games,Medium,Multiple Choice,"What is the name of the first boss the player encounters in the 2017 game, ""Little Nightmares""?",The Janitor,The Warden,The Caretaker,The Overseer
4613,Entertainment: Video Games,Medium,Multiple Choice,How many normal endings are there in Cry Of Fear's campaign mode?,4,5,3,6
4614,General Knowledge,Medium,Multiple Choice,This field is sometimes known as “The Dismal Science.”,Economics,Philosophy,Politics,Physics
4615,Entertainment: Music,Easy,Multiple Choice,"Which Daft Punk album is the song ""Harder, Better, Faster, Stronger"" from?",Discovery,Homework,Random Access Memories,Human After All
4616,Entertainment: Video Games,Easy,Multiple Choice,"When was the top-down online RPG ""Space Station 13"" released?",2003,2000,2010,2006
4617,Entertainment: Video Games,Easy,Multiple Choice,"In what year was ""Antichamber"" released?",2013,2012,2014,2011
4618,History,Hard,Multiple Choice,When was the SS or Schutzstaffel established?,"April 4th, 1925","September 1st, 1941","March 8th, 1935","February 21st, 1926"
4619,History,Easy,Multiple Choice,What war did George Orwell famously volunteer for and nearly died in?,Spanish Civil War,World War I,World War II,Russian Civil War
4620,Entertainment: Film,Hard,Multiple Choice,"In the 1976 film 'Taxi Driver', how many guns did Travis buy from the salesman?",4,2,6,1
4621,Entertainment: Video Games,Easy,True / False,"The names of Tom Nook's cousins in the Animal Crossing franchise are named ""Timmy"" and ""Jimmy"".",False,True,,
4622,Entertainment: Music,Medium,Multiple Choice,Who is the lead singer of Silverchair?,Daniel Johns,Ben Gillies,Chris Joannou,George Costanza
4623,Entertainment: Film,Easy,True / False,Matt Damon played an astronaut stranded on an extraterrestrial planet in both of the movies Interstellar and The Martian.,True,False,,
4624,Entertainment: Video Games,Medium,Multiple Choice,"Which puzzle game was designed by a Russian programmer, featuring Russian buildings and music?",Tetris,Jenga,Boulder Dash,Puzzled
4625,Entertainment: Film,Easy,True / False,"The movie ""The Nightmare before Christmas"" was all done with physical objects.",True,False,,
4626,Science & Nature,Hard,Multiple Choice,What is the standard SI unit for luminous intensity?,Candela,Lumen,Faraday,Coulomb
4627,Science: Computers,Medium,Multiple Choice,Which of the following languages is used as a scripting language in the Unity 3D game engine?,C#,Java,C++,Objective-C
4628,Science & Nature,Medium,Multiple Choice,Which continent do sweet potatoes originally come from?,South America,Asia,Africa,Europe
4629,Entertainment: Film,Hard,Multiple Choice,"What is the name of the assassin in the first ""Hellboy"" movie?",Karl Ruprecht Kroenen,Klaus Werner von Krupt,Grigori Efimovich Rasputin,Ilsa Haupstein
4630,Entertainment: Video Games,Easy,True / False,Niko Bellic is the protagonist of Grand Theft Auto IV.,True,False,,
4631,Entertainment: Video Games,Easy,Multiple Choice,Which of the following games has the largest map size?,Just Cause 2,Grand Theft Auto 5,The Elder Scrolls 4:  Oblivion,The Witcher 3:  Wild Hunt
4632,General Knowledge,Easy,True / False,Nutella is produced by the German company Ferrero.,False,True,,
4633,Entertainment: Comics,Medium,Multiple Choice,"What is the real name of the ""Master Of Magnetism"" Magneto?",Max Eisenhardt,Charles Xavier,Pietro Maximoff,Johann Schmidt
4634,Geography,Hard,Multiple Choice,What is special about Lake Titicaca?,Highest navigable lake,Longest lake in the world,Deepest lake in the world,Remains frozen all year round
4635,Entertainment: Video Games,Easy,Multiple Choice,"In which mall does ""Dead Rising"" take place?",Willamette Parkview Mall,Liberty Mall,Twin Pines Mall,Central Square Shopping Center
4636,Animals,Easy,True / False,The Killer Whale is considered a type of dolphin.,True,False,,
4637,Entertainment: Television,Easy,True / False,"In the Season 1 SpongeBob Squarepants episode, ""Help Wanted,"" the song ""Living in the Sunlight"" by Tiny Tim can be heard.",True,False,,
4638,History,Hard,Multiple Choice,What was found in 1946 by two young shepards near a cave?,Dead Sea Scrolls,The Blackbeard Chest,Sheep,The First Oaxaca Cave Sleeper
4639,Entertainment: Music,Easy,Multiple Choice,"Which group performs the song ""Crash into Me""?",Dave Matthews Band,Phish,The Grateful Dead,Destiny's Child
4640,History,Easy,Multiple Choice,When is the Ides of March?,March 15,March 14,March 31,March 1
4641,Entertainment: Television,Easy,Multiple Choice,What was the name of the teenage witch played by Melisa Joan Hart who lives with her witch aunts Hilda and Zelda?,Sabrina,Hermione,Dorothy,Dahlia
4642,Entertainment: Music,Medium,Multiple Choice,What was The Velvet Underground's first album called?,The Velvet Underground & Nico,Loaded,The Velvet Underground,White Light / White Heat
4643,Entertainment: Music,Hard,Multiple Choice,Which Death Grips album is the only one to feature a band member?,No Love Deep Web,Bottomless Pit,The Money Store,The Powers That B
4644,Entertainment: Video Games,Medium,True / False,"In the game ""Subnautica"", a ""Cave Crawler"" will attack you.",True,False,,
4645,Entertainment: Film,Easy,Multiple Choice,Who played Thanos in Avengers: Infinity War and Avengers: End Game?,Josh Brolin,Tom Hiddleston,Adam Sandler,Sean Gunn
4646,Geography,Easy,True / False,Tokyo is the capital of Japan.,True,False,,
4647,History,Easy,Multiple Choice,Which German field marshal was known as the `Desert Fox`?,Erwin Rommel,Ernst Busch,Wolfram Freiherr von Richthofen,Wilhelm List
4648,Entertainment: Music,Medium,Multiple Choice,In which city did American rap producer DJ Khaled originate from?,Miami,New York,Detroit,Atlanta
4649,Entertainment: Japanese Anime & Manga,Easy,Multiple Choice,"In the anime Black Butler, who is betrothed to be married to Ciel Phantomhive?",Elizabeth Midford,Rachel Phantomhive,Alexis Leon Midford,Angelina Dalles
4650,Geography,Hard,Multiple Choice,In what part of Wales will you find the village Llanfairpwllgwyngyllgogerychwyrndrobwllllantysiliogogogoch?,Anglesey,Pembrokeshire,Wrexham,Bridgend
4651,Entertainment: Film,Easy,Multiple Choice,"Who directed the movies ""Pulp Fiction"", ""Reservoir Dogs"" and ""Django Unchained""?",Quentin Tarantino,Martin Scorcese,Steven Spielberg,James Cameron
4652,Entertainment: Comics,Hard,Multiple Choice,Which pulp hero made appearances in Hellboy and BPRD comics before getting his own spin-off?,Lobster Johnson,Roger the Homunculus,The Spider,The Wendigo
4653,Entertainment: Cartoon & Animations,Medium,Multiple Choice,"What is the name of the Alligator that The Simpsons ""killed"" in the episode ""Kill The Alligator and Run""?",Captain Jack,Captain Jake,Captain Hector,Captain Flynn
4654,History,Hard,Multiple Choice,When did Canada leave the confederation to become their own nation?,"July 1st, 1867","July 1st, 1763","July 1st, 1832","July 1st, 1902"
4655,Geography,Easy,Multiple Choice,How many federal states does Germany have?,16,13,32,25
4656,Entertainment: Japanese Anime & Manga,Medium,Multiple Choice,Which character in Touhou is able to control dolls?,Alice Margatroid,Marisa Kirisame,Clownpiece,Flandre Scarlet
4657,Science: Gadgets,Hard,Multiple Choice,Which round does a WW2 M1 Garand fire?,.30-06,.308,7.62,7.62x51mm
4658,Entertainment: Board Games,Medium,Multiple Choice,What happens when you roll 3 doubles in a row in Monopoly?,Go to jail,Get paid $200,Pay $200,Move to Free Parking
4659,Science & Nature,Medium,Multiple Choice,"An organism described as ""heliotropic"" has a tendancy to move towards which of these things?",Light,Water,Trees,Pollen
4660,Entertainment: Film,Easy,Multiple Choice,"""The first rule is: you don't talk about it"" is a reference to which movie?",Fight Club,The Island,Unthinkable,American Pie
4661,Entertainment: Video Games,Medium,Multiple Choice,Which actor provided the voice for the main character's father in Fallout 3?,Liam Neeson,Kiefer Sutherland,Brendan Gleeson,Robbie Coltrane
4662,Entertainment: Film,Easy,Multiple Choice,"Who directed ""E.T. the Extra-Terrestrial"" (1982)?",Steven Spielberg,Stanley Kubrick,James Cameron,Tim Burton
4663,Entertainment: Video Games,Easy,Multiple Choice,"In ""World of Warcraft,"" which of the following can be found outside of every instanced dungeon?",A Meeting Stone,A Summoning Stone,A Gathering Stone,A Hearthstone
4664,General Knowledge,Easy,Multiple Choice,What organ of the body produces bile?,Liver,Gallbladder,Pancreas,Stomach
4665,Science: Computers,Easy,Multiple Choice,The Windows OS was delevoped by which company?,Microsoft,Apple,Nokia,IBM
4666,History,Hard,Multiple Choice,What was the name of the spy ring that helped the United States win the Revolutionary War?,Culper Ring,New York Spy Ring,Washington's Spies,Unnamed
4667,Entertainment: Video Games,Medium,Multiple Choice,Who is the main character in most of the games of the YS series?,Adol Christin ,Character doesn't have a name,Estelle Bright,Roger Wilco
4668,Entertainment: Cartoon & Animations,Easy,True / False,"Bill Cipher in the show ""Gravity Falls"" is the good guy.",False,True,,
4669,Entertainment: Video Games,Easy,Multiple Choice,"In ""Call Of Duty: Zombies"", what is the name of the machine that upgrades weapons?",Pack-A-Punch,Wunderfizz,Gersch Device,Mule Kick
4670,General Knowledge,Medium,True / False,You are allowed to sell your soul on eBay.,False,True,,
4671,Entertainment: Video Games,Hard,Multiple Choice,"How long was the World Record Speed Run of Valve Software's ""Half-Life"" that was done in 2014.","20 Minutes, 41 Seconds","45 Minutes, 32 Seconds","5 Minutes, 50 Seconds","12 Minutes, 59 Seconds"
4672,Science & Nature,Medium,True / False,Hippopotomonstrosesquippedaliophobia is the irrational fear of long words.,True,False,,
4673,General Knowledge,Medium,Multiple Choice,Which mountain has the highest peak in Australia?,"Mount Kosciuszko, New South Wales","Mount Ossa, Tasmania","Mount Bartle Frere, Queensland","Mount Zeil, Northern Territory"
4674,Science & Nature,Medium,Multiple Choice,Which of the following is the male pollen-producing reproductive part of a flower?,Stamen,Sepal,Pistil,Petal
4675,Entertainment: Music,Hard,Multiple Choice,What song originally performed by The Bee Gees in 1978 had a cover version by Steps 20 years later?,Tragedy,Night Fever,Stayin' Alive,You Should Be Dancing
4676,Entertainment: Cartoon & Animations,Hard,Multiple Choice,"Townsend Coleman provided the voice for which turtle in the original 1987 series of ""Teenage Mutant Ninja Turtles""?",Michelangelo,Leonardo,Donatello,Raphael
4677,Entertainment: Video Games,Easy,Multiple Choice,Which Super Mario video game when they introduce Bowser Jr. for the first time?,Super Mario Sunshine,Mario Party series,Super Mario Galaxy,Mario & Luigi: Bowser's Inside Story + Bowser Jr.'s Journey
4678,Entertainment: Video Games,Medium,Multiple Choice,"What's the famous line Vaas says in ""Far Cry 3""?",Did I ever tell you the definition of Insanity?,Have I failed to entertain you?,You're my b*tch!,Maybe your best course...would be to tread lightly.
4679,Geography,Easy,Multiple Choice,What is the name of the ocean that Hawaii is located in?,Pacific,Atlantic,Indian,Arctic
4680,Science: Computers,Medium,Multiple Choice,How many cores does the Intel i7-6950X have?,10,12,8,4
4681,Entertainment: Film,Medium,Multiple Choice,What is the name of the robot in the 1951 science fiction film classic 'The Day the Earth Stood Still'?,Gort,Robby,Colossus,Box
4682,Politics,Hard,Multiple Choice,What is centralism?, Concentration of power and authority in a central organization.,Conforming to one single common political agenda.,Remaining politically neutral.,The grey area in the spectrum of political left and right.
4683,Entertainment: Video Games,Hard,Multiple Choice,"In the ""Call Of Duty: Zombies"" map ""Origins"", where is ""Stamin-Up"" located?",Generator 5,Generator 3,Generator 4,Excavation Site
4684,Entertainment: Music,Medium,Multiple Choice,"With his distinctive red hair, which Italian composer, born in 1678, was known as the 'Red Priest'?",Vivaldi,Puccini,Verdi,Monteverdi
4685,Entertainment: Video Games,Easy,True / False,Rollercoaster Tycoon 1 and 2 were developed by Chris Sawyer.,True,False,,
4686,Art,Easy,True / False,Leonardo da Vinci was not the creator of the Mona Lisa.,False,True,,
4687,Geography,Medium,Multiple Choice,How many independent countries are there within the continent of South America?,12,8,9,10
4688,Entertainment: Film,Hard,Multiple Choice,"In the movie ""Scream"" who is Ghost Face?",Billy Loomis and Stu Macher,Dewey Riley,Sidney Prescott,Archie Prescott and Philip Marv
4689,Animals,Medium,True / False,Finnish Lapphund dogs were used for herding reindeer.,True,False,,
4690,Entertainment: Japanese Anime & Manga,Medium,Multiple Choice,"Who voices ""Shou Suzuki"" in the English dub of ""Mob Psycho 100""?",Casey Mongillo,Ben Diskin,Chris Niosi,David Naughton
4691,History,Medium,Multiple Choice,What year did Australia become a federation?,1901,1910,1899,1911
4692,History,Easy,Multiple Choice,The idea of Socialism was articulated and advanced by whom?,Karl Marx,Vladimir Lenin,Joseph Stalin,Vladimir Putin
4693,Entertainment: Cartoon & Animations,Medium,Multiple Choice,How many episodes were in season five of Samurai Jack?,10,12,11,13
4694,General Knowledge,Easy,Multiple Choice,What is the shape of the toy invented by Hungarian professor Ernő Rubik?,Cube,Sphere,Cylinder,Pyramid
4695,Entertainment: Film,Medium,Multiple Choice,Which of the following movies was not based on a book?,Citizen Kane,The Godfather,Forrest Gump,Jurassic Park
4696,Entertainment: Video Games,Medium,Multiple Choice,"In ""Kingdom Hearts"", what is the name of Sora's home world?",Destiny Islands,Agrabah,Land of Departure,Disney Town
4697,Science: Mathematics,Easy,Multiple Choice,What is the equation for the area of a sphere?,(4/3)πr^3,4πr^2,(1/3)πhr^2,πr^4
4698,Celebrities,Medium,Multiple Choice,What was the name of Marilyn Monroe's first husband?,James Dougherty,Joe Dimaggio,Kirk Douglas,Arthur Miller
4699,Entertainment: Video Games,Easy,Multiple Choice,Which of the following is NOT a Nintendo game console?,Dreamcast,SNES,Wii,Switch
4700,Sports,Medium,True / False,Skateboarding was included in the 2020 Summer Olympics in Tokyo.,True,False,,
4701,History,Hard,Multiple Choice,"In addition to his career as an astrologer and ""prophet"", Nostradamus published a 1555 treatise that included a section on what?",Making jams and jellies,Teaching parrots to talk,Cheating at card games,Digging graves
4702,General Knowledge,Hard,True / False,"Stagecoach owned ""South West Trains"" before losing the rights to FirstGroup and MTR in March of 2017.",True,False,,
4703,Entertainment: Television,Easy,Multiple Choice,"What TV show featured older women named Blanche, Rose, Dorothy and Sophia?",The Golden Girls,Cheers,The Wonder Years,Family Ties
4704,History,Medium,True / False,Brezhnev was the 5th leader of the USSR.,True,False,,
4705,Entertainment: Music,Medium,Multiple Choice,"What date is referenced in the 1971 song ""September"" by Earth, Wind & Fire?",21st of September,26th of September,23rd of September,24th of September
4706,Entertainment: Comics,Medium,Multiple Choice,"In Bionicle, who was formerly a Av-Matoran and is now the Toa of Light?",Takua,Jaller,Vakama,Tahu
4707,Science & Nature,Medium,True / False,"If you dip a dry towel into a tub full of water, water will climb up the towel by a phenomenon called ""Cartillary Action""",False,True,,
4708,Entertainment: Video Games,Hard,Multiple Choice,In which video game did Michael Fassbender star?,Fable 3,Call of Duty: Modern Warfare,Assassin's Creed 3,Red Dead Redemption
4709,Science & Nature,Medium,Multiple Choice,Who made the discovery of X-rays?,Wilhelm Conrad Röntgen,Thomas Alva Edison,James Watt,Albert Einstein
4710,Science & Nature,Medium,Multiple Choice,The medical condition osteoporosis affects which part of the body?,Bones,Skin,Brain,Heart
4711,Sports,Hard,Multiple Choice,Who is Manchester United's leading appearance maker?,Ryan Giggs,David Beckham,Wayne Rooney,Eric Cantona
4712,Entertainment: Music,Medium,Multiple Choice,"Which band, with Boy George on lead vocals, won the Brit Awards in 1984?",Culture Club	,Eurythmics,UB40,The Police
4713,History,Hard,True / False,The fourth funnel of the RMS Titanic was fake designed to make the ship look more powerful and symmetrical.,True,False,,
4714,Geography,Hard,Multiple Choice,"What national museum will you find in Cooperstown, New York?",National Baseball Hall of Fame,Metropolitan Museum of Art,National Toy Hall of Fame,Museum of Modern Art
4715,Entertainment: Video Games,Medium,True / False,The character that would eventually become Dr. Eggman was considered for the role of Sega's new flagship mascot before Sonic was.,True,False,,
4716,Entertainment: Japanese Anime & Manga,Medium,Multiple Choice,"The character Plum from ""No Game No Life"" is of what race?",Dhampir,Flügel,Imanity,Seiren
4717,History,Hard,Multiple Choice,What age was King Henry V when he died?,35,62,87,73
4718,Entertainment: Video Games,Easy,True / False,Pac-Man was invented by the designer Toru Iwatani while he was eating pizza.,True,False,,
4719,Entertainment: Video Games,Medium,True / False,"In Riot Games ""League of Legends"" the name of Halloween event is called ""The Reckoning"".",False,True,,
4720,Entertainment: Video Games,Medium,Multiple Choice,"Who is the main protagonist of ""Ace Combat Zero: The Belkan War""?",Cipher,Mobius 1,Blaze,Pixy
4721,Entertainment: Cartoon & Animations,Hard,Multiple Choice,"Benny, Brain, Fancy-Fancy, Spook and Choo-Choo were known associates of what Hanna Barbera cartoon character?",Top Cat,Yogi Bear,Snagglepuss,Scooby-Doo
4722,Entertainment: Video Games,Medium,Multiple Choice,Which company developed and published Game Dev Tycoon?,Greenheart Games,Greenland Games,The Tycoonists,MomCorp
4723,Entertainment: Video Games,Easy,True / False,"The song ""Megalovania"" by Toby Fox made its third appearence in the 2015 RPG ""Undertale"".",True,False,,
4724,Entertainment: Video Games,Medium,True / False,"""Metal Gear Solid 3: Snake Eater"" takes place on Shadow Moses Island.",False,True,,
4725,Entertainment: Television,Medium,True / False,"In ""Star Trek"", Klingons respect William Shakespeare, they even suspect him having a Klingon lineage.",True,False,,
4726,Entertainment: Books,Easy,Multiple Choice,What is the name of the protagonist of J.D. Salinger's novel Catcher in the Rye?,Holden Caulfield,Fletcher Christian,Jay Gatsby,Randall Flagg
4727,Entertainment: Film,Easy,True / False,"In the original Star Wars trilogy, David Prowse was the actor who physically portrayed Darth Vader.",True,False,,
4728,Entertainment: Television,Easy,Multiple Choice,Which character was played by Dustin Diamond in the sitcom 'Saved by the Bell'?,Screech,Zack,Mr. Belding,A.C. Slater
4729,Entertainment: Video Games,Easy,Multiple Choice,In which series of games do you collect souls to empower you and buy weaponry and armor with?,Souls ,Final Fantasy ,Monster Hunter,The Legend of Zelda
4730,Entertainment: Film,Medium,Multiple Choice,In which 1973 film does Yul Brynner play a robotic cowboy who malfunctions and goes on a killing spree?,Westworld,Runaway,Android,The Terminators
4731,Entertainment: Video Games,Medium,Multiple Choice,"By how many minutes are you late to work in ""Half-Life""?",30,5,60,15
4732,Entertainment: Japanese Anime & Manga,Medium,Multiple Choice,When was the first episode of Soul Eater released?,2008,2003,2005,2011
4733,General Knowledge,Easy,True / False,"In architecture, a ""pecklesteiner"" is a set of doors that overlap each other when closed, and can be locked through a single keyhole.",False,True,,
4734,Entertainment: Music,Hard,Multiple Choice,"What year was Min Yoongi from South Korea boy band ""BTS"" born in?",1993,1992,1995,1994
4735,Art,Medium,Multiple Choice,What were Marcel Duchamp's readymades?,utilitarian objects elevated to the status of art,a series focused on color and light as opposed to line and shape,paintings with a barely visible outlined square,a group of identical steel boxes jutting from the wall 
4737,Science & Nature,Medium,Multiple Choice,What is the largest living organism currently known to man?,Honey Fungus,Blue Whale,Redwood Tree,The Coral Reef
4738,Entertainment: Video Games,Easy,Multiple Choice,"In Need for Speed: Most Wanted (2005), what was the name of the main antagonist?","Clarence ""Razor"" Callahan","Hector ""Ming"" Domingo","Toru ""Bull"" Sato","Karl ""Baron"" Smit"
4739,Entertainment: Video Games,Medium,Multiple Choice,Which of these characters was NOT planned to be playable for Super Smash Bros. 64?,Peach,Bowser,Mewtwo,King Dedede
4740,Entertainment: Video Games,Medium,Multiple Choice,"Which of these is not a DLC vehicle in ""Mario Kart 8""?",Wild Wiggler,Bone Rattler,B Dasher,300 SL Roadster
4741,Entertainment: Music,Hard,Multiple Choice,Who was the first Jazz Musician to win the Pulitzer Prize for Music,Wynton Marsalis,Michael Brecker,Herbie Hancock,Joe Henderson
4742,General Knowledge,Hard,Multiple Choice,Which of these anatomical terms refers to the tail end of the creature?,Caudal,Ventral,Proximal,Coronal
4743,Entertainment: Music,Easy,True / False,"To become a ""one-hit wonder"" artist needs to release only one song per year.",False,True,,
4744,General Knowledge,Easy,Multiple Choice,Which is the second largest native language spoken in Spain by numbers of speakers?,Catalan,Portuguese,Spanish,French
4745,Entertainment: Video Games,Hard,Multiple Choice,"The Internet Meme ""All your base are belong to us"" is based on the poorly translated English Version of which Video Game?",Zero Wing,F-Zero,Wing Commander,Star Wars: X-Wing
4746,General Knowledge,Medium,True / False,"""Santa Claus"" is a variety of melon.",True,False,,
4747,History,Medium,Multiple Choice,"Which American civilization is the source of the belief that the world would end or drastically change on December 21st, 2012?",The Mayans,The Incas,The Aztecs,The Navajos
4748,Geography,Medium,Multiple Choice,How tall is One World Trade Center in New York City?,"1,776 ft","1,888 ft","1,225 ft","1,960 ft"
4749,Geography,Hard,Multiple Choice,What is the largest freshwater lake by volume?,Lake Baikal,Lake Superior,Lake Huron,Lake Michigan
4750,Science & Nature,Hard,Multiple Choice,"In quantum physics, which of these theorised sub-atomic particles has yet to be observed?",Graviton,Z boson,Tau neutrino,Gluon
4751,Entertainment: Comics,Medium,Multiple Choice,"In the DC Comics 2016 reboot, Rebirth, which speedster escaped from the Speed Force after he had been erased from existance?",Wally West,Johnny Quick,Jay Garrick,Eobard Thawne
4752,Geography,Medium,Multiple Choice,What is the state capital of South Dakota?,Pierre,Sioux Falls,Rapid City,Watertown
4753,Entertainment: Japanese Anime & Manga,Hard,Multiple Choice,"Medaka Kurokami from ""Medaka Box"" has what abnormality?",The End,Perfection,Sandbox,Fairness
4754,History,Medium,Multiple Choice,Who crowned Charlemagne as Holy Roman Emperor on Christmas Day in 800?,Pope Leo III,Pope Urban IV,Pope Stephen V,Pope Valentine
4755,Entertainment: Video Games,Medium,Multiple Choice,In what year did Microsoft release the original Xbox console in North America?,2001,1998,2003,1996
4756,Geography,Easy,Multiple Choice,Which Borough is the farthest in the north of New York City?,Bronx,Queens,Brooklyn,Manhattan
4757,Entertainment: Cartoon & Animations,Medium,Multiple Choice,"Who is the ""dumb blonde"" character in Nickelodeon's ""The Loud House""?",Leni,Luan,Luna,Lincoln
4758,History,Hard,Multiple Choice,What did Albert Einstein win the Nobel Prize for in 1921?,Photoelectric Effect,Relativity,Wave-Particle Duality,Zero-Point Energy
4759,Science & Nature,Easy,Multiple Choice,Which is the longest bone in the human body? ,Femur,Scapula,Fibula,Ulna
4760,Entertainment: Music,Medium,Multiple Choice,"Which band had hits in 1975 with the songs, 'One Of These Nights' & 'Lyin Eyes'?",The Eagles,Fools Gold,The Doobie Brothers,Fleetwood Mac
4761,History,Medium,True / False,Theodore Roosevelt Jr. was the only General involved in the initial assault on D-Day.,True,False,,
4762,Geography,Easy,Multiple Choice,All of the following are classified as Finno-Ugric languages EXCEPT:,Samoyedic,Hungarian,Finnish,Estonian
4763,General Knowledge,Hard,True / False,"""Number 16 Bus Shelter"" was a child's name that was approved by the New Zealand government.",True,False,,
4764,Entertainment: Music,Hard,Multiple Choice,"Which M83 album is the song ""Midnight City"" featured in?","Hurry Up, We're Dreaming",Saturdays = Youth,Before the Dawn Heals Us,Junk
4765,Geography,Easy,Multiple Choice,About how many countries are there in the world?,200,100,300,500
4766,Entertainment: Books,Hard,Multiple Choice,"In the ""Harry Potter"" series, what is Headmaster Dumbledore's full name?",Albus Percival Wulfric Brian Dumbledore,Albus Valum Jetta Mobius Dumbledore,Albus James Lunae Otto Dumbledore,Albus Valencium Horatio Kul Dumbledore
4767,Entertainment: Video Games,Easy,Multiple Choice,"Which ""Fallout: New Vegas"" quest is NOT named after a real-life song?",They Went That-a-Way,Come Fly With Me,Ain't That a Kick in the Head,Ring-a-Ding Ding
4768,Entertainment: Music,Medium,Multiple Choice,Which of these Johns was murdered by gunshots outside the Dakota in New York in 1980?,John Lennon,Johnny Thunders,John Denver,John Cascella
4769,Science & Nature,Medium,Multiple Choice,Which of these elements on the Periodic Table is a Noble Gas?,Neon,Potassium,Iodine,Colbalt
4770,General Knowledge,Easy,Multiple Choice,What alcoholic drink is made from molasses?,Rum,Gin,Vodka,Whisky
4771,Entertainment: Video Games,Medium,True / False,The game Garry's Mod originally took assets and codes from the popular Half Life 2 mod JBmod.,True,False,,
4772,Entertainment: Video Games,Medium,Multiple Choice,"How many Mudokons are rescuable in ""Oddworld: New 'N' Tasty""?",299,301,50,300
4773,Entertainment: Film,Medium,Multiple Choice,Which retired American football quarterback played himself in 'Ace Ventura: Pet Detective' and 'Little Nicky'?,Dan Marino,John Elway,Tom Brady,Joe Montana
4774,Entertainment: Video Games,Medium,Multiple Choice,Which of these games was NOT a Nintendo Switch launch title in the United States? ,Voez,Just Dance 2017,Snipperclips,Fast RMX
4775,Entertainment: Music,Medium,Multiple Choice,Who is the singer for Fall Out Boy?,Patrick Stump,Brendon Urie,Pete Wentz,Gary Lee Weinrib
4776,History,Easy,Multiple Choice,"According to legend, the ancient Greeks constructed a huge wooden model of which animal to gain entrance to Troy?",Horse,Goat,Elephant,Wolf
4777,Entertainment: Video Games,Medium,Multiple Choice,Who was Tetris created by?,Alexey Pajitnov,Toru Iwatani,Allan Alcorn,William Higinbotham
4778,Celebrities,Medium,Multiple Choice,What is generally considered to be William Shakespeare's birth date?,"April 23rd, 1564","July 4th, 1409","September 29th, 1699","December 1st, 1750"
4779,Entertainment: Music,Hard,True / False,The song Scatman's World was released after Scatman (Ski-Ba-Bop-Ba-Dop-Bop).,True,False,,
4780,Art,Medium,Multiple Choice,Which one of these paintings is not by Caspar David Friedrich?,The Black Sea,The Sea of Ice,Wanderer above the Sea of Fog,The Monk by the Sea
4781,Entertainment: Television,Easy,Multiple Choice,"Who played Agent Fox Mulder in the TV sci-fi drama ""The X-Files""?",David Duchovny,Gillian Anderson,Robert Patrick,Mitch Pileggi
4782,Entertainment: Books,Medium,True / False,"Originally, the character Charlie from Charlie and the Chocolate Factory was going to be black.",True,False,,
4783,Entertainment: Television,Medium,Multiple Choice,"What is the name of the ""Flash"" and ""Arrow"" spinoff featuring a team of characters that have appeared on both shows?",Legends of Tomorrow,Heroes of Tomorrow,The Justice Society of America,The Justice Society
4784,Science: Computers,Hard,Multiple Choice,How many Hz does the video standard PAL support?,50,59,60,25
4785,History,Easy,Multiple Choice,The original Roman alphabet lacked the following letters EXCEPT:,X,W,U,J
4786,Science: Computers,Medium,Multiple Choice,"In programming, the ternary operator is mostly defined with what symbol(s)?",?:,??,if then,?
4787,General Knowledge,Easy,Multiple Choice,"Who is considered the ""Father of Modern Philosophy""?",René Descartes,Plato,Albert Einstein,Antoine Lavoiser
4788,Science: Gadgets,Medium,Multiple Choice,In what year was the Oculus Rift revealed to the public through a Kickstarter campaign?,2012,2010,2011,2013
4789,Entertainment: Video Games,Hard,True / False,"The video game ""Fuel"" has an open world that is 5,560 square miles?",True,False,,
4790,General Knowledge,Medium,True / False,"""Buffalo buffalo Buffalo buffalo buffalo buffalo Buffalo buffalo."" is a grammatically correct sentence.",True,False,,
4791,History,Medium,Multiple Choice,"In the War of the Pacific (1879 - 1883), Bolivia lost its access to the Pacific Ocean after being defeated by which South American country?",Chile,Peru,Brazil,Argentina
4792,History,Easy,Multiple Choice,"Where did first known lesbian rights organization in the United States, Daughters of Bilitis, start?",San Francisco,New York,Chicago,Los Angeles
4793,Entertainment: Video Games,Easy,Multiple Choice,Who turns out to be the true victor in the Battle of Armageddon in Mortal Kombat?,Shao Kahn,Liu Kang,Shang Tsung,Raiden
4794,Science: Computers,Easy,Multiple Choice,"According to the International System of Units, how many bytes are in a kilobyte of RAM?",1000,512,1024,500
4795,General Knowledge,Easy,True / False,You can legally drink alcohol while driving in Mississippi.,True,False,,
4796,General Knowledge,Hard,Multiple Choice,The Quadrangularis Reversum is best described as which of the following?,A percussion instrument,A building in Oxford University,A chess move,A geometric theorem
4797,General Knowledge,Medium,Multiple Choice,What is the currency of Poland?,Złoty,Ruble,Euro,Krone
4798,Science & Nature,Hard,Multiple Choice,A comet's gaseous envelope (which creates the tail) is called what?,The coma,The wake,The backwash,The ablative
4799,Geography,Easy,Multiple Choice,What is the 15th letter of the Greek alphabet?,Omicron (Ο),Sigma (Σ),Pi (Π),Nu (Ν)
4800,Entertainment: Books,Medium,Multiple Choice,"Who is the author of the series ""Malazan Book of the Fallen""?",Steven Erikson,Ian Cameron Esslemont,George R. R. Martin,J. R. R. Tolkien
4801,Entertainment: Music,Medium,True / False,"The 1969 Frank Sinatra Song ""My Way"" was ironically not written by him.",True,False,,
4802,Entertainment: Musicals & Theatres,Easy,Multiple Choice,Who wrote the play 'Angels in America'?,Tony Kusher,Tom Stoppard,Matthew Lopez,Anthony Neilson
4803,Entertainment: Video Games,Medium,Multiple Choice,How many permanent companions are there in the base game version of Fallout: New Vegas?,8,7,9,6
4804,Animals,Easy,Multiple Choice,Which class of animals are newts members of?,Amphibian,Fish,Reptiles,Mammals
4805,Entertainment: Japanese Anime & Manga,Hard,Multiple Choice,"What year was ""JoJo's Bizarre Adventure: Phantom Blood"" first released?",1987,2013,1983,1995
4806,Sports,Medium,Multiple Choice,Which team was the 2014-2015 NBA Champions?,Golden State Warriors,Cleveland Cavaliers,Houston Rockets,Atlanta Hawks
4807,Entertainment: Television,Easy,Multiple Choice,Which of the following awards do Matt Stone and Trey Parker NOT have?,Oscar,Emmy,Tony,Grammy
4808,Entertainment: Music,Easy,Multiple Choice,Who is the frontman of the band 30 Seconds to Mars?,Jared Leto,Gerard Way,Matthew Bellamy,Mike Shinoda
4809,Science & Nature,Easy,Multiple Choice,How many moons does the Earth have?,1,0,2,3
4810,Science & Nature,Hard,Multiple Choice,The core of the Sun can reach which temperature?,27° Million F (15° Million C),"938,000° F (521093.3° C)",8° Billion F (°4.4 Billion C),Absolute Zero (Both F and C)
4811,Science & Nature,Medium,Multiple Choice,How many baby/milk teeth does a human child have in total?,20,10,15,25
4812,Science & Nature,Medium,Multiple Choice,"The humerus, paired radius, and ulna come together to form what joint?",Elbow,Knee,Sholder,Ankle
4813,Politics,Easy,Multiple Choice,Who was the 45th President of the United States?,Donald Trump,Barack Obama,Bill Clinton,George Bush
4814,Geography,Easy,Multiple Choice,What is the capital of South Korea?,Seoul,Pyongyang,Taegu,Kitakyushu
4815,Entertainment: Music,Hard,Multiple Choice,Which band is the longest active band in the world with no breaks or line-up changes?,U2,Radiohead,Rush,Rolling Stones
4816,Sports,Easy,Multiple Choice,Which team won the 2015-16 English Premier League?,Leicester City,Liverpool,Cheslea,Manchester United
4817,Entertainment: Video Games,Easy,Multiple Choice,Which water-type Pokémon starter was introduced in the 4th generation of the series?,Piplup,Totodile,Oshawott,Mudkip
4818,Science & Nature,Easy,Multiple Choice,How many laws of thermodynamics are there?,Four,Three,Two,Five
4819,Entertainment: Board Games,Hard,Multiple Choice,What Magic: The Gathering card's flavor text is just 'Ribbit.'?,Turn to Frog,Spore Frog,Bloated Toad,Frogmite
4820,Geography,Medium,Multiple Choice,What is the northernmost human settlement with year round inhabitants?,"Alert, Canada","Nagurskoye, Russia","McMurdo Station, Antarctica ","Honningsvåg, Norway"
4821,Science: Mathematics,Easy,Multiple Choice,What's the square root of 49?,7,4,12,9
4822,Entertainment: Video Games,Easy,Multiple Choice,"Who is the writer of the game ""Half-Life""?",Marc Laidlaw,Gabe Newell,Robin Walker,Chet Faliszek
4823,Science: Mathematics,Easy,Multiple Choice,What is the name of a nine sided polygon?,Nonagon,Hexagon,Octagon,Heptagon
4824,General Knowledge,Medium,True / False,Popcorn was invented in 1871 by Frederick W. Rueckheim in the USA where he sold the snack on the streets of Chicago.,False,True,,
4825,Entertainment: Film,Easy,True / False,In Alfred Hitchcock's film 'Psycho' it is said he used chocolate syrup to simulate the blood in the famous shower scene from ,True,False,,
4826,Geography,Easy,Multiple Choice,What is the capital of Indonesia?,Jakarta,Bandung,Medan,Palembang
4827,Entertainment: Comics,Hard,Multiple Choice,"Which of the following rings from the DC Comics' ""Lantern Corps"" are classified as Parasitic?",Indigo (Compassion),Green (Willpower),White (Life),Yellow (Fear)
4828,Entertainment: Video Games,Medium,True / False,Shang Tsung is a playable character in Mortal Kombat XL.,False,True,,
4829,Entertainment: Books,Easy,True / False,Stephen Chbosky wrote the book 'The Perks of Being A Wallflower'.,True,False,,
4830,Entertainment: Video Games,Medium,Multiple Choice,Which of these characters is NOT a boss in Crash Bash?,Ripper Roo,Papu Papu,Komodo brothers,Nitros Oxide
4831,History,Hard,Multiple Choice,Which U.S. president was said to have been too honest to lie to his father about chopping down a cherry tree?,George Washington,Abraham Lincoln,Thomas Jefferson,James Monroe
4832,Science: Computers,Medium,Multiple Choice,"What is known as ""the brain"" of the Computer?",Central Processing Unit,Motherboard,Graphics Processing Unit,Keyboard
4833,Entertainment: Film,Easy,Multiple Choice,"In Big Hero 6, what fictional city is the Big Hero 6 from?",San Fransokyo,San Tokyo,Tokysisco,Sankyo
4834,Entertainment: Video Games,Medium,Multiple Choice,"In Touhou: Embodiment of Scarlet Devil, what song plays during Flandre Scarlet's boss fight?",U.N. Owen Was Her,Septette for the Dead Princess,Flowering Night,Pierrot of the Star-Spangled Banner
4835,Entertainment: Music,Medium,Multiple Choice,Who performed the hit single 'Call Me' for the 1980 film 'American Gigolo'?,Blondie,Madonna,Tina Turner,Janet Jackson
4836,Entertainment: Video Games,Easy,Multiple Choice,Which game did NOT get financed via Crowdfunding?,Enter the Gungeon,Town of Salem,Undertale,Tower Unite
4837,Entertainment: Music,Medium,Multiple Choice,Who is the lead singer of The Lumineers?,Wesley Schultz,Jeremiah Fraites,Jay Van Dyke,Neyla Pekarek
4838,Entertainment: Film,Medium,Multiple Choice,Velma Kelly and Roxie Hart are the protagonists of which Oscar winning movie?,Chicago,Dreamgirls,Cabaret,All That Jazz
4839,History,Medium,Multiple Choice,"The Tsar Bomba, the most powerful nuclear bomb ever tested, had a yield of 50 megatons but theoretically had a maximum yield of how much?",100 Megatons,200 Megatons,75 Megatons,150 Megatons
4840,General Knowledge,Easy,Multiple Choice,What is the Zodiac symbol for Gemini?,Twins,Fish,Scales,Maiden
4841,Entertainment: Cartoon & Animations,Easy,Multiple Choice,"In the show ""Foster's Home For Imaginary Friends"", which character had an obsession with basketball?",Wilt,Coco,Mac,Cheese
4842,Entertainment: Video Games,Medium,Multiple Choice,What is the name of the island introduced in the ARMA III: APEX expansion pack?,Tanoa,Altis,Stratis,Malden
4843,Entertainment: Japanese Anime & Manga,Easy,Multiple Choice,"Who was given the title ""Full Metal"" in the anime series ""Full Metal Alchemist""?",Edward Elric,Alphonse Elric,Van Hohenheim,Izumi Curtis
4844,Entertainment: Video Games,Hard,Multiple Choice,"In the game Warframe, what is the type of fish that is known to eat unwary natives of Cetus?",Sharrac,Glappid,Karkina,Mawfish
4845,Entertainment: Video Games,Medium,Multiple Choice,"In Cook, Serve, Delicious!, which food is NOT included in the game?",Pie,Shish Kabob,Hamburger,Lasagna
4846,Entertainment: Cartoon & Animations,Medium,Multiple Choice,"Which city did Anger berate for ruining pizza in ""Inside Out""?",San Francisco,Minnesota,Washington,California
4847,Entertainment: Video Games,Easy,Multiple Choice,"In ""Call Of Duty: Zombies"", what is the name of the Pack-A-Punched Crossbow?",Awful Lawton,Longinus,V-R11,Predator
4848,History,Medium,Multiple Choice,Joseph Smith was the founder of what religion?,Mormonism,Buddhism,Christianity,Hinduism
4849,Geography,Medium,Multiple Choice,"Which of these countries is ""doubly landlocked"" (surrounded entirely by one or more landlocked countries)?",Uzbekistan,Switzerland,Bolivia,Ethiopia
4850,History,Medium,Multiple Choice,Which of the following Soviet revolutionaries was exiled from the USSR and later assassinated in 1940 for criticizing Stalinism?,Leon Trotsky,Lev Kamenev,Mikhail Kalinin,Vladimir Lenin
4851,Entertainment: Video Games,Easy,Multiple Choice,Who is the creator of the Super Smash Bros. Series?,Masahiro Sakurai,Reggie Fils-Aimé,Bill Trinen,Hideo Kojima
4852,General Knowledge,Medium,Multiple Choice,Which country drives on the left side of the road?,Japan,Germany,Russia,China
4853,General Knowledge,Easy,Multiple Choice,In which cardinal direction does the Sun rise from?,East,West,North,South
4854,Entertainment: Video Games,Medium,Multiple Choice,"In Portal, what color is the Intelligence Core?",Blue,Purple,Red,Orange
4855,Entertainment: Video Games,Easy,Multiple Choice,What is the name of the adventurer you meet at the mines in Stardew Valley?,Marlon,Marnie,Morris,Marvin
4856,Vehicles,Medium,Multiple Choice,"Which animal features on the logo for Abarth, the motorsport division of Fiat?",Scorpion,Snake,Bull,Horse
4857,Entertainment: Japanese Anime & Manga,Medium,Multiple Choice,"In the 2011 TV anime series, ""THE iDOLM@STER"", what was the name of Iori's stuffed toy bunny?",Charles,Bubsy,Kero,Usagi
4858,Geography,Easy,True / False,There is a city called Rome in every continent on Earth.,False,True,,
4859,Vehicles,Easy,Multiple Choice,Automobiles produced by Tesla Motors operate on which form of energy?,Electricity,Gasoline,Diesel,Nuclear
4860,Entertainment: Video Games,Medium,Multiple Choice,What is the name of the province you explore in Runescape?,Gielinor,Mordor,Kopar,Ashendale
4861,Entertainment: Video Games,Easy,Multiple Choice,In the original Spyro game who is the first villain?,Gnasty Gnorc,Ripto,Sorceress,Cynder
4862,Entertainment: Music,Easy,Multiple Choice,"Which band recorded the album ""Parallel Lines""?",Blondie,Paramore,Coldplay,The Police
4863,Entertainment: Japanese Anime & Manga,Medium,Multiple Choice,"In JoJo's Bizarre Adventure, who says ""Yare yare daze""?",Jotaro Kujo,Joseph Joestar,Jolyne Cujoh,Koichi Hirose
4864,Entertainment: Video Games,Medium,Multiple Choice,Which of these is NOT a game under the Worms series?,Major Malfunction,Crazy Golf,Clan Wars,Ultimate Mayhem
4865,Geography,Medium,True / False,"The title of the 1969 film ""Krakatoa, East_of Java"" is incorrect, as Krakatoa is in fact west of Java.",True,False,,
4866,History,Medium,Multiple Choice,Who was a military strategist in the Eastern Zhou period?,Sun Tzu,Lu Bu,Genghis Khan,Vlad The Impaler
4867,Science: Gadgets,Easy,Multiple Choice,What is the SI unit for resistance?,Ohms,Ampheres,Siemens,Volts
4868,History,Hard,Multiple Choice,The ancient city of Chichén Itzá was built by which civilization?,Mayans,Aztecs,Incas,Toltecs
4869,Entertainment: Japanese Anime & Manga,Medium,Multiple Choice,"In JoJo's Bizarre Adventure, which character is able to accelerate time?",Enrico Pucci,Jotaro Kujo,Jolyne Cujoh,Kujo Jotaro
4870,Vehicles,Medium,True / False,The Japanese Shinkansen beat the French TGV's speed record for fastest electric rail train.,False,True,,
4871,Entertainment: Film,Medium,Multiple Choice,"What is the name of the villian in the 2015 Russian-American Sci-Fi Movie ""Hardcore Henry""?",Akan,Estelle,Jimmy,Henry
4872,Science: Computers,Easy,Multiple Choice,What does the computer software acronym JVM stand for?,Java Virtual Machine,Java Vendor Machine,Java Visual Machine,Just Virtual Machine
4873,Sports,Hard,Multiple Choice,Where was the Games of the XXII Olympiad held?,Moscow,Barcelona,Tokyo,Los Angeles
4874,Geography,Hard,Multiple Choice,"What is the county seat of King County, Washington?",Seattle,Bellevue,Enumclaw,Skykomish
4875,Science & Nature,Hard,Multiple Choice,"On the Beaufort Scale of wind force, what wind name is given to number 8?",Gale,Storm,Hurricane,Breeze
4876,Celebrities,Medium,Multiple Choice,What year did radio icon Howard Stern start a job at radio station WNBC?,1982,1985,1984,1995
4877,Entertainment: Film,Easy,Multiple Choice,Which actor plays Obi-Wan Kenobi in Star Wars Episodes I-III?,Ewan McGregor,Alec Guinness,Hayden Christensen,Liam Neeson
4878,Geography,Medium,Multiple Choice,Which of the following is NOT a capital city?,Sydney,Cairo,Moscow,Beijing
4879,Entertainment: Board Games,Easy,Multiple Choice,How many pieces are there on the board at the start of a game of chess?,32,16,20,36
4880,General Knowledge,Easy,Multiple Choice,What planet is not named after a Greek or Roman god?,Earth,Jupiter,Mars,Mercury
4881,Entertainment: Video Games,Easy,True / False,"The ultimate phrase used by Pharah from Overwatch is: ""Justice rains from above!""",True,False,,
4882,Entertainment: Music,Easy,Multiple Choice,Which of the following is not a studio album by the band Pink Floyd?,Moving Pictures,The Dark Side of the Moon,Wish You Were Here,Animals
4883,General Knowledge,Medium,Multiple Choice,"Which of these is the name of a Japanese system of alternative medicine, literally meaning ""finger pressure""?",Shiatsu,Ukiyo,Majime,Ikigai
4884,Entertainment: Video Games,Easy,Multiple Choice,"In PROTOTYPE 2. who is referred to as ""Tango Primary""?",James Heller,Alex Mercer,Dana Mercer,Any Goliaths roaming around
4885,Entertainment: Music,Hard,Multiple Choice,Which British band won the first edition of the Brit Awards in 1977?,The Beatles,Pink Floyd,The Rolling Stones,The Who
4886,Sports,Medium,True / False,Soccer player Cristiano Ronaldo opened a museum dedicated to himself.,True,False,,
4887,Entertainment: Video Games,Easy,True / False,"In RuneScape, one must complete the ""Dragon Slayer"" quest before equipping Rune Platelegs.",False,True,,
4888,Entertainment: Books,Easy,Multiple Choice,American illustrator and writer Maurice Sendak is most well-known for writing which children's book?,Where The Wild Things Are,The Neverending Story,Charlie and the Chocolate Factory,The Cat in the Hat
4889,Entertainment: Video Games,Easy,Multiple Choice,What is Gabe Newell's favorite class in Team Fortress 2?,Spy,Heavy,Medic,Pyro
4890,Entertainment: Film,Easy,Multiple Choice,What was Bruce Campbell's iconic one-liner after getting a chainsaw hand in Evil Dead 2?,Groovy.,Gnarly.,Perfect.,Nice.
4891,History,Medium,Multiple Choice,In which one of these cities did the Great Stink of 1858 occur?,London,Berlin,New York,Moscow
4892,Mythology,Easy,True / False,"In the Greek Mythology, the god of war is called Mars.",False,True,,
4893,History,Easy,Multiple Choice,"The RMS Titanic sunk during her maiden voyage from Southampton, England to which American city?",New York City,Boston ,Philadelphia,Washington
4894,Entertainment: Video Games,Medium,Multiple Choice,"In the beta version of the 1986 game ""The Legend of Zelda"", players have the choice between a sword and what other item?",Boomerang ,Spear,Slingshot,Crossbow
4895,Entertainment: Books,Medium,Multiple Choice,"The book ""Fahrenheit 451"" was written by whom?",Ray Bradbury,R. L. Stine,Wolfgang Amadeus Mozart,Stephen King
4896,Geography,Medium,Multiple Choice,Where is the Volga River?,Russia,Bulgaria,India,Sweden
4897,Entertainment: Books,Easy,Multiple Choice,What's the second book in George R. R. Martin's 'A Song of Ice and Fire' series?,A Clash of Kings,A Dance with Dragons,A Storm of Swords,A Feast for Crows
4898,History,Easy,Multiple Choice,King Henry VIII was the second monarch of which European royal house?,Tudor,York,Stuart,Lancaster
4899,Entertainment: Film,Easy,True / False,"The word ""Inception"" came from the 2010 blockbuster hit ""Inception"".",False,True,,
4900,Entertainment: Film,Easy,Multiple Choice,Which of these Movies was NOT released in 1996?,Gladiator,Independence Day,The Rock,Mission: Impossible
4901,Mythology,Medium,Multiple Choice,What animal did Queen Pasipahe sleep with before she gave birth to the Minotaur in Greek Mythology?,Bull,Pig,Ox,Horse
4902,Science & Nature,Medium,Multiple Choice,"What cell organelle is known as ""the powerhouse of the cell?""",Mitochondria,Nucleus,Golgi apparatus,Endoplasmic reticulum
4903,Entertainment: Film,Easy,Multiple Choice,"In the movie ""Cast Away"" the main protagonist's best friend while on the island is named",Wilson,Carson,Jackson,Willy
4904,General Knowledge,Hard,Multiple Choice,Which of these cities does NOT have a United States Minting location?,"St. Louis, MO","San Fransisco, CA","Philidelphia, PA","West Point, NY"
4905,Entertainment: Video Games,Medium,Multiple Choice,"How many metal bars does it take to smith a platebody in the MMO ""RuneScape""?",5 bars,3 bars,2 bars,10 bars
4906,Mythology,Medium,Multiple Choice,Which of the following Mesopotamian mythological figures was NOT a deity?,Enkidu,Enki,Enlil,Enkimdu
4907,Politics,Easy,Multiple Choice,Former United States President Bill Clinton famously played which instrument?,Saxophone,Baritone horn,Piano,Violin
4908,Entertainment: Books,Medium,Multiple Choice,"What is the name of Eragon's dragon in ""Eragon""?",Saphira,Glaedr,Thorn,Arya
4909,Science: Computers,Easy,True / False,"""HTML"" stands for Hypertext Markup Language.",True,False,,
4910,Geography,Easy,Multiple Choice,In which ocean is the Réunion island?,Indian Ocean,Atlantic Ocean,South Pacific Ocean,North Pacific Ocean
4911,Entertainment: Video Games,Medium,Multiple Choice,"In Super Smash Bros. Ultimate, which of the following pair of characters are NOT considered ""Echo Fighters""?",Link & Young Link,Marth & Lucina,Richter & Simon,Peach & Daisy
4912,Geography,Hard,Multiple Choice,What is the official German name of the Swiss Federal Railways?,Schweizerische Bundesbahnen,Schweizerische Nationalbahnen,Bundesbahnen der Schweiz,Schweizerische Staatsbahnen
4913,Entertainment: Video Games,Medium,Multiple Choice,When was Nintendo's Virtual Boy released?,1995,1989,1997,1992
4914,Sports,Easy,Multiple Choice,Which of these NHL teams originally played in Atlanta?,Calgary Flames,St. Louis Blues,Minnesota Wild,Vancouver Canucks
4915,Entertainment: Video Games,Medium,Multiple Choice,Which of the following characters were considered for inclusion in Super Smash Bros. Melee?,Lucas,Mega Man,Meta Knight,Diddy Kong
4916,Entertainment: Film,Easy,Multiple Choice,"What is the name of the island that ""Jurassic Park"" is built on?",Isla Nublar,Isla Sorna,Isla Muerta,Isla Pena
4917,Entertainment: Video Games,Medium,Multiple Choice,What element does the Zinogre use in Monster Hunter?,Thunder,Ice,Fire,Water
4918,Entertainment: Film,Medium,Multiple Choice,"What year did the movie ""Napoleon Dynamite"" come out?",2004,2002,2003,2005
4919,Animals,Easy,True / False,A slug’s blood is green.,True,False,,
4920,Entertainment: Television,Medium,Multiple Choice,"What is Meg's full name in ""Family Guy""?",Megatron Griffin,Who-Cares Griffin,Neil Griffin,Megan Griffin
4921,Entertainment: Music,Easy,Multiple Choice,"What is the name of Metallica's debut album, released in 1983?",Kill 'Em All,...And Justice for All,Master of Puppets,Countdown to Extinction
4922,Entertainment: Japanese Anime & Manga,Hard,Multiple Choice,"Akatsuki's subclass in ""Log Horizon"" is what?", Tracker,Assassin,Scribe,Apprentice
4923,History,Medium,Multiple Choice,What is the name of the US Navy spy ship which was attacked and captured by North Korean forces in 1968?,USS Pueblo,USS North Carolina,USS Constitution,USS Indianapolis
4924,Entertainment: Video Games,Medium,Multiple Choice,"Which character is from ""Splatoon""?",Marie,Cyrus,Palutena,Shulk
4925,General Knowledge,Easy,Multiple Choice,Which restaurant's mascot is a clown?,McDonald's,Whataburger,Burger King,Sonic
4926,Vehicles,Hard,Multiple Choice,Which Variable Valve Timing technology is used by BMW?,VANOS,VVT-iw,VVEL,MultiAir
4927,General Knowledge,Medium,Multiple Choice,Which of these American singers and songwriters won a Nobel Prize in Literature?,Bob Dylan,Buddy Holly,Johnny Cash,Alice Cooper
4928,Entertainment: Video Games,Medium,Multiple Choice,"When was ""System Shock"" released?",1994,1995,2000,1998
4929,General Knowledge,Medium,Multiple Choice,"In ancient Greece, if your job were a ""hippeus"" which of these would you own?",Horse,Weave,Guitar,Boat
4930,Entertainment: Film,Easy,Multiple Choice,The 1996 film 'Fargo' is primarily set in which US state?,Minnesota,North Dakota,South Dakota,Wisconsin
4931,Science: Mathematics,Easy,Multiple Choice,Which of the following is not one of the seven Millennium Prize Problems?,Naviér conjecture,Birch and Swinnerton-Dyer Conjecture,Riemann hypothesis,Poincaré conjecture
4932,History,Hard,Multiple Choice,Toussaint Louverture led a successful slave revolt in which country?,Haiti,France,Cuba,United States
4933,Entertainment: Video Games,Medium,Multiple Choice,"In Pokemon Diamond, Pearl and Platinum, where can a Munchlax be found?",Honey Trees,Trading with an NPC,Grass on Route 209,Wayward Cave
4934,General Knowledge,Medium,Multiple Choice,Apple co-founder Steve Jobs died from complications of which form of cancer?,Pancreatic,Bone,Liver,Stomach
4935,Entertainment: Video Games,Hard,Multiple Choice,"In the SHMUP series, ""Gradius"", what is the name of the antagonist faction you fight against?",Bacterion,Bydo,Belsar,ORN Empire
4936,Vehicles,Easy,Multiple Choice,The LS7 engine is how many cubic inches?,427,346,364,376
4937,Entertainment: Video Games,Medium,Multiple Choice,Who was the main antagonist of Max Payne 3 (2012)?,Victor Branco,Álvaro Neves,Armando Becker,Milo Rego
4938,Sports,Medium,Multiple Choice,What is the oldest team in Major League Baseball?,Atlanta Braves,Chicago Cubs,Cincinnati Reds,St. Louis Cardinals
4939,Entertainment: Video Games,Easy,Multiple Choice,"Which game did ""Sonic The Hedgehog"" make his first appearance in?",Rad Mobile,Sonic The Hedgehog,Super Mario 64,Mega Man
4940,Entertainment: Books,Easy,True / False,"""Elementary, my dear Watson"" is a phrase that is never truly said within the Conan Doyle books of Sherlock Holmes.",True,False,,
4941,Entertainment: Video Games,Easy,Multiple Choice,"In the PAYDAY series, who betrayed the PAYDAY gang that got Hoxton arrested?",Hector,Vlad,The Dentist,The Elephant
4942,History,Easy,True / False,Vikings were the first Europeans to discover North America.,True,False,,
4943,Entertainment: Cartoon & Animations,Easy,Multiple Choice,What was the first Disney movie to use CGI?,The Black Cauldron,Tron,Toy Story,Fantasia
4944,Entertainment: Books,Medium,Multiple Choice,Which American author was also a budding travel writer and wrote of his adventures with his dog Charley?,John Steinbeck,F. Scott Fitzgerald,Ernest Hemingway,William Faulkner
4945,History,Hard,Multiple Choice,"When was the ""Siege of Leningrad"" lifted during World War II?",January 1944,September 1943,November 1943,March 1944
4946,Entertainment: Music,Medium,Multiple Choice,"Which rock band released the album ""The Bends"" in March 1995?",Radiohead,Nirvana,Coldplay,U2
4947,General Knowledge,Medium,Multiple Choice,All Souls and Merton are constituent colleges of what university?,Oxford,Cambridge,Manchester,Leeds
4948,Geography,Medium,Multiple Choice,What continent is the country Lesotho in?,Africa,Asia,South America,Europe
4949,Entertainment: Comics,Easy,True / False,"The ""Pepe"" meme originated from a comic drawn by Matt Furie called ""Boy's Club""?",True,False,,
4950,Entertainment: Music,Easy,True / False,Daft Punk originated in France.,True,False,,
4951,Science & Nature,Medium,Multiple Choice,A positron is an antiparticle of a what?,Electron,Neutron,Proton,Photon
4952,Entertainment: Video Games,Medium,Multiple Choice,"In the game ""Cave Story,"" what is the character Balrog's catchphrase?",Huzzah!,Yes!,Whoa there!,Nyeh heh heh!
4953,Entertainment: Music,Medium,Multiple Choice,"Which country does the electronic music duo ""The Knife"" originate from?",Sweden,Finland,Denmark,Norway
4954,Entertainment: Video Games,Medium,True / False,"In the video game ""Blue Reflection"", the main protagonist, Hinako Shirai, was a ballet dancer.",True,False,,
4955,Science & Nature,Medium,Multiple Choice,What is the chemical symbol for lead?,Pb,Ld,Le,Pm
4956,Entertainment: Books,Medium,Multiple Choice,"What is the name of the gang that Ponyboy is a part of in the book, The Outsiders?",The Greasers,The Outsiders,The Mafia,The Socs
4957,History,Hard,Multiple Choice,"Before the American colonies switched to the Gregorian calendar in 1752, on what date did their new year start?",March 25th,June 1st,September 25th,December 1st
4958,Entertainment: Video Games,Hard,Multiple Choice,"According to Toby Fox, what was the method to creating the initial tune for Megalovania?",Singing into a Microphone,Playing a Piano,Using a Composer Software,Listened to birds at the park
4959,Entertainment: Musicals & Theatres,Easy,Multiple Choice,"In Shakespeare's play Julius Caesar, Caesar's last words were...","Et tu, Brute? ",Iacta alea est!,"Vidi, vini, vici.",Aegri somnia vana.
4960,General Knowledge,Easy,Multiple Choice,Which of the three astronauts of the Apollo 11 spaceflight did NOT walk on the moon?,Michael Collins,Buzz Aldrin,Neil Armstrong,None of them
4961,History,Easy,Multiple Choice,On what street did the 1666 Great Fire of London start?,Pudding Lane,Baker Street,Houses of Parliament,St Paul's Cathedral
4962,History,Medium,Multiple Choice,What was the name of the African-American cultural explosion centered in upper Manhattan during the 1920s and 1930s?,Harlem Renaissance,Inwood Renaissance,Bed-Stuy Renaissance,Upper East Renaissance
4963,General Knowledge,Easy,Multiple Choice,"What was the name of Sqiudward's bad painting in the Spongebob episode ""Artist Unknown?""",Bold and Brash,Squidward en Repose,Rippy Bits,Tilted Perspectives
4964,Animals,Medium,Multiple Choice,What is the national bird of Bahrain?,Bulbul,Hummingbird,Falcon,Sparrow
4965,Geography,Medium,Multiple Choice,Broome is a town in which state of Australia?,Western Australia,Northern Territory,South Australia,Tasmania
4966,Entertainment: Video Games,Medium,Multiple Choice,"What is the name of the prison in ""Half Life 2""?",Nova Prospekt,Great Prospekt,New Prospect,Lesser Prospekt
4967,Geography,Medium,True / False,Tasmania is an island state of Australia.,True,False,,
4968,Entertainment: Video Games,Easy,Multiple Choice,"What company created and developed the game ""Overwatch""?",Blizzard Entertainment,Valve,Hi-Rez Studios,Gearbox Software
4969,Entertainment: Music,Medium,Multiple Choice,"When did Radiohead release their album ""OK Computer""?",1997,1995,2000,1993
4970,History,Easy,True / False,The majority of people that lived under the Byzantine Empire called themselves Romans.,True,False,,
4971,History,Medium,Multiple Choice,What was the name of the first permanent English settlement in America?,Jamestown,New York,St. John's,Plymouth
4972,Vehicles,Medium,True / False,The majority of Subaru vehicles are made in China.,False,True,,
4973,General Knowledge,Hard,Multiple Choice,"""Nephelococcygia"" is the practice of doing what? ",Finding shapes in clouds,Sleeping with your eyes open,Breaking glass with your voice,Swimming in freezing water
4974,Mythology,Medium,Multiple Choice,Who was the Roman god of fire?,Vulcan,Apollo,Jupiter,Mercury
4975,Entertainment: Video Games,Easy,True / False,"""Resident Evil 7"" is the first first-person Resident Evil game.",False,True,,
4976,Mythology,Medium,Multiple Choice,Neptune's greek name was...,Poseidon,Ares,Zeus,Apollo
4977,Entertainment: Music,Hard,Multiple Choice,Which album was released by Kanye West in 2013?,Yeezus,My Beautiful Dark Twisted Fantasy,The Life of Pablo,Watch the Throne
4978,Entertainment: Video Games,Hard,Multiple Choice,"In Halo 2, how many rounds does the M6C hold in a single magazine?",12,6,36,18
4979,Entertainment: Music,Easy,Multiple Choice,"The 2016 song ""Starboy"" by Canadian singer The Weeknd features which prominent electronic artist?",Daft Punk,deadmau5,Disclosure,DJ Shadow
4980,Entertainment: Video Games,Easy,Multiple Choice,Gordon Freeman is said to have burnt and destroyed what food in the break room microwave?,Casserole,Sub Sandwich,Chicken Soup,Pepperoni Pizza
4981,Entertainment: Video Games,Easy,Multiple Choice,"In the first game of the Sly Cooper franchise, what family heirloom did Sly Cooper want to steal back?",Thievius Raccoonus,Raccoon Training 101,The Art of Sneak,Raccoonus Teachus
4982,Entertainment: Video Games,Medium,Multiple Choice,"What is not a playable race in ""Final Fantasy XIV: A Realm Reborn""?",Hume,Miqo'te,Lalafell,Roegadyn
4983,History,Medium,Multiple Choice,Which historical conflict killed the most people?,World War II,Taiping Rebellion,Three Kingdoms War,Mongol conquests
4984,Science: Gadgets,Medium,Multiple Choice,What are the base station trackers used for the HTC Vive called?,Lighthouse,Motion,Constellation ,Trackers
4985,Art,Medium,Multiple Choice,Which one of these colors are not featured in Mondrian's Broadway Boogie-Woogie?,Green,Blue,Yellow,Red
4986,Science & Nature,Hard,Multiple Choice,Folic acid is the synthetic form of which vitamin?,Vitamin B,Vitamin A,Vitamin C,Vitamin D
4987,Entertainment: Video Games,Hard,Multiple Choice,"Which artist composed the original soundtrack for ""Watch Dogs 2""?",Hudson Mohawke,Rustie,Machinedrum,Flying Lotus
4988,Entertainment: Books,Easy,Multiple Choice,Which of the following is the world's best-selling book?,The Lord of the Rings,The Little Prince,Harry Potter and the Philosopher's Stone,The Da Vinci Code
4989,Entertainment: Video Games,Easy,Multiple Choice,What is the title of song on the main menu in Halo?,Halo,Opening Suite,Shadows,Suite Autumn
4990,Entertainment: Video Games,Easy,Multiple Choice,"What is the name of ""Team Fortress 2"" update, in which it became Free-to-play?",Über Update,Pyromania Update,Mann-Conomy Update,Engineer Update
4991,Science: Mathematics,Hard,Multiple Choice,How many zeptometres are inside one femtometre?,"1,000,000",10,"1,000,000,000",1000
4992,Science: Mathematics,Hard,Multiple Choice,The decimal number 31 in hexadecimal would be what?,1F,3D,2E,1B
4993,History,Hard,Multiple Choice,Who was the first man to travel into outer space twice?,Gus Grissom,Vladimir Komarov,Charles Conrad,Yuri Gagarin
4994,Entertainment: Japanese Anime & Manga,Hard,Multiple Choice,"In the ""Dragon Ball"" franchise, what is the name of Goku's brother?",Raditz,Gohan,Vegeta,Bardock
4995,Celebrities,Medium,Multiple Choice,In which situation was musician John Lennon assassinated?,Attempting to enter the Dakota Apartments building,During an impromptu walk through Central Park,Signing an autograph outside the Record Plant studio,Waiting outside a music venue in Manhattan following a gig
4996,Sports,Medium,Multiple Choice,Who is regarded as the best Romanian footballer of all time?,Gheorghe Hagi,Cristian Chivu,Nicolae Dobrin,Gheorghe Popescu
4997,Entertainment: Japanese Anime & Manga,Medium,Multiple Choice,Which studio made Cowboy Bebop?,Sunrise,Bones,Madhouse,Pierriot
4998,General Knowledge,Easy,Multiple Choice,In which fast food chain can you order a Jamocha Shake?,Arby's,McDonald's,Burger King,Wendy's
4999,Entertainment: Video Games,Easy,Multiple Choice,What Nationality is D.Va from Overwatch?,Korean,Japanese,Chinese,Vietnamese 
5000,Entertainment: Video Games,Medium,True / False,"In career mode of ""Need for Speed: Underground 2"", the first car the player can drive is the BMW M3 GTR.",False,True,,
5001,Entertainment: Japanese Anime & Manga,Medium,Multiple Choice,"What is the name of the main character of the anime ""One-Punch Man""?",Saitama,Genos,Sonic,King
5002,Entertainment: Video Games,Medium,Multiple Choice,Which of these games was the earliest known first-person shooter with a known time of publication?,Spasim,Doom,Wolfenstein,Quake
5003,General Knowledge,Medium,Multiple Choice,Which is the most popular spoken language in the Southern Hemisphere?,Portuguese,English ,Spanish,French
5004,Science: Gadgets,Hard,True / False,During the  early parts of the Vietnam War the M16 had a record for having bad reliability,True,False,,
5005,General Knowledge,Medium,Multiple Choice,"In a 1994 CBS interview, Microsoft co-founder Bill Gates performed what unusual trick on camera?",Jumping over an office chair,Jumping backwards over a desk,Standing on his head,Typing on a keyboard during a handstand
5006,Entertainment: Board Games,Hard,Multiple Choice,What do you declare in Rīchi Mahjong when you've drawn your winning tile?,Tsumo,Ron,Rīchi,Kan
5007,Entertainment: Japanese Anime & Manga,Medium,Multiple Choice,"In Dragon Ball Z, who was the first character to go Super Saiyan 2?",Gohan,Goku,Vegeta,Trunks
5008,Entertainment: Music,Easy,Multiple Choice,"The ""British Invasion"" was a cultural phenomenon in music where British boy bands became popular in the USA in what decade?",60's,50's,40's,30's
5009,Entertainment: Film,Medium,Multiple Choice,"Who is the director of the 1991 film ""Silence of the Lambs""?",Jonathan Demme,Stanley Kubrick,Frank Darabont,Michael Bay
5010,Entertainment: Japanese Anime & Manga,Easy,Multiple Choice,What is the name of the stuffed lion in Bleach?,Kon,Jo,Urdiu,Chad
5011,General Knowledge,Easy,True / False,Is a dog a mammal?,True,False,,
5012,Entertainment: Video Games,Medium,Multiple Choice,"Which of these symbols can be seen on the shirt of the 1993 video game character, Bubsy T. Bobcat?",An exclamation point,A question mark,The letter B,Nothing
5013,Entertainment: Video Games,Easy,True / False,"""Half-Life 2"" runs on the Source Engine.",True,False,,
5014,Entertainment: Video Games,Medium,Multiple Choice,"What animal is featured in ""Bloons TD Battles""?",Monkeys,Alligators,Pigeons,Lizards
5015,Geography,Medium,Multiple Choice,Which is the world's longest river?,Nile,Missouri,Amazon,Yangtze
5016,Science & Nature,Medium,Multiple Choice,After which Danish city is the 72th element on the periodic table named?,Copenhagen,Odense,Herning,Skagen
5017,Sports,Easy,Multiple Choice,What national team won the first UEFA Nations League?,Portugal,Netherlands,England,Switzerland
5018,Entertainment: Video Games,Hard,Multiple Choice,"According to the lore of ""Starbound"", what does the ""Colony Deed"" do when it is placed down?",Sends out an advertisement for someone to move in.,Teleports somebody from somewhere on the planet it is placed.,Teleports a random person to the location.,Materializes a new being at it's location.
5019,General Knowledge,Easy,Multiple Choice,What is the full meaning of RAM?,Random Access Memory,Random Assist Memory,Rand Assist Mandate,Ram
5020,Entertainment: Television,Easy,Multiple Choice,"Which show is known for the songs ""You are a Pirate"", ""Cooking by the Book"" and ""We Are Number One""?",LazyTown,Sofia the First,DuckTales,Tom and Jerry
5021,Entertainment: Video Games,Easy,Multiple Choice,What was the original name of Crash Bandicoot?,Willie Wombat,Coco Bandicoot,Marvelous Mole,Wally Wombat
5022,Entertainment: Video Games,Hard,Multiple Choice,What programming language does the Source Engine use?,C++ ,Python,Java,Lua
5023,Entertainment: Music,Medium,Multiple Choice,"Which album by American rapper Kanye West contained songs such as ""Love Lockdown"", ""Paranoid"" and ""Heartless""?",808s & Heartbreak,Late Registration,The Life of Pablo,Graduation
5024,Politics,Medium,Multiple Choice,"What country saw a world record 315 million voters turn out for elections on May 20, 1991?",India,United States of America,Soviet Union,Poland
5025,Science: Computers,Medium,Multiple Choice,The teapot often seen in many 3D modeling applications is called what?,Utah Teapot,Pixar Teapot,3D Teapot,Tennessee Teapot
5026,Entertainment: Board Games,Hard,Multiple Choice,"Some of the ""Fallen Empires"" cards from ""Magic: The Gathering"" were misprinted on the backs of which other card game?",Wyvern,Pokemon,Dominion,Yu-Gi-Oh
5027,Entertainment: Video Games,Medium,Multiple Choice,"When was ""Garry's Mod"" released?","December 24, 2004","November 13, 2004","December 13, 2004","November 12, 2004"
5028,General Knowledge,Medium,Multiple Choice,Which month is Black History Month in the US?,February,May,November,August
5029,Entertainment: Music,Hard,Multiple Choice,"Who was not in the band ""The Smiths""?",Martin Chambers,Morrissey,Andy Rourke,Mike Joyce
5030,Entertainment: Video Games,Hard,Multiple Choice,Which game in the Dance Dance Revolution series introduced the Extra Stage?,DDR,DDR Solo 2000,DDRMAX,DDR EXTREME
5031,Science & Nature,Medium,Multiple Choice,Which of the following spacecraft never touched the moon?,Mariner 4,Apollo 11,Luna 2,SMART-1
5032,Entertainment: Cartoon & Animations,Easy,Multiple Choice,Who voices for Ruby in the animated series RWBY?,Lindsay Jones,Tara Strong,Jessica Nigri,Hayden Panettiere
5033,Entertainment: Video Games,Easy,Multiple Choice,What is the name of Team Fortress 2's Heavy Weapons Guy's minigun?,Sasha,Betty,Anna,Diana
5034,Entertainment: Video Games,Hard,Multiple Choice,When was Steam first released?,2003,2004,2011,2007
5035,General Knowledge,Medium,Multiple Choice,What is the highest number of Michelin stars a restaurant can receive?,Three,Four,Five,Six
5036,Politics,Easy,True / False,"In 2016, the United Kingdom voted to stay in the EU.",False,True,,
5037,Entertainment: Video Games,Hard,Multiple Choice,"Counting the Blood and Wine DLC, how many Hero Cards are there in total in The Witcher 3?",25,30,20,15
5038,General Knowledge,Medium,Multiple Choice,Whose greyscale face is on the kappa emoticon on Twitch?,Josh DeSeno,Justin DeSeno,John DeSeno,Jimmy DeSeno
5039,General Knowledge,Easy,Multiple Choice,What is the largest organ of the human body?,Skin,Heart,large Intestine,Liver
5040,Entertainment: Comics,Medium,Multiple Choice,What is the designation given to the Marvel Cinematic Universe?,Earth-199999,Earth-616,Earth-10005,Earth-2008
5041,General Knowledge,Easy,Multiple Choice,The Quran is the holy book of which Abrahamic religion?,Islam,Christianity,Judaism,Rastafarianism
5042,Entertainment: Video Games,Easy,Multiple Choice,Who in this list is one of the co-founders of Valve?,Gabe Newell,Robin Walker,Marc Laidlaw,Ray Ueno
5043,General Knowledge,Medium,Multiple Choice,"According to the BBPA, what is the most common pub name in the UK?",Red Lion,Royal Oak,White Hart,King's Head
5044,Science & Nature,Easy,Multiple Choice,Who is the chemical element Curium named after?,Marie & Pierre Curie,The Curiosity Rover,Curious George,Stephen Curry
5045,Entertainment: Music,Medium,Multiple Choice,In what year was Taylor Swift born?,1989,1988,1987,1990
5046,Entertainment: Film,Easy,Multiple Choice,What was the first James Bond film?,Dr. No,Goldfinger,From Russia With Love,Thunderball
5047,History,Easy,Multiple Choice,Which modern day country is the region that was known as Phrygia in ancient times?,Turkey,Syria,Greece,Egypt
5048,Science: Computers,Hard,Multiple Choice,"Released in 2001, the first edition of Apple's Mac OS X operating system (version 10.0) was given what animal code name?",Cheetah,Puma,Tiger,Leopard
5049,General Knowledge,Medium,Multiple Choice,In what year was McDonald's founded?,1955,1964,1951,1947
5050,Entertainment: Video Games,Medium,Multiple Choice,"In the Half-Life franchise, what is the real name of the ""gravity gun""?",Zero-Point Energy Field Manipulator,Universal Gravity Manipulation Device,Isaac Newton's Theory Disprover,Quantum Energy Displacement Modifier
5051,Entertainment: Video Games,Hard,Multiple Choice,"In ""Need for Speed III: Hot Pursuit"", what is the name of the fictional car?",El Niño,Rápido,Ágil,La Niña
5052,General Knowledge,Medium,Multiple Choice,Which of the General Mills Corporation's monster cereals was the last to be released in the 1970's?,Fruit Brute,Count Chocula,Franken Berry,Boo-Berry
5053,Entertainment: Video Games,Medium,Multiple Choice,"Which of the following Copy Abilities was only featured in ""Kirby & The Amazing Mirror""?",Mini,Magic,Smash,Missile
5054,General Knowledge,Easy,Multiple Choice,The buried remains of which English explorer of Australia were found in London  in January 2019? ,Matthew Flinders,William Bourke,Abel Tasman,Dirk Hartog
5055,Entertainment: Film,Easy,Multiple Choice,"This movie contains the quote, ""Houston, we have a problem.""",Apollo 13,The Right Stuff,Capricorn One,Marooned
5056,Entertainment: Japanese Anime & Manga,Medium,Multiple Choice,"What year did ""Bishoujo Senshi Sailor Moon"" air in Japan?",1992,1989,1990,1994
5057,Politics,Hard,True / False,Joko Widodo has appeared in the cover of a TIME magazine.,True,False,,
5058,Entertainment: Japanese Anime & Manga,Easy,Multiple Choice,The name of Junko Enoshima's imposter at the beginning of Danganronpa: Trigger Happy Havoc is?,Mukuro Ikusaba,Ryota Mitarai,Ultimate Imposter,Komaru Naegi
5059,Entertainment: Music,Easy,Multiple Choice,Who was the most streamed artist on Spotify in 2019?,Post Malone,Billie Eilish,Ariana Grande,Drake
5060,Entertainment: Comics,Medium,Multiple Choice,What is Homestuck character Gamzee's last name?,Makara,Makera,Makare,Makrea
5061,Sports,Easy,Multiple Choice,When was the FC Schalke 04 founded?,1904,1909,2008,1999
5062,General Knowledge,Medium,Multiple Choice,"What is the Portuguese word for ""Brazil""?",Brasil,Brazil,Brasilia,Brasíl
5063,Entertainment: Music,Medium,True / False,The country song  “A Boy Named Sue” was written by Shel Silverstein.,True,False,,
5064,Geography,Easy,Multiple Choice,Which of the following Arab countries does NOT have a flag containing only Pan-Arab colours?,Qatar,Kuwait,United Arab Emirates,Jordan
5065,Geography,Hard,Multiple Choice,What year is on the flag of the US state Wisconsin?,1848,1634,1783,1901
5066,Sports,Easy,True / False,"In Rugby League, performing a ""40-20"" is punished by a free kick for the opposing team.",False,True,,
5067,Entertainment: Video Games,Easy,True / False,Super Mario Bros. was the first video game ever created.,False,True,,
5068,Science: Computers,Hard,Multiple Choice,Which of these names was an actual codename for a cancelled Microsoft project?,Neptune,Enceladus,Pollux,Saturn
5069,Entertainment: Cartoon & Animations,Medium,Multiple Choice,"In the animated series RWBY, what is the name of the weapon used by Weiss Schnee?",Myrtenaster,Gambol Shroud,Crescent Rose,Ember Celica
5070,Animals,Medium,Multiple Choice,What color/colour is a polar bear's skin?,Black,White,Pink,Green
5071,Entertainment: Video Games,Medium,Multiple Choice,What is the canonical name of the Persona 4 protagonist?,Yu Narukami,Minato Arisato,Soji Seta,Nagito Komaeda
5072,Entertainment: Video Games,Hard,Multiple Choice,"What was the first game to utilize Valve's ""Source 2"" engine?",Dota 2,Counter-Strike: Global Offensive,"Pirates, Vikings & Knights II",Artifact
5073,Entertainment: Video Games,Easy,Multiple Choice,"In the video game Overwatch, which playable character is infamous for saying ""It's high noon.""?",McCree,Hanzo,Pharah,Soldier: 76
5074,Politics,Medium,Multiple Choice,Which of these is NOT one of Donald Trump's children?,Julius,Donald Jr.,Ivanka,Eric
5075,Geography,Medium,Multiple Choice,Which state of the United States is the smallest?,Rhode Island ,Maine,Vermont,Massachusetts
5076,Entertainment: Music,Easy,Multiple Choice,Ozzy Osbourne was the lead singer for what metal band?,Black Sabbath,AC/DC,Iron Maiden,Judas Priest
5077,Entertainment: Music,Medium,Multiple Choice,The 'In the Flesh' tour was used in support of what Pink Floyd album?,Animals,The Wall,Wish You Were Here,The Final Cut
5078,Politics,Medium,True / False,"The State of Queensland, Australia voted NO to a referendum for daylight savings in 1992.",True,False,,
5079,Celebrities,Medium,Multiple Choice,"Which TV chef wrote an autobiography titled ""Humble Pie""?",Gordon Ramsay,Jamie Oliver,Ainsley Harriott,Antony Worrall Thompson
5080,General Knowledge,Easy,Multiple Choice,Which of the following presidents is not on Mount Rushmore?,John F. Kennedy,Theodore Roosevelt,Abraham Lincoln,Thomas Jefferson
5081,Entertainment: Music,Easy,True / False,"The 2011 movie ""The Adventures of Tintin"" was directed by Steven Spielberg.",True,False,,
5082,Entertainment: Comics,Hard,Multiple Choice,What is the real hair colour of the mainstream comic book version (Earth-616) of Daredevil?,Blonde,Auburn,Brown,Black
5083,Entertainment: Video Games,Medium,Multiple Choice,"In ""Kingdom Hearts"", who abducts Jasmine in the Lamp Chamber?",Riku,Riku Replica,Xaldin,Captain Hook
5084,General Knowledge,Medium,True / False,The sum of all the numbers on a roulette wheel is 666.,True,False,,
5085,Entertainment: Video Games,Medium,Multiple Choice,What character is NOT apart of the Grand Theft Auto series?,Michael Cardenas,Packie McReary,Tommy Vercetti,Lester Crest
5086,General Knowledge,Easy,Multiple Choice,When was Pong released?,"November 29, 1972","March 29, 2017","November 29, 1970","December 14, 1974"
5087,Entertainment: Music,Hard,Multiple Choice,"Panic! At the Disco's sixth album ""Pray For The Wicked"" was released on which date?","June 22, 2018","May 9, 2018","March 13, 2018","February 21, 2018"
5088,Entertainment: Video Games,Easy,Multiple Choice,Which of these is NOT a Humongous Entertainment game franchise?,Commander Keen,Pajama Sam,Putt-Putt,Freddi Fish
5089,Entertainment: Books,Easy,True / False,The book 1984 was published in 1949.,True,False,,
5090,Entertainment: Video Games,Medium,Multiple Choice,"In the 1980s, a service called Gameline allowed users to download games to what console?",Atari 2600,Sega Genesis,Nintendo Entertainment System,ColecoVision
5091,Entertainment: Music,Easy,Multiple Choice,"Finish these lyrics from the 2016 song ""Panda"" by Desiigner: ""I got broads in _______"".",Atlanta,Savannah,Augusta,Marietta
5092,Entertainment: Video Games,Medium,Multiple Choice,"In Hitman: Blood Money, what is the name of the target in the mission ""Death of a Showman""?",Joseph Clarence,The Swing King,Maynard John,Manuel Delgado
5093,Entertainment: Musicals & Theatres,Hard,Multiple Choice,"Which Shakespeare play features the stage direction ""Enter a messenger, with two heads and a hand""?",Titus Andronicus,Othello,Macbeth,King Lear
5094,Sports,Easy,Multiple Choice,What was the final score of the Germany vs. Brazil 2014 FIFA World Cup match?,7 - 1,0 - 1,3 - 4,16 - 0
5095,History,Hard,Multiple Choice,In 1547 who became the 1st Tsar of Russia,Ivan the Terrible,Alexis of Russia,Mikhail Romanov,Peter the Great
5096,General Knowledge,Easy,Multiple Choice,Which of these is NOT considered to be a colour that makes up the rainbow?,Pink,Blue,Violet,Orange
5097,Entertainment: Video Games,Medium,Multiple Choice,"Who is the main character of the game series ""Ace Attorney"" ?",Phoenix Wright,Winston Payne,Dahlia Hawthorne ,Ash Ketchum
5098,Science & Nature,Hard,Multiple Choice,Which of these is a semiconductor amplifying device?,transistor,tube,diode,P-N junction
5099,Entertainment: Cartoon & Animations,Medium,Multiple Choice,"What was the number on Gerald's shirt in ""Hey Arnold!""?",33,88,38,83
5100,Entertainment: Television,Medium,Multiple Choice,"What episode of ""Mr. Bean"" saw him trying to prevent people from seeing him naked?",Mr. Bean in Room 426,Mr. Bean Goes to Town,The Trouble with Mr. Bean,Back to School Mr. Bean
5101,Entertainment: Television,Easy,Multiple Choice,What country is Cory in the House set in?,The United States of America,Canada,Venezuala,England
5102,History,Easy,Multiple Choice,Who was the first ruler of Haiti after the country had gained its independence?,Jean-Jacques Dessalines,Toussaint Louverture,Henri Christophe,Alexandre Petion
5103,Geography,Hard,Multiple Choice,What is Canada's largest island?,Baffin Island,Prince Edward Island,Vancouver Island,Newfoundland
5104,Entertainment: Video Games,Easy,Multiple Choice,"In Spyro the Dragon, what is Spyro's dragonfly friend called?",Sparx,Sam,Sparky,Spinkles
5105,Entertainment: Music,Easy,True / False,"Korean girl group, TWICE, consists of 9 members",True,False,,
5106,Geography,Easy,True / False,South Africa has more than one capital city,True,False,,
5107,Sports,Easy,Multiple Choice,Which year did Jenson Button won his first ever Formula One World Drivers' Championship?,2009,2010,2007,2006
5108,Entertainment: Japanese Anime & Manga,Medium,Multiple Choice,"In ""Love Live: School Idol Project"" what pseudonym does Kotori Minami use in her job as a maid?",Minalinsky,Stanoytchev,Kuznetsov,Aqours
5109,General Knowledge,Easy,Multiple Choice,"According to the nursery rhyme, what fruit did Little Jack Horner pull out of his Christmas pie?",Plum,Apple,Peach,Pear
5110,Entertainment: Film,Easy,Multiple Choice,Who plays the character of Po in the Kung Fu Panda movies?,Jack Black,Mirana Jonnes,McConahey Ramses,Jim Petersson
5111,Science: Computers,Medium,Multiple Choice,Moore's law originally stated that the number of transistors on a microprocessor chip would double every...,Year,Four Years,Two Years,Eight Years
5112,Geography,Easy,Multiple Choice,Greenland is a part of which kingdom?,Denmark,Sweden,Norway,United Kingdom
5113,General Knowledge,Hard,Multiple Choice,What is the airspeed velocity of an unladen swallow?,24 MPH,15 MPH,20 MPH,200 MPH
5114,Science: Computers,Hard,Multiple Choice,Which of the following is the oldest of these computers by release date?,TRS-80,Commodore 64,ZX Spectrum,Apple 3
5115,Geography,Easy,Multiple Choice,What is the capital of the American state of Arizona?,Phoenix,Montgomery,Tallahassee,Raleigh
5116,Entertainment: Film,Easy,True / False,Actor Tommy Chong served prison time.,True,False,,
5117,General Knowledge,Easy,Multiple Choice,What do sailors call the front of a boat?,Bow,Stern,Port,Starboard
5118,General Knowledge,Medium,Multiple Choice,Death Valley's Badwater Basin is North America's point of lowest elevation at how many feet below sea level?,282 feet,79 feet,"1,640 feet","12,092 feet"
5119,Entertainment: Japanese Anime & Manga,Medium,Multiple Choice,What year did the popular Vocaloid: Hatsune Miku come out?,2007,2000,2008,2010
5120,Entertainment: Board Games,Hard,Multiple Choice,"What was the development code name for the ""Weatherlight"" expansion for ""Magic: The Gathering"", released in 1997?",Mocha Latte,Decaf,Frappuccino,Macchiato
5121,Science: Computers,Hard,Multiple Choice,What vulnerability ranked #1 on the OWASP Top 10 in 2013?,Injection ,Broken Authentication,Cross-Site Scripting,Insecure Direct Object References
5122,Animals,Hard,Multiple Choice,How many known living species of hyenas are there?,4,8,2,6
5123,Science & Nature,Easy,Multiple Choice,What is the standard SI unit for time?,Second,Minute,Hour,Day
5124,Vehicles,Hard,Multiple Choice,What engine is in the Lexus SC400?,1UZ-FE,2JZ-GTE,7M-GTE,5M-GE
5125,Entertainment: Video Games,Easy,Multiple Choice,"In what year was the game ""Fallout"" released?",1997,1998,1999,1996
5126,Science: Computers,Hard,Multiple Choice,What is the maximum value of a 32-bit signed binary integer?,"2,147,483,647",255,2048,"9,223,372,036,854,775,807"
5127,Sports,Medium,Multiple Choice,How many French Open's did Björn Borg win?,6,4,9,2
5128,General Knowledge,Easy,Multiple Choice,What is the largest living species of penguin?,Emperor,King,Gentoo,Adele
5129,Science: Gadgets,Medium,Multiple Choice,Which company manufactured the iconic TR-808 drum machine?,Roland,Technics,Korg,Casio
5130,Entertainment: Video Games,Hard,True / False,Danganronpa 2: Goodbye Despair featured all of the surviving students from the first game.,False,True,,
5131,Entertainment: Video Games,Easy,True / False,"In Until Dawn, both characters Sam and Mike cannot be killed under any means until the final chapter of the game.",True,False,,
5132,Entertainment: Video Games,Medium,Multiple Choice,"What is the name of the common, gun-toting enemies of the ""Oddworld"" video game series?",Sligs,Scrabs,Slogs,Glukkons
5133,Entertainment: Video Games,Hard,Multiple Choice,"In Xenoblade Chronicles X, which class has a sniper rifle as it's primary weapon?",Partisan Eagle,Blast Fencer,Winged Viper,Bastion Warrior
5134,Geography,Medium,Multiple Choice,In which country is located the municipality of Arteijo?,Spain,Morocco,France,Belgium
5135,Entertainment: Music,Medium,Multiple Choice,How many semitones are in an octave?,12,7,11,14
5136,Celebrities,Hard,Multiple Choice,Who was Donald Trump's first wife?,Ivana Zelníčková,Melania Knauss,Marla Maples,Nancy Davis
5137,Entertainment: Television,Easy,Multiple Choice,Who is the star of the AMC series Breaking Bad?,Walter White,Saul Goodman,Jesse Pinkman,Skyler White
5138,Entertainment: Board Games,Medium,Multiple Choice,"In Chess, the Queen has the combined movement of which two pieces?",Bishop and Rook,Rook and King,Knight and Bishop,King and Knight
5139,Entertainment: Video Games,Medium,Multiple Choice,"What is the name of the virus in ""Metal Gear Solid 1""?",FOXDIE,FOXENGINE,FOXALIVE,FOXKILL
5140,Entertainment: Video Games,Easy,Multiple Choice,Who was the voice actor for Snake in Metal Gear Solid V: The Phantom Pain?,Kiefer Sutherland,David Hayter,Norman Reedus,Hideo Kojima
5141,Politics,Medium,Multiple Choice,Which city is the seat of government of the Netherlands?,The Hague,Amsterdam,Utrecht,Rotterdam
5142,Entertainment: Television,Easy,Multiple Choice,"In the show, Doctor Who, what does T.A.R.D.I.S stand for?",Time And Relative Dimensions In Space,Time And Resting Dimensions In Space,Time And Relative Dimensions In Style,Toilet Aid Rope Dog Is Soup
5143,Science & Nature,Hard,Multiple Choice,The Western Lowland Gorilla is scientifically know as?,Gorilla Gorilla Gorilla,Gorilla Gorilla Diehli,Gorilla Beringei Graueri,Gorilla Beringei Beringei
5144,Entertainment: Video Games,Hard,Multiple Choice,"In ""Magicka"", which two elements are combined to cast the spell, ""Nullify""?",Arcane + Shield,Lightning + Shield,Lightning + Life,Arcane + Life
5145,Entertainment: Video Games,Hard,Multiple Choice,"In ""Call Of Duty: Zombies"", which weapon does NOT deal any damage?",31-79 JGb215,Sliquifier,V-R11,Wunderwaffe DG-2
5146,Entertainment: Video Games,Hard,Multiple Choice,The creeper in Minecraft was the result of a bug while implementing which creature?,Pig,Zombie,Chicken,Cow
5147,General Knowledge,Medium,Multiple Choice,"Who is the founder of ""The Lego Group""?",Ole Kirk Christiansen, Jens Niels Christiansen,Kirstine Christiansen, Gerhardt Kirk Christiansen
5148,Mythology,Easy,True / False,"In the Greek Mythology, the Gorgon can turn those who behold her to stone.",True,False,,
5149,Entertainment: Video Games,Medium,Multiple Choice,Who is the half-demon character in Divinity: Original Sin 2 who you talk to to transition between acts?,Malady,Meister Siva,Gawin,Exter
5150,History,Easy,Multiple Choice,How long did World War II last?,6 years,4 years,5 years,7 years
5151,Animals,Hard,Multiple Choice,Chronic Wasting Disease (CWD) exclusively infects members of which family of animals?,Cervids,Hominids,Felids,Canids
5152,Entertainment: Video Games,Medium,Multiple Choice,What was the first interactive movie video game?,Astron Belt,Dragon's Lair,Cube Quest,M.A.C.H. 3
5153,Entertainment: Music,Easy,Multiple Choice,"What was the subject of the 2014 song ""CoCo"" by American rapper O. T. Genasis?",Cocaine,Conan O'Brien,Cobalt(II) carbonate,Coconut cream pie
5154,Geography,Hard,Multiple Choice,The Suez Canal is located in which African country?,Egypt,Libya,Ghana,Nigeria
5155,Science: Computers,Hard,Multiple Choice,"According to DeMorgan's Theorem, the Boolean expression (AB)' is equivalent to:",A' + B',A'B + B'A,A'B',AB' + AB
5156,Animals,Hard,Multiple Choice,"Unlike on most salamanders, this part of a newt is flat?",Tail,Head,Teeth,Feet
5157,Entertainment: Video Games,Medium,Multiple Choice,Which of these is NOT the name of a team leader in Pokémon GO?,Leif,Blanche,Spark,Candela
5158,Entertainment: Television,Hard,Multiple Choice,"In ""Star Trek"", what sauce is commonly used by Klingons on bregit lung?",Grapok sauce,Gazorpazorp pudding,Sweet chili sauce,Grapork sauce
5159,Science: Mathematics,Medium,Multiple Choice,What Greek letter is used to signify summation?,Sigma,Delta,Alpha,Omega
5160,Entertainment: Music,Medium,Multiple Choice,What is the name of the 2016 studio album by the French electronic music duo Justice?,Woman,Randy,Safe and Sound,Pleasure
5161,Entertainment: Books,Medium,Multiple Choice,Which of the following is not a work authored by Fyodor Dostoevsky?,Anna Karenina,Notes from the Underground,Crime and Punishment,The Brothers Karamazov
5162,Science & Nature,Medium,Multiple Choice,What stage of development do the majority of eukaryotic cells remain in for most of their life?,Interphase,Prophase,Stasis,Telophase
5163,Science & Nature,Medium,Multiple Choice,"What polymer is used to make CDs, safety goggles and riot shields?",Polycarbonate,Rubber,Nylon,Bakelite
5164,Entertainment: Film,Medium,Multiple Choice,"In Back to the Future Part II, Marty and Dr. Emmett Brown go to which future date?","October 21, 2015","August 28, 2015","July 20, 2015","January 25, 2015"
5165,Entertainment: Video Games,Medium,Multiple Choice,What is the original name of Final Fantasy XV?,Final Fantasy Versus XIII,Final Fantasy: Reborn,Final Fantasy XVI,Final Fantasy XIII-3
5166,Science: Mathematics,Hard,True / False,L'Hôpital was the mathematician who created the homonymous rule that uses derivatives to evaluate limits with indeterminations.,False,True,,
5167,Sports,Hard,Multiple Choice,Who scored the injury time winning goal in the 1999 UEFA Champions League final between Manchester United and Bayern Munich?,Ole Gunnar Solskjær,Dwight Yorke,Andy Cole,David Beckham
5168,History,Medium,Multiple Choice,When did Norway get its constitution?,1814,1932,1905,1854
5169,Entertainment: Comics,Medium,Multiple Choice,"In Black Hammer, what dimension does Colonel Weird travel through?",Para-Zone,Hyperspace,Mirror Universe,Phantom Zone
5170,Entertainment: Video Games,Medium,Multiple Choice,"What is the name of the currency in the ""Animal Crossing"" series?",Bells,Sea Shells,Leaves,Bugs
5171,Vehicles,Hard,Multiple Choice,What model was the sports car gifted to Yuri Gagarin by the French government in 1965?,Matra Djet,Porsche 911,Alpine A110,AC Cobra
5172,Entertainment: Cartoon & Animations,Medium,Multiple Choice,What is Scooby-Doo's real name?,Scoobert,Scooter,Scrappy,Shooby
5173,Entertainment: Music,Medium,Multiple Choice,Who sung the opening theme song to the 1995 James Bond film 'Goldeneye'?,Tina Turner,Shirley Bassey,Sheryl Crow,Madonna
5174,Animals,Hard,Multiple Choice,"To which biological phylum do all mammals, birds and reptiles belong?",Chordata,Echinodermata,Annelida,Placazoa
5175,Entertainment: Japanese Anime & Manga,Hard,Multiple Choice,"In ""One Piece"", what does ""the Pirate King"" mean to the captain of the Straw Hat Pirates?",Freedom,Promise,Adventure,Friendship
5176,History,Hard,Multiple Choice,Which of these theoretical phycisists first predicted the existence of antimatter?,Paul Dirac,Niels Bohr,Albert Einstein,Werner Heisenberg
5177,General Knowledge,Medium,Multiple Choice,"The phrase ""accident waiting to happen"" is an example of what type of figure of speech?",Idiom,Simile,Metaphor,Analogy
5178,Entertainment: Video Games,Hard,True / False,"In the game Nuclear Throne, the boss ""Big Dog"" was made into a character on April Fool's Day 2015.",True,False,,
5179,Entertainment: Video Games,Medium,Multiple Choice,"In the game Tom Clancy's Rainbow 6 Siege, what organization is Valkyrie from?",Navy Seals,S.A.S,G.I.G.N,F.B.I
5180,Entertainment: Music,Medium,Multiple Choice,"Which singer was featured in Swedish producer Avicii's song ""Wake Me Up""?",Aloe Blacc,John Legend,CeeLo Green,Pharrell Williams
5181,Entertainment: Film,Medium,Multiple Choice,"In the film ""Requiem for a Dream"", what drug does Jared Leto's character get addicted to?",Heroin,Cocaine,Marijuana,Oxycodone
5182,Entertainment: Video Games,Easy,Multiple Choice,Which of these is NOT a playable character in the 2016 video game Overwatch?,Invoker,Mercy,Winston,Zenyatta
5183,Entertainment: Video Games,Medium,Multiple Choice,"In Terraria, what does the Wall of Flesh not drop upon defeat?",Picksaw,Pwnhammer,Breaker Blade,Laser Rifle
5184,Animals,Easy,True / False,Elephants are physically unable to jump.,True,False,,
5185,Sports,Medium,Multiple Choice,Who was the British professional wrestler Shirley Crabtree better known as?,Big Daddy,Giant Haystacks,Kendo Nagasaki,Masambula
5186,Entertainment: Music,Medium,Multiple Choice,"Which band had hits in 1972 with the songs ""Baby I'm A Want You"", ""Everything I Own"" and ""The Guitar Man""",Bread,America,Chicago,Smokie
5187,Entertainment: Video Games,Medium,Multiple Choice,"During the game's development, what was the first ever created Pokémon?",Rhyhorn,Bulbasaur,Mew,Arceus
5188,General Knowledge,Easy,Multiple Choice,What is the name of the Jewish New Year?,Rosh Hashanah,Elul,New Year,Succoss
5189,Geography,Easy,Multiple Choice,"Which European city is known as the ""City of Light""?",Paris,Rome,London,Madrid
5190,Geography,Hard,Multiple Choice,Into which basin does the Jordan River flow into?,Dead Sea,Aral Sea,Caspian Sea,Salton Sea
5191,Entertainment: Comics,Medium,Multiple Choice,"What is the name of the comic about a young boy, and a tiger who is actually a stuffed animal?",Calvin and Hobbes,Winnie the Pooh,Albert and Pogo,Peanuts
5192,Entertainment: Music,Easy,Multiple Choice,Who is the lead singer of Pearl Jam?,Eddie Vedder,Ozzy Osbourne,Stone Gossard,Kurt Cobain
5193,Entertainment: Video Games,Medium,True / False,Mortal Kombat was almost based on Jean-Claude Van Damme movie.,True,False,,
5194,Entertainment: Video Games,Easy,Multiple Choice,"Which of these is not a wonder weapon in ""Call Of Duty: Zombies""?",R115 Resonator,GKZ-45 Mk3,Ray Gun,Scavenger
5195,Entertainment: Music,Easy,Multiple Choice,Which of these songs by Skrillex features Fatman Scoop as a side artist?,Recess,All is Fair in Love and Brostep,Rock N Roll (Will Take You to the Mountain),Scary Monsters and Nice Sprites
5196,Entertainment: Music,Medium,Multiple Choice,What was Britney Spears' debut single?,...Baby One More Time,Oops!... I Did It Again,(You Drive Me) Crazy,Toxic
5197,Entertainment: Video Games,Easy,Multiple Choice,What does Solid Snake use to hide himself with?,Cardboard Box,Cloaking Device,Metal Crate,Cardboard cut-out
5198,Entertainment: Video Games,Medium,Multiple Choice,"In Call of Duty: Modern Warfare 2, how many consecutive kills does it require to earn the ""Tactical Nuke"" killstreak?",25,20,30,35
5199,Entertainment: Video Games,Medium,Multiple Choice,"In PROTOTYPE 2, which of the following abilities/weapons is NOT obtained by an Evolved?",Tendrils,Blade,Bio-Bomb,Pack Leader
5200,History,Medium,Multiple Choice,Which of the following countries was the first to send an object into space?,Germany,USA,Russia,China
5201,Entertainment: Books,Hard,Multiple Choice,Abel Magwitch is a character from which Charles Dickens novel?,Great Expectations,The Pickwick Papers,Nicholas Nickleby,Oliver Twist
5202,Entertainment: Video Games,Medium,Multiple Choice,"How many zombies need to be killed to get the ""Zombie Genocider"" achievement in Dead Rising (2006)?","53,594","53,593","53,595","53,596"
5203,Entertainment: Music,Medium,Multiple Choice,"Which city is the American singer ""Pitbull"" from?",Miami,Kodiak,St. Louis,Boston
5204,Entertainment: Video Games,Hard,Multiple Choice,"Which game in the ""Dark Souls"" series does the player play as the ""Ashen One""?",Dark Souls III,Dark Souls I,Bloodborne,Demon Souls
5205,Entertainment: Music,Easy,Multiple Choice,Who wrote the Sinead O`Connor hit 'Nothing Compares 2 U'?,Prince,Michael Jackson,Cameo,Rick James
5206,Entertainment: Film,Easy,True / False,Ewan McGregor did not know the name of the second prequel film of Star Wars during and after filming.,True,False,,
5207,Entertainment: Video Games,Medium,Multiple Choice,"In Dota 2, what is Earthshaker's real name?",Raigor Stonehoof,Banehallow Ambry,Carl,Barathrum
5208,Science & Nature,Hard,True / False,The value of one Calorie is different than the value of one calorie.,True,False,,
5209,Geography,Medium,Multiple Choice,The following Spanish provinces are located in the northern area of Spain except:,Murcia,Asturias,Navarre,León
5210,Science: Mathematics,Hard,Multiple Choice,Integration is the reverse of what mathematical operation?,Derivation,Division,Standard Deviation,Multiplication
5211,Entertainment: Music,Easy,Multiple Choice,"Who released the song ""Photograph"" in 2005?",Nickelback,Fall Out Boy,Coldplay,Green Day
5212,Entertainment: Video Games,Medium,Multiple Choice,"In ""PAYDAY 2"", what weapon has the highest base weapon damage on a per-shot basis?",HRL-7,Heavy Crossbow,Thanatos .50 cal,Broomstick Pistol
5213,Entertainment: Music,Medium,True / False,Soulja Boy's 'Crank That' won a Grammy for Best Rap Song in 2007.,False,True,,
5214,General Knowledge,Easy,Multiple Choice,"In blood typing, the (+) and (-) marker after an A, B, AB, or O is called Rh factor. Which of the following is the source of its discovery?",Rhesus Monkeys,Rheumatism Patients,Red-Haired People,Rhizomes
5215,Entertainment: Video Games,Medium,Multiple Choice,"Who was the mascot of SEGA before ""Sonic the Hedgehog""?",Alex Kidd,Opa Opa,NiGHTS,Ristar
5216,Entertainment: Film,Medium,True / False,"The movie ""Tron"" received an Oscar nomination for Best Visual Effects.",False,True,,
5217,Science: Computers,Hard,Multiple Choice,America Online (AOL) started out as which of these online service providers?,Quantum Link,CompuServe,Prodigy,GEnie
5218,Science: Computers,Medium,Multiple Choice,Laserjet and inkjet printers are both examples of what type of printer?,Non-impact printer,Impact printer,Daisywheel printer,Dot matrix printer
5219,Entertainment: Books,Easy,Multiple Choice,"This play is generally considered to be the most adaptable of Shakespeare’s works, and follows two “star-crossed lovers”.",Romeo and Juliet,Hamlet,The Tempest,King Lear
5220,Science: Computers,Medium,Multiple Choice,Which of these programming languages is a low-level language?,Assembly,Python,C#,Pascal
5221,Entertainment: Music,Easy,Multiple Choice,What genre of music did the band Type O Negative play?,Gothic Metal,Thrash Metal,Hard Rock ,Pop Rock
5222,Celebrities,Medium,Multiple Choice,"In what year did ""Bob Ross"" die?",1995,1986,1989,1997
5223,Entertainment: Television,Hard,Multiple Choice,"In 2008, British celebrity chef Gordon Ramsay believes he almost died after suffering what accident in Iceland while filming?","Slipping off a cliff, and nearly drowning in icy water",Crash landing when arriving at Keflavík airport,A minor car accident in a snowstorm,Being served under-cooked chicken at his hotel
5224,Entertainment: Video Games,Easy,Multiple Choice,In which year did the orignal Sims game release?,2000,2001,1999,1998
5225,General Knowledge,Easy,Multiple Choice,"Where is the train station ""Llanfair­pwllgwyngyll­gogery­chwyrn­drobwll­llan­tysilio­gogo­goch""?",Wales,Moldova,Czech Republic,Denmark
5226,Entertainment: Film,Easy,Multiple Choice,"At the end of the 2001 film ""Rat Race"", whose concert do the contestants crash?",Smash Mouth,Bowling for Soup,Sum 41,Linkin Park
5227,Entertainment: Film,Easy,Multiple Choice,The 2016 Disney animated film 'Moana' is based on which culture?,Polynesian,Native American,Japanese,Nordic
5228,Entertainment: Video Games,Medium,Multiple Choice,Final Fantasy VI was originally released outside Japan under what name?,Final Fantasy III,Final Fantasy VI,Final Fantasy V,Final Fantasy II
5229,Entertainment: Video Games,Easy,Multiple Choice,"In Undertale, what's the prize for answering correctly?",More questions,New car,Mercy,Money
5230,Entertainment: Music,Medium,Multiple Choice,What was Radiohead's first album?,Pablo Honey,The Bends,Kid A,A Moon Shaped Pool
5231,Science: Computers,Easy,Multiple Choice,"What does the ""MP"" stand for in MP3?",Moving Picture,Music Player,Multi Pass,Micro Point
5232,Entertainment: Music,Hard,Multiple Choice,What was the name of the hip hop group Kanye West was a member of in the late 90s?,The Go-Getters,The Jumpers,The Kickstarters,The Beat-Busters
5233,Vehicles,Hard,Multiple Choice,Which of these is NOT a car model produced by Malaysian car manufacturer Proton?,Kelisa,Saga,Perdana,Inspira
5234,Entertainment: Video Games,Medium,Multiple Choice,"What happened to Half-Life 2 prior to its release, which resulted in Valve starting over the development of the game?",The source code got leaked,They weren't satisfied with the result,The story was not good enough,Way too many bugs to be fixed
5235,Entertainment: Video Games,Hard,Multiple Choice,"""Exile"" and ""Revelations"" were the third and fourth installments of which PC game series?",Myst,Shivers,Doom,Tropico
5236,Entertainment: Video Games,Medium,Multiple Choice,"Which ""Perk-A-Cola"" in ""Call Of Duty: Zombies"" was ""reworked"" in ""Call of Duty: Black Ops II""?",Double Tap Root Beer,Who's Who,Juggernog,Mule Kick
5237,Science: Mathematics,Medium,Multiple Choice,How many books are in Euclid's Elements of Geometry?,13,8,10,17
5238,Vehicles,Easy,Multiple Choice,What are the cylinder-like parts that pump up and down within the engine?,Pistons,Leaf Springs,Radiators,ABS
5239,Science & Nature,Medium,Multiple Choice,What is Hypernatremia?,Increase in blood sodium,Decrease in blood potassium,Increase in blood glucose,Decrease in blood iron
5240,Entertainment: Comics,Hard,Multiple Choice,"In the ""Archie"" comics, who was Jughead's first girlfriend?",Joani,Ethel,Debbi,Margret
5241,General Knowledge,Medium,True / False,The average woman is 5 inches / 13 centimeters shorter than the average man.,True,False,,
5242,Entertainment: Video Games,Medium,True / False,"In ""Mother 3,"" the bird on the Ultimate Chimera's head is there only for decoration.",False,True,,
5243,Science & Nature,Medium,Multiple Choice,Approximately how long is a year on Uranus?,84 Earth years,47 Earth years,62 Earth years,109 Earth years
5244,Art,Easy,Multiple Choice, What color is produced by mixing black and white?,Grey,Black,Brown,White
5245,Science & Nature,Medium,Multiple Choice,"Which planet did the ""Viking 1"" spacecraft send surface images of, starting in 1976?",Mars,Saturn,Jupiter,Venus
5246,Entertainment: Cartoon & Animations,Hard,Multiple Choice,Which of these cartoon girlfriends of popular characters first appeared before their boyfriends?,Olive Oyl,Minnie Mouse,Lola Bunny,Daisy Duck
5247,Entertainment: Music,Hard,Multiple Choice,When did the rapper Eazy-E die?,"March 26, 1995","July 11, 1992","February 14, 1993","October 21, 1994"
5248,Entertainment: Comics,Hard,Multiple Choice,"In the Batman comics, by what other name is the villain Dr. Jonathan Crane known?",Scarecrow,Bane,Calendar Man,Clayface